{"credit":"Made with Blockbench by Valdr687","ambientocclusion":false,"textures":{"2":"block/podzol_top","particle":"block/flower_pot","flowerpot":"block/flower_pot","plant":"block/allium"},"elements":[{"from":[-0.4,6.6,5],"to":[-0.4,11.6,6],"rotation":{"angle":-45,"axis":"z","origin":[6,0,3]},"faces":{"east":{"uv":[5,4,10,5],"rotation":270,"texture":"#plant"},"west":{"uv":[5,4,10,5],"rotation":90,"texture":"#plant"}}},{"from":[15.2,3.8,5],"to":[15.2,8.8,6],"rotation":{"angle":45,"axis":"z","origin":[6,0,3]},"faces":{"east":{"uv":[5,4,10,5],"rotation":270,"texture":"#plant"},"west":{"uv":[5,4,10,5],"rotation":90,"texture":"#plant"}}},{"from":[-0.4,6.6,10],"to":[-0.4,11.6,11],"rotation":{"angle":-45,"axis":"z","origin":[6,0,8]},"faces":{"east":{"uv":[5,4,10,5],"rotation":270,"texture":"#plant"},"west":{"uv":[5,4,10,5],"rotation":90,"texture":"#plant"}}},{"from":[15.2,3.8,10],"to":[15.2,8.8,11],"rotation":{"angle":45,"axis":"z","origin":[6,0,8]},"faces":{"east":{"uv":[5,4,10,5],"rotation":270,"texture":"#plant"},"west":{"uv":[5,4,10,5],"rotation":90,"texture":"#plant"}}},{"from":[4.3,8,7.9],"to":[9.3,9,7.9],"rotation":{"angle":45,"axis":"y","origin":[7.5,13.5,6.5]},"faces":{"north":{"uv":[5,3,10,4],"texture":"#plant"},"south":{"uv":[5,3,10,4],"texture":"#plant"}}},{"from":[6.8,8,5.4],"to":[6.8,9,10.4],"rotation":{"angle":45,"axis":"y","origin":[7.5,13.5,6.5]},"faces":{"east":{"uv":[5,3,10,4],"texture":"#plant"},"west":{"uv":[5,3,10,4],"texture":"#plant"}}},{"from":[6.8,13,5.4],"to":[6.8,14,10.4],"rotation":{"angle":45,"axis":"y","origin":[7.5,13.5,6.5]},"faces":{"east":{"uv":[5,3,10,4],"texture":"#plant"},"west":{"uv":[5,3,10,4],"texture":"#plant"}}},{"from":[4.3,13,7.9],"to":[9.3,14,7.9],"rotation":{"angle":45,"axis":"y","origin":[7.5,13.5,6.5]},"faces":{"north":{"uv":[5,3,10,4],"texture":"#plant"},"south":{"uv":[5,3,10,4],"texture":"#plant"}}},{"from":[6,9,6],"to":[10,13,10],"faces":{"north":{"uv":[6,3,10,7],"texture":"#plant"},"east":{"uv":[6,3,10,7],"texture":"#plant"},"south":{"uv":[6,3,10,7],"texture":"#plant"},"west":{"uv":[6,3,10,7],"texture":"#plant"},"up":{"uv":[6,3,10,7],"texture":"#plant"},"down":{"uv":[6,3,10,7],"texture":"#plant"}}},{"from":[7.5,1,7.5],"to":[8.5,9,8.5],"faces":{"north":{"uv":[7,8,8,16],"texture":"#plant"},"east":{"uv":[7,8,8,16],"texture":"#plant"},"south":{"uv":[7,8,8,16],"texture":"#plant"},"west":{"uv":[7,8,8,16],"texture":"#plant"},"up":{"uv":[7,8,8,9],"texture":"#plant"},"down":{"uv":[7,15,8,16],"texture":"#plant"}}},{"from":[6,0,6],"to":[10,4,10],"faces":{"north":{"uv":[0,0,0,0],"texture":"#2"},"east":{"uv":[0,0,0,0],"texture":"#2"},"south":{"uv":[0,0,0,0],"texture":"#2"},"west":{"uv":[0,0,0,0],"texture":"#2"},"up":{"uv":[6,6,10,10],"texture":"#2"},"down":{"uv":[6,12,10,16],"texture":"#flowerpot","cullface":"down"}}},{"from":[6,0,10],"to":[10,6,11],"faces":{"north":{"uv":[6,10,10,16],"texture":"#flowerpot"},"south":{"uv":[6,10,10,16],"texture":"#flowerpot"},"up":{"uv":[6,10,10,11],"texture":"#flowerpot"},"down":{"uv":[6,5,10,6],"texture":"#flowerpot","cullface":"down"}}},{"from":[6,0,5],"to":[10,6,6],"faces":{"north":{"uv":[6,10,10,16],"texture":"#flowerpot"},"south":{"uv":[6,10,10,16],"texture":"#flowerpot"},"up":{"uv":[6,5,10,6],"texture":"#flowerpot"},"down":{"uv":[6,10,10,11],"texture":"#flowerpot","cullface":"down"}}},{"from":[10,0,5],"to":[11,6,11],"faces":{"north":{"uv":[5,10,6,16],"texture":"#flowerpot"},"east":{"uv":[5,10,11,16],"texture":"#flowerpot"},"south":{"uv":[10,10,11,16],"texture":"#flowerpot"},"west":{"uv":[5,10,11,16],"texture":"#flowerpot"},"up":{"uv":[10,5,11,11],"texture":"#flowerpot"},"down":{"uv":[10,5,11,11],"texture":"#flowerpot","cullface":"down"}}},{"from":[5,0,5],"to":[6,6,11],"faces":{"north":{"uv":[10,10,11,16],"texture":"#flowerpot"},"east":{"uv":[5,10,11,16],"texture":"#flowerpot"},"south":{"uv":[5,10,6,16],"texture":"#flowerpot"},"west":{"uv":[5,10,11,16],"texture":"#flowerpot"},"up":{"uv":[5,5,6,11],"texture":"#flowerpot"},"down":{"uv":[5,5,6,11],"texture":"#flowerpot","cullface":"down"}}},{"from":[10,-0.4,13.4],"to":[11,4.6,13.4],"rotation":{"angle":-45,"axis":"x","origin":[0,0,0]},"faces":{"north":{"uv":[6,3,7,8],"texture":"#plant"},"south":{"uv":[6,3,7,8],"texture":"#plant"}}},{"from":[10,10.8,-2.2],"to":[11,15.8,-2.2],"rotation":{"angle":45,"axis":"x","origin":[0,0,0]},"faces":{"north":{"uv":[6,3,7,8],"texture":"#plant"},"south":{"uv":[6,3,7,8],"texture":"#plant"}}},{"from":[5.1,10.8,-2.2],"to":[6.1,15.8,-2.2],"rotation":{"angle":45,"axis":"x","origin":[-5,0,0]},"faces":{"north":{"uv":[6,3,7,8],"texture":"#plant"},"south":{"uv":[6,3,7,8],"texture":"#plant"}}},{"from":[5.1,-0.4,13.4],"to":[6.1,4.6,13.4],"rotation":{"angle":-45,"axis":"x","origin":[-5,0,0]},"faces":{"north":{"uv":[6,3,7,8],"texture":"#plant"},"south":{"uv":[6,3,7,8],"texture":"#plant"}}},{"from":[6,13,5.8],"to":[10,14,5.8],"rotation":{"angle":-22.5,"axis":"x","origin":[8,13.5,6]},"faces":{"north":{"uv":[5,6,9,7],"texture":"#plant"},"south":{"uv":[5,6,9,7],"texture":"#plant"}}},{"from":[6,8.4,7.7],"to":[10,9.4,7.7],"rotation":{"angle":22.5,"axis":"x","origin":[8,13.5,6]},"faces":{"north":{"uv":[5,6,9,7],"texture":"#plant"},"south":{"uv":[5,6,9,7],"texture":"#plant"}}},{"from":[6,13,10.2],"to":[10,14,10.2],"rotation":{"angle":22.5,"axis":"x","origin":[8,13.5,10]},"faces":{"north":{"uv":[5,6,9,7],"texture":"#plant"},"south":{"uv":[5,6,9,7],"texture":"#plant"}}},{"from":[10.05,13.75,6],"to":[10.05,14.75,10],"rotation":{"angle":-22.5,"axis":"z","origin":[8,13.5,10]},"faces":{"east":{"uv":[5,6,9,7],"texture":"#plant"},"west":{"uv":[5,6,9,7],"texture":"#plant"}}},{"from":[5.95,13.7,6],"to":[5.95,14.7,10],"rotation":{"angle":22.5,"axis":"z","origin":[8,13.5,6]},"faces":{"east":{"uv":[5,6,9,7],"texture":"#plant"},"west":{"uv":[5,6,9,7],"texture":"#plant"}}},{"from":[9.65,7.35,6],"to":[9.65,8.35,10],"rotation":{"angle":22.5,"axis":"z","origin":[8,9.5,10]},"faces":{"east":{"uv":[5,6,9,7],"texture":"#plant"},"west":{"uv":[5,6,9,7],"texture":"#plant"}}},{"from":[5.93817,8.13721,6],"to":[5.93817,9.13721,10],"rotation":{"angle":-22.5,"axis":"z","origin":[5.83817,8.8622,8]},"faces":{"east":{"uv":[5,6,9,7],"texture":"#plant"},"west":{"uv":[5,6,9,7],"texture":"#plant"}}},{"from":[6,9.35,11.6],"to":[10,9.35,12.6],"rotation":{"angle":22.5,"axis":"x","origin":[8,13.5,10]},"faces":{"up":{"uv":[5,6,9,7],"texture":"#plant"},"down":{"uv":[5,6,9,7],"rotation":180,"texture":"#plant"}}},{"from":[8.0201,9,4.24558],"to":[8.0201,13,5.24558],"rotation":{"angle":-45,"axis":"y","origin":[8.0201,11,8.04558]},"faces":{"east":{"uv":[5,3,6,7],"texture":"#plant"},"west":{"uv":[5,3,6,7],"texture":"#plant"}}},{"from":[8.0201,9,10.84558],"to":[8.0201,13,11.84558],"rotation":{"angle":-45,"axis":"y","origin":[8.0201,11,8.04558]},"faces":{"east":{"uv":[5,3,6,7],"texture":"#plant"},"west":{"uv":[5,3,6,7],"texture":"#plant"}}},{"from":[4.2201,9,8.04558],"to":[5.2201,13,8.04558],"rotation":{"angle":-45,"axis":"y","origin":[8.0201,11,8.04558]},"faces":{"north":{"uv":[5,3,6,7],"texture":"#plant"},"south":{"uv":[5,3,6,7],"texture":"#plant"}}},{"from":[10.8201,9,8.04558],"to":[11.8201,13,8.04558],"rotation":{"angle":-45,"axis":"y","origin":[8.0201,11,8.04558]},"faces":{"north":{"uv":[5,3,6,7],"texture":"#plant"},"south":{"uv":[5,3,6,7],"texture":"#plant"}}}]}