{
	"credit": "Made with Blockbench by Valdr687",
	"parent": "minecraft:block/crop",
	"textures": {
		"particle": "block/beetroots_stage2",
		"crop": "block/beetroots_stage2"
	},
	"elements": [
		{
			"from": [5.025, -1, 12.475],
			"to": [13.025, 5, 12.475],
			"rotation": {"angle": 22.5, "axis": "y", "origin": [8.5, 0, 12.5]},
			"faces": {
				"north": {"uv": [8, 0, 16, 7], "texture": "#crop"},
				"east": {"uv": [0, 0, 0, 0], "texture": "#crop"},
				"south": {"uv": [8, 0, 16, 7], "texture": "#crop"},
				"west": {"uv": [0, 0, 0, 0], "texture": "#crop"},
				"up": {"uv": [0, 0, 0, 0], "texture": "#crop"},
				"down": {"uv": [0, 0, 0, 0], "texture": "#crop"}
			}
		},
		{
			"from": [8.525, -1, 8.975],
			"to": [8.525, 5, 16.975],
			"rotation": {"angle": 22.5, "axis": "y", "origin": [8.5, 0, 12.5]},
			"faces": {
				"north": {"uv": [0, 0, 0, 0], "texture": "#crop"},
				"east": {"uv": [8, 0, 16, 7], "texture": "#crop"},
				"south": {"uv": [0, 0, 0, 0], "texture": "#crop"},
				"west": {"uv": [8, 0, 16, 7], "texture": "#crop"},
				"up": {"uv": [0, 0, 0, 0], "rotation": 270, "texture": "#crop"},
				"down": {"uv": [0, 0, 0, 0], "rotation": 90, "texture": "#crop"}
			}
		},
		{
			"from": [12.025, -1, -0.025],
			"to": [12.025, 5, 7.975],
			"rotation": {"angle": 22.5, "axis": "y", "origin": [12, 0, 4.5]},
			"faces": {
				"north": {"uv": [0, 0, 0, 0], "texture": "#crop"},
				"east": {"uv": [8, 0, 16, 7], "texture": "#crop"},
				"south": {"uv": [0, 0, 0, 0], "texture": "#crop"},
				"west": {"uv": [8, 0, 16, 7], "texture": "#crop"},
				"up": {"uv": [0, 0, 0, 0], "rotation": 270, "texture": "#crop"},
				"down": {"uv": [0, 0, 0, 0], "rotation": 90, "texture": "#crop"}
			}
		},
		{
			"from": [7.025, -1, 4.475],
			"to": [15.025, 5, 4.475],
			"rotation": {"angle": 22.5, "axis": "y", "origin": [12, 0, 3]},
			"faces": {
				"north": {"uv": [8, 0, 16, 7], "texture": "#crop"},
				"east": {"uv": [0, 0, 0, 0], "texture": "#crop"},
				"south": {"uv": [8, 0, 16, 7], "texture": "#crop"},
				"west": {"uv": [0, 0, 0, 0], "texture": "#crop"},
				"up": {"uv": [0, 0, 0, 0], "rotation": 180, "texture": "#crop"},
				"down": {"uv": [0, 0, 0, 0], "rotation": 180, "texture": "#crop"}
			}
		},
		{
			"from": [2.525, -1, 3.975],
			"to": [10.525, 5, 3.975],
			"rotation": {"angle": 22.5, "axis": "y", "origin": [8.5, 0, 12.5]},
			"faces": {
				"north": {"uv": [8, 0, 16, 7], "texture": "#crop"},
				"east": {"uv": [0, 0, 0, 0], "texture": "#crop"},
				"south": {"uv": [8, 0, 16, 7], "texture": "#crop"},
				"west": {"uv": [0, 0, 0, 0], "texture": "#crop"},
				"up": {"uv": [0, 0, 0, 0], "texture": "#crop"},
				"down": {"uv": [0, 0, 0, 0], "texture": "#crop"}
			}
		},
		{
			"from": [7.025, -1, 0.475],
			"to": [7.025, 5, 8.475],
			"rotation": {"angle": 22.5, "axis": "y", "origin": [8.5, 0, 12.5]},
			"faces": {
				"north": {"uv": [0, 0, 0, 0], "texture": "#crop"},
				"east": {"uv": [8, 0, 16, 7], "texture": "#crop"},
				"south": {"uv": [0, 0, 0, 0], "texture": "#crop"},
				"west": {"uv": [8, 0, 16, 7], "texture": "#crop"},
				"up": {"uv": [0, 0, 0, 0], "rotation": 270, "texture": "#crop"},
				"down": {"uv": [0, 0, 0, 0], "rotation": 90, "texture": "#crop"}
			}
		},
		{
			"from": [7.9, -2.5, 11.85],
			"to": [9.925, -0.975, 13.875],
			"faces": {
				"north": {"uv": [0, 10, 2, 12], "texture": "#crop"},
				"east": {"uv": [0, 8, 2, 10], "texture": "#crop"},
				"south": {"uv": [0, 6, 2, 8], "texture": "#crop"},
				"west": {"uv": [0, 4, 2, 6], "texture": "#crop"},
				"up": {"uv": [0, 2, 2, 4], "texture": "#crop"},
				"down": {"uv": [0, 0, 2, 2], "texture": "#crop"}
			}
		},
		{
			"from": [2.4, -2.5, 4.65],
			"to": [4.425, -1, 6.675],
			"faces": {
				"north": {"uv": [0, 10, 2, 12], "texture": "#crop"},
				"east": {"uv": [0, 8, 2, 10], "texture": "#crop"},
				"south": {"uv": [0, 6, 2, 8], "texture": "#crop"},
				"west": {"uv": [0, 4, 2, 6], "texture": "#crop"},
				"up": {"uv": [0, 2, 2, 4], "texture": "#crop"},
				"down": {"uv": [0, 0, 2, 2], "texture": "#crop"}
			}
		},
		{
			"from": [10.5, -2.5, 3.45],
			"to": [12.525, -1, 5.475],
			"faces": {
				"north": {"uv": [0, 10, 2, 12], "texture": "#crop"},
				"east": {"uv": [0, 8, 2, 10], "texture": "#crop"},
				"south": {"uv": [0, 6, 2, 8], "texture": "#crop"},
				"west": {"uv": [0, 4, 2, 6], "texture": "#crop"},
				"up": {"uv": [0, 2, 2, 4], "texture": "#crop"},
				"down": {"uv": [0, 0, 2, 2], "texture": "#crop"}
			}
		}
	]
}