{"parent":"block/block","textures":{"particle":"block/big_dripleaf_top","top":"block/big_dripleaf_top","stem":"block/big_dripleaf_stem","tip":"block/big_dripleaf_tip"},"elements":[{"from":[5,0,12],"to":[11,15,12],"shade":false,"rotation":{"angle":45,"axis":"y","origin":[8,8,12],"rescale":true},"faces":{"north":{"uv":[3,0,14,16],"texture":"#stem"},"south":{"uv":[3,0,14,16],"texture":"#stem"}}},{"from":[5,0,12],"to":[11,15,12],"shade":false,"rotation":{"angle":-45,"axis":"y","origin":[8,8,12],"rescale":true},"faces":{"north":{"uv":[3,0,14,16],"texture":"#stem"},"south":{"uv":[3,0,14,16],"texture":"#stem"}}},{"from":[0,14.5,0],"to":[16,15,4],"rotation":{"angle":-22.5,"axis":"x","origin":[8,15,16]},"faces":{"north":{"uv":[0,0,16,0.5],"texture":"#top"},"east":{"uv":[0,0,0.5,4],"rotation":90,"texture":"#top"},"south":{"uv":[0,3,16,3.5],"texture":"#top"},"west":{"uv":[15,0,15.5,4],"rotation":90,"texture":"#top"},"up":{"uv":[0,0,16,4],"texture":"#top"},"down":{"uv":[0,0,16,4],"texture":"#top"}}},{"from":[1,14.5,4],"to":[15,15,8],"rotation":{"angle":-22.5,"axis":"x","origin":[8,15,16]},"faces":{"north":{"uv":[1,4,15,4.5],"texture":"#top"},"east":{"uv":[1,8,1.5,4],"rotation":90,"texture":"#top"},"south":{"uv":[1,8,15,8.5],"texture":"#top"},"west":{"uv":[14,8,14.5,4],"rotation":90,"texture":"#top"},"up":{"uv":[1,4,15,8],"texture":"#top"},"down":{"uv":[1,4,15,8],"texture":"#top"}}},{"from":[0,14.5,8],"to":[16,15,12],"rotation":{"angle":-22.5,"axis":"x","origin":[8,15,16]},"faces":{"north":{"uv":[0,8,16,8.5],"texture":"#top"},"east":{"uv":[0,12,0.5,8],"rotation":90,"texture":"#top"},"south":{"uv":[0,11,16,11.5],"texture":"#top"},"west":{"uv":[15,12,15.5,8],"rotation":90,"texture":"#top"},"up":{"uv":[0,8,16,12],"texture":"#top"},"down":{"uv":[0,8,16,12],"texture":"#top"}}},{"from":[1,14.5,12],"to":[15,15,14],"rotation":{"angle":-22.5,"axis":"x","origin":[8,15,16]},"faces":{"north":{"uv":[1,13,15,13.5],"texture":"#top"},"east":{"uv":[14,12,14.5,14],"rotation":90,"texture":"#top"},"south":{"uv":[1,12,15,12.5],"texture":"#top"},"west":{"uv":[1,12,1.5,14],"rotation":90,"texture":"#top"},"up":{"uv":[1,12,15,14],"texture":"#top"},"down":{"uv":[1,12,15,14],"texture":"#top"}}},{"from":[2,14.5,14],"to":[14,15,15],"rotation":{"angle":-22.5,"axis":"x","origin":[8,15,16]},"faces":{"north":{"uv":[2,14,14,14.5],"texture":"#top"},"east":{"uv":[13,14,14,14.5],"texture":"#top"},"south":{"uv":[2,14,14,14.5],"texture":"#top"},"west":{"uv":[2,14,3,14.5],"texture":"#top"},"up":{"uv":[2,14,14,15],"texture":"#top"},"down":{"uv":[2,14,14,15],"texture":"#top"}}},{"from":[9,14.5,15],"to":[13,15,16],"rotation":{"angle":-22.5,"axis":"x","origin":[8,15,16]},"faces":{"north":{"uv":[3,15,7,15.5],"texture":"#top"},"east":{"uv":[3,15,4,15.5],"texture":"#top"},"south":{"uv":[3,15,7,15.5],"texture":"#top"},"west":{"uv":[3,15,4,15.5],"texture":"#top"},"up":{"uv":[3,15,7,16],"texture":"#top"},"down":{"uv":[3,15,7,16],"texture":"#top"}}},{"from":[3,14.5,15],"to":[7,15,16],"rotation":{"angle":-22.5,"axis":"x","origin":[8,15,16]},"faces":{"north":{"uv":[9,15,13,15.5],"texture":"#top"},"east":{"uv":[9,15,10,15.5],"texture":"#top"},"south":{"uv":[9,15,13,15.5],"texture":"#top"},"west":{"uv":[9,15,10,15.5],"texture":"#top"},"up":{"uv":[9,15,13,16],"texture":"#top"},"down":{"uv":[9,15,13,16],"texture":"#top"}}},{"from":[0,13.5,0],"to":[16,14.5,0.5],"rotation":{"angle":-22.5,"axis":"x","origin":[8,15,16]},"faces":{"north":{"uv":[0,0,16,1],"texture":"#tip"},"east":{"uv":[0,0,0.5,1],"texture":"#tip"},"south":{"uv":[16,0,0,1],"texture":"#tip"},"west":{"uv":[15.5,0,16,1],"texture":"#tip"},"up":{"uv":[0,0,16,0.5],"texture":"#tip"},"down":{"uv":[0,0,16,0.5],"texture":"#tip"}}},{"from":[2,12.5,0],"to":[14,13.5,0.5],"rotation":{"angle":-22.5,"axis":"x","origin":[8,15,16]},"faces":{"north":{"uv":[2,1,14,2],"texture":"#tip"},"east":{"uv":[13,1,13.5,2],"texture":"#tip"},"south":{"uv":[14,1,2,2],"texture":"#tip"},"west":{"uv":[2,1,2.5,2],"texture":"#tip"},"up":{"uv":[2,1,14,1.5],"texture":"#tip"},"down":{"uv":[2,1,14,1.5],"texture":"#tip"}}},{"from":[4,11.5,0],"to":[12,12.5,0.5],"rotation":{"angle":-22.5,"axis":"x","origin":[8,15,16]},"faces":{"north":{"uv":[4,2,12,3],"texture":"#tip"},"east":{"uv":[4,2,4.5,3],"texture":"#tip"},"south":{"uv":[12,2,4,3],"texture":"#tip"},"west":{"uv":[4,2,4.5,3],"texture":"#tip"},"up":{"uv":[4,2,12,2.5],"texture":"#tip"},"down":{"uv":[4,2,12,2.5],"texture":"#tip"}}},{"from":[6,10.5,0],"to":[10,11.5,0.5],"rotation":{"angle":-22.5,"axis":"x","origin":[8,15,16]},"faces":{"north":{"uv":[6,3,10,4],"texture":"#tip"},"east":{"uv":[6,3,6,4],"texture":"#tip"},"south":{"uv":[6,3,10,4],"texture":"#tip"},"west":{"uv":[6,3,6,4],"texture":"#tip"},"up":{"uv":[6,3,10,3],"texture":"#tip"},"down":{"uv":[6,3,10,3],"texture":"#tip"}}}]}