{"credit":"Made with Blockbench by Valdr687","textures":{"0":"block/blue_orchid_3d","particle":"block/blue_orchid_3d"},"elements":[{"from":[7.5,0,7.5],"to":[8.5,8,8.5],"faces":{"north":{"uv":[8,8,9,16],"texture":"#0"},"east":{"uv":[8,8,9,16],"texture":"#0"},"south":{"uv":[8,8,9,16],"texture":"#0"},"west":{"uv":[8,8,9,16],"texture":"#0"},"up":{"uv":[8,8,9,9],"texture":"#0"},"down":{"uv":[8,15,9,16],"texture":"#0"}}},{"from":[8.5,0,8],"to":[12.5,9,8],"rotation":{"angle":-45,"axis":"y","origin":[8,4.75,8]},"faces":{"north":{"uv":[13,7,9,16],"texture":"#0"},"south":{"uv":[9,7,13,16],"texture":"#0"}}},{"from":[3.5,0,8],"to":[7.5,10,8],"rotation":{"angle":-45,"axis":"y","origin":[8,4.75,8]},"faces":{"north":{"uv":[8,6,4,16],"texture":"#0"},"south":{"uv":[4,6,8,16],"texture":"#0"}}},{"from":[3.5,0,8],"to":[7.5,10,8],"rotation":{"angle":45,"axis":"y","origin":[8,4.75,8]},"faces":{"north":{"uv":[8,6,4,16],"texture":"#0"},"south":{"uv":[4,6,8,16],"texture":"#0"}}},{"from":[8.5,0,8],"to":[12.5,9,8],"rotation":{"angle":45,"axis":"y","origin":[8,4.75,8]},"faces":{"north":{"uv":[13,7,9,16],"texture":"#0"},"south":{"uv":[9,7,13,16],"texture":"#0"}}},{"from":[3.5,5,6.5],"to":[3.5,8,9.5],"rotation":{"angle":45,"axis":"y","origin":[8,0,8]},"faces":{"north":{"uv":[0,0,0,1],"texture":"#missing"},"east":{"uv":[4,0,7,3],"texture":"#0"},"south":{"uv":[0,0,0,1],"texture":"#missing"},"west":{"uv":[4,0,7,3],"texture":"#0"},"up":{"uv":[0,0,0,1],"texture":"#missing"},"down":{"uv":[0,0,0,1],"texture":"#missing"}}},{"from":[6.5,7,6.5],"to":[6.5,10,9.5],"rotation":{"angle":-45,"axis":"y","origin":[8,0,8]},"faces":{"north":{"uv":[0,0,0,1],"texture":"#missing"},"east":{"uv":[4,0,7,3],"texture":"#0"},"south":{"uv":[0,0,0,1],"texture":"#missing"},"west":{"uv":[4,0,7,3],"texture":"#0"},"up":{"uv":[0,0,0,1],"texture":"#missing"},"down":{"uv":[0,0,0,1],"texture":"#missing"}}},{"from":[12.5,7,6.5],"to":[12.5,10,9.5],"rotation":{"angle":45,"axis":"y","origin":[8,0,8]},"faces":{"north":{"uv":[0,0,0,1],"texture":"#missing"},"east":{"uv":[4,0,7,3],"texture":"#0"},"south":{"uv":[0,0,0,1],"texture":"#missing"},"west":{"uv":[4,0,7,3],"texture":"#0"},"up":{"uv":[0,0,0,1],"rotation":180,"texture":"#missing"},"down":{"uv":[0,0,0,1],"rotation":180,"texture":"#missing"}}},{"from":[6.5,7,12.5],"to":[9.5,10,12.5],"rotation":{"angle":45,"axis":"y","origin":[8,0,8]},"faces":{"north":{"uv":[4,0,7,3],"texture":"#0"},"east":{"uv":[0,0,0,1],"texture":"#missing"},"south":{"uv":[4,0,7,3],"texture":"#0"},"west":{"uv":[0,0,0,1],"texture":"#missing"},"up":{"uv":[0,0,0,1],"rotation":270,"texture":"#missing"},"down":{"uv":[0,0,0,1],"rotation":90,"texture":"#missing"}}},{"from":[6.5,7.5,6.5],"to":[6.5,11.5,9.5],"rotation":{"angle":45,"axis":"y","origin":[8,0,8]},"faces":{"north":{"uv":[0,0,0,1],"texture":"#missing"},"east":{"uv":[0,0,3,4],"texture":"#0"},"south":{"uv":[0,0,0,1],"texture":"#missing"},"west":{"uv":[0,0,3,4],"texture":"#0"},"up":{"uv":[0,0,0,1],"texture":"#missing"},"down":{"uv":[0,0,0,1],"texture":"#missing"}}},{"from":[6.5,5,3.5],"to":[9.5,9,3.5],"rotation":{"angle":45,"axis":"y","origin":[8,0,8]},"faces":{"north":{"uv":[0,0,3,4],"texture":"#0"},"east":{"uv":[0,0,0,1],"texture":"#missing"},"south":{"uv":[0,0,3,4],"texture":"#0"},"west":{"uv":[0,0,0,1],"texture":"#missing"},"up":{"uv":[0,0,0,1],"rotation":90,"texture":"#missing"},"down":{"uv":[0,0,0,1],"rotation":270,"texture":"#missing"}}}]}