{"credit":"Made with Blockbench by Valdr687","parent":"minecraft:block/cross","textures":{"1":"block/cave_vines_fruit","particle":"block/cave_vines_fruit","cross":"block/cave_vines_plant"},"elements":[{"from":[11,10,7],"to":[13,12,9],"rotation":{"angle":45,"axis":"y","origin":[8,1,8]},"faces":{"north":{"uv":[14,14,16,16],"texture":"#1"},"east":{"uv":[14,14,16,16],"texture":"#1"},"south":{"uv":[14,14,16,16],"texture":"#1"},"west":{"uv":[14,14,16,16],"texture":"#1"},"up":{"uv":[14,14,16,16],"texture":"#1"},"down":{"uv":[14,14,16,16],"texture":"#1"}}},{"from":[1,6,7],"to":[3,8,9],"rotation":{"angle":45,"axis":"y","origin":[8,1,8]},"faces":{"north":{"uv":[14,14,16,16],"texture":"#1"},"east":{"uv":[14,14,16,16],"texture":"#1"},"south":{"uv":[14,14,16,16],"texture":"#1"},"west":{"uv":[14,14,16,16],"texture":"#1"},"up":{"uv":[14,14,16,16],"texture":"#1"},"down":{"uv":[14,14,16,16],"texture":"#1"}}},{"from":[7,1,7],"to":[9.025,2.975,9.025],"rotation":{"angle":45,"axis":"y","origin":[8,1,8]},"faces":{"north":{"uv":[14,14,16,16],"texture":"#1"},"east":{"uv":[14,14,16,16],"texture":"#1"},"south":{"uv":[14,14,16,16],"texture":"#1"},"west":{"uv":[14,14,16,16],"texture":"#1"},"up":{"uv":[14,14,16,16],"texture":"#1"},"down":{"uv":[14,14,16,16],"texture":"#1"}}},{"from":[11,10,7],"to":[13,12,9],"rotation":{"angle":-45,"axis":"y","origin":[8,1,8]},"faces":{"north":{"uv":[14,14,16,16],"texture":"#1"},"east":{"uv":[14,14,16,16],"texture":"#1"},"south":{"uv":[14,14,16,16],"texture":"#1"},"west":{"uv":[14,14,16,16],"texture":"#1"},"up":{"uv":[14,14,16,16],"texture":"#1"},"down":{"uv":[14,14,16,16],"texture":"#1"}}},{"from":[1,6,7],"to":[3,8,9],"rotation":{"angle":-45,"axis":"y","origin":[8,1,8]},"faces":{"north":{"uv":[14,14,16,16],"texture":"#1"},"east":{"uv":[14,14,16,16],"texture":"#1"},"south":{"uv":[14,14,16,16],"texture":"#1"},"west":{"uv":[14,14,16,16],"texture":"#1"},"up":{"uv":[14,14,16,16],"texture":"#1"},"down":{"uv":[14,14,16,16],"texture":"#1"}}},{"from":[7,1,7],"to":[9,3,9],"rotation":{"angle":-45,"axis":"y","origin":[8,1,8]},"faces":{"up":{"uv":[14,14,16,16],"texture":"#1"},"down":{"uv":[14,14,16,16],"texture":"#1"}}},{"from":[8.025,0,0],"to":[8.025,16,16],"shade":false,"rotation":{"angle":45,"axis":"y","origin":[8,8,8]},"faces":{"east":{"uv":[16,0,0,16],"texture":"#cross"},"west":{"uv":[0,0,16,16],"texture":"#cross"}}},{"from":[7.5,0,12],"to":[8.5,1,13],"rotation":{"angle":45,"axis":"y","origin":[8,8,8]},"faces":{"north":{"uv":[12,15,13,16],"texture":"#cross"},"east":{"uv":[12,15,13,16],"texture":"#cross"},"south":{"uv":[12,15,13,16],"texture":"#cross"},"west":{"uv":[12,15,13,16],"texture":"#cross"},"up":{"uv":[12,15,13,16],"texture":"#cross"},"down":{"uv":[12,15,13,16],"texture":"#cross"}}},{"from":[7.5,5,12],"to":[8.5,6,13],"rotation":{"angle":45,"axis":"y","origin":[8,8,8]},"faces":{"north":{"uv":[12,15,13,16],"texture":"#cross"},"east":{"uv":[12,15,13,16],"texture":"#cross"},"south":{"uv":[12,15,13,16],"texture":"#cross"},"west":{"uv":[12,15,13,16],"texture":"#cross"},"up":{"uv":[12,15,13,16],"texture":"#cross"},"down":{"uv":[12,15,13,16],"texture":"#cross"}}},{"from":[7.5,6,10],"to":[8.5,7,12],"rotation":{"angle":45,"axis":"y","origin":[8,8,8]},"faces":{"north":{"uv":[10,9,11,10],"texture":"#cross"},"east":{"uv":[12,9,10,10],"texture":"#cross"},"south":{"uv":[11,9,12,10],"texture":"#cross"},"west":{"uv":[10,9,12,10],"texture":"#cross"},"up":{"uv":[10,9,12,10],"rotation":90,"texture":"#cross"},"down":{"uv":[12,9,10,10],"rotation":90,"texture":"#cross"}}},{"from":[7.5,12,6],"to":[8.5,13,7],"rotation":{"angle":45,"axis":"y","origin":[8,8,8]},"faces":{"north":{"uv":[12,15,13,16],"texture":"#cross"},"east":{"uv":[12,15,13,16],"texture":"#cross"},"south":{"uv":[12,15,13,16],"texture":"#cross"},"west":{"uv":[12,15,13,16],"texture":"#cross"},"up":{"uv":[12,15,13,16],"texture":"#cross"},"down":{"uv":[12,15,13,16],"texture":"#cross"}}},{"from":[7.5,5,9],"to":[8.5,8,10],"rotation":{"angle":45,"axis":"y","origin":[8,8,8]},"faces":{"north":{"uv":[9,8,10,11],"texture":"#cross"},"east":{"uv":[9,8,10,11],"texture":"#cross"},"south":{"uv":[9,8,10,11],"texture":"#cross"},"west":{"uv":[9,8,10,11],"texture":"#cross"},"up":{"uv":[9,8,10,9],"texture":"#cross"},"down":{"uv":[9,10,10,11],"texture":"#cross"}}},{"from":[7.5,8,8],"to":[8.5,11,9],"rotation":{"angle":45,"axis":"y","origin":[8,8,8]},"faces":{"north":{"uv":[8,5,9,8],"texture":"#cross"},"east":{"uv":[8,5,9,8],"texture":"#cross"},"south":{"uv":[8,5,9,8],"texture":"#cross"},"west":{"uv":[8,5,9,8],"texture":"#cross"},"up":{"uv":[8,5,9,6],"texture":"#cross"},"down":{"uv":[8,7,9,8],"texture":"#cross"}}},{"from":[7.5,0,4],"to":[8.5,1,5],"rotation":{"angle":45,"axis":"y","origin":[8,8,8]},"faces":{"north":{"uv":[4,15,5,16],"texture":"#cross"},"east":{"uv":[4,15,5,16],"texture":"#cross"},"south":{"uv":[4,15,5,16],"texture":"#cross"},"west":{"uv":[4,15,5,16],"texture":"#cross"},"up":{"uv":[4,15,5,16],"texture":"#cross"},"down":{"uv":[4,15,5,16],"texture":"#cross"}}},{"from":[7.5,2,5],"to":[8.5,4,6],"rotation":{"angle":45,"axis":"y","origin":[8,8,8]},"faces":{"north":{"uv":[5,12,6,14],"texture":"#cross"},"east":{"uv":[5,12,6,14],"texture":"#cross"},"south":{"uv":[5,12,6,14],"texture":"#cross"},"west":{"uv":[5,12,6,14],"texture":"#cross"},"up":{"uv":[5,12,6,13],"texture":"#cross"},"down":{"uv":[5,13,6,14],"texture":"#cross"}}},{"from":[7.5,5,4],"to":[8.5,7,5],"rotation":{"angle":45,"axis":"y","origin":[8,8,8]},"faces":{"north":{"uv":[4,9,5,11],"texture":"#cross"},"east":{"uv":[4,9,5,11],"texture":"#cross"},"south":{"uv":[4,9,5,11],"texture":"#cross"},"west":{"uv":[4,9,5,11],"texture":"#cross"},"up":{"uv":[4,9,5,10],"texture":"#cross"},"down":{"uv":[4,10,5,11],"texture":"#cross"}}},{"from":[7.5,14,12],"to":[8.5,16,13],"rotation":{"angle":45,"axis":"y","origin":[8,8,8]},"faces":{"north":{"uv":[12,0,13,2],"texture":"#cross"},"east":{"uv":[12,0,13,2],"texture":"#cross"},"south":{"uv":[12,0,13,2],"texture":"#cross"},"west":{"uv":[12,0,13,2],"texture":"#cross"},"up":{"uv":[12,0,13,1],"texture":"#cross"},"down":{"uv":[12,1,13,2],"texture":"#cross"}}},{"from":[7.5,0,8],"to":[8.5,4,9],"rotation":{"angle":45,"axis":"y","origin":[8,8,8]},"faces":{"north":{"uv":[8,12,9,16],"texture":"#cross"},"east":{"uv":[8,12,9,16],"texture":"#cross"},"south":{"uv":[8,12,9,16],"texture":"#cross"},"west":{"uv":[8,12,9,16],"texture":"#cross"},"up":{"uv":[8,12,9,13],"texture":"#cross"},"down":{"uv":[8,15,9,16],"texture":"#cross"}}},{"from":[7.5,10,3],"to":[8.5,14,4],"rotation":{"angle":45,"axis":"y","origin":[8,8,8]},"faces":{"north":{"uv":[3,2,4,6],"texture":"#cross"},"east":{"uv":[3,2,4,6],"texture":"#cross"},"south":{"uv":[3,2,4,6],"texture":"#cross"},"west":{"uv":[3,2,4,6],"texture":"#cross"},"up":{"uv":[3,2,4,3],"texture":"#cross"},"down":{"uv":[3,5,4,6],"texture":"#cross"}}},{"from":[7.25,11,7.5],"to":[8.25,15,8.5],"rotation":{"angle":45,"axis":"y","origin":[8,8,8]},"faces":{"north":{"uv":[7,1,8,5],"texture":"#cross"},"east":{"uv":[7,1,8,5],"texture":"#cross"},"south":{"uv":[7,1,8,5],"texture":"#cross"},"west":{"uv":[7,1,8,5],"texture":"#cross"},"up":{"uv":[7,1,8,2],"texture":"#cross"},"down":{"uv":[7,4,8,5],"texture":"#cross"}}},{"from":[0,0,8.025],"to":[16,16,8.025],"shade":false,"rotation":{"angle":45,"axis":"y","origin":[8,8,8]},"faces":{"north":{"uv":[16,0,0,16],"texture":"#cross"},"south":{"uv":[0,0,16,16],"texture":"#cross"}}},{"from":[12,0,7.5],"to":[13,1,8.5],"rotation":{"angle":45,"axis":"y","origin":[8,8,8]},"faces":{"north":{"uv":[12,15,13,16],"texture":"#cross"},"east":{"uv":[12,15,13,16],"texture":"#cross"},"south":{"uv":[12,15,13,16],"texture":"#cross"},"west":{"uv":[12,15,13,16],"texture":"#cross"},"up":{"uv":[12,15,13,16],"rotation":270,"texture":"#cross"},"down":{"uv":[12,15,13,16],"rotation":90,"texture":"#cross"}}},{"from":[7.5,15,7.75],"to":[8.5,15.975,8.75],"rotation":{"angle":45,"axis":"y","origin":[8,8,8]},"faces":{"north":{"uv":[12,15,13,16],"texture":"#cross"},"east":{"uv":[12,15,13,16],"texture":"#cross"},"south":{"uv":[12,15,13,16],"texture":"#cross"},"west":{"uv":[12,15,13,16],"texture":"#cross"},"up":{"uv":[12,15,13,16],"rotation":270,"texture":"#cross"},"down":{"uv":[12,15,13,16],"rotation":90,"texture":"#cross"}}},{"from":[12,5,7.5],"to":[13,6,8.5],"rotation":{"angle":45,"axis":"y","origin":[8,8,8]},"faces":{"north":{"uv":[12,15,13,16],"texture":"#cross"},"east":{"uv":[12,15,13,16],"texture":"#cross"},"south":{"uv":[12,15,13,16],"texture":"#cross"},"west":{"uv":[12,15,13,16],"texture":"#cross"},"up":{"uv":[12,15,13,16],"rotation":270,"texture":"#cross"},"down":{"uv":[12,15,13,16],"rotation":90,"texture":"#cross"}}},{"from":[10,6,7.5],"to":[12,7,8.5],"rotation":{"angle":45,"axis":"y","origin":[8,8,8]},"faces":{"north":{"uv":[12,9,10,10],"texture":"#cross"},"east":{"uv":[11,9,12,10],"texture":"#cross"},"south":{"uv":[10,9,12,10],"texture":"#cross"},"west":{"uv":[10,9,11,10],"texture":"#cross"},"up":{"uv":[10,9,12,10],"texture":"#cross"},"down":{"uv":[12,9,10,10],"rotation":180,"texture":"#cross"}}},{"from":[6,12,7.5],"to":[7,13,8.5],"rotation":{"angle":45,"axis":"y","origin":[8,8,8]},"faces":{"north":{"uv":[12,15,13,16],"texture":"#cross"},"east":{"uv":[12,15,13,16],"texture":"#cross"},"south":{"uv":[12,15,13,16],"texture":"#cross"},"west":{"uv":[12,15,13,16],"texture":"#cross"},"up":{"uv":[12,15,13,16],"rotation":270,"texture":"#cross"},"down":{"uv":[12,15,13,16],"rotation":90,"texture":"#cross"}}},{"from":[9,5,7.5],"to":[10,8,8.5],"rotation":{"angle":45,"axis":"y","origin":[8,8,8]},"faces":{"north":{"uv":[9,8,10,11],"texture":"#cross"},"east":{"uv":[9,8,10,11],"texture":"#cross"},"south":{"uv":[9,8,10,11],"texture":"#cross"},"west":{"uv":[9,8,10,11],"texture":"#cross"},"up":{"uv":[9,8,10,9],"rotation":270,"texture":"#cross"},"down":{"uv":[9,10,10,11],"rotation":90,"texture":"#cross"}}},{"from":[8,8,7.5],"to":[9,11,8.5],"rotation":{"angle":45,"axis":"y","origin":[8,8,8]},"faces":{"north":{"uv":[8,5,9,8],"texture":"#cross"},"east":{"uv":[8,5,9,8],"texture":"#cross"},"south":{"uv":[8,5,9,8],"texture":"#cross"},"west":{"uv":[8,5,9,8],"texture":"#cross"},"up":{"uv":[8,5,9,6],"rotation":270,"texture":"#cross"},"down":{"uv":[8,7,9,8],"rotation":90,"texture":"#cross"}}},{"from":[4,0,7.5],"to":[5,1,8.5],"rotation":{"angle":45,"axis":"y","origin":[8,8,8]},"faces":{"north":{"uv":[4,15,5,16],"texture":"#cross"},"east":{"uv":[4,15,5,16],"texture":"#cross"},"south":{"uv":[4,15,5,16],"texture":"#cross"},"west":{"uv":[4,15,5,16],"texture":"#cross"},"up":{"uv":[4,15,5,16],"rotation":270,"texture":"#cross"},"down":{"uv":[4,15,5,16],"rotation":90,"texture":"#cross"}}},{"from":[5,2,7.5],"to":[6,4,8.5],"rotation":{"angle":45,"axis":"y","origin":[8,8,8]},"faces":{"north":{"uv":[5,12,6,14],"texture":"#cross"},"east":{"uv":[5,12,6,14],"texture":"#cross"},"south":{"uv":[5,12,6,14],"texture":"#cross"},"west":{"uv":[5,12,6,14],"texture":"#cross"},"up":{"uv":[5,12,6,13],"rotation":270,"texture":"#cross"},"down":{"uv":[5,13,6,14],"rotation":90,"texture":"#cross"}}},{"from":[4,5,7.5],"to":[5,7,8.5],"rotation":{"angle":45,"axis":"y","origin":[8,8,8]},"faces":{"north":{"uv":[4,9,5,11],"texture":"#cross"},"east":{"uv":[4,9,5,11],"texture":"#cross"},"south":{"uv":[4,9,5,11],"texture":"#cross"},"west":{"uv":[4,9,5,11],"texture":"#cross"},"up":{"uv":[4,9,5,10],"rotation":270,"texture":"#cross"},"down":{"uv":[4,10,5,11],"rotation":90,"texture":"#cross"}}},{"from":[12,14,7.5],"to":[13,16,8.5],"rotation":{"angle":45,"axis":"y","origin":[8,8,8]},"faces":{"north":{"uv":[12,0,13,2],"texture":"#cross"},"east":{"uv":[12,0,13,2],"texture":"#cross"},"south":{"uv":[12,0,13,2],"texture":"#cross"},"west":{"uv":[12,0,13,2],"texture":"#cross"},"up":{"uv":[12,0,13,1],"rotation":270,"texture":"#cross"},"down":{"uv":[12,1,13,2],"rotation":90,"texture":"#cross"}}},{"from":[8,0,7.5],"to":[9,4,8.5],"rotation":{"angle":45,"axis":"y","origin":[8,8,8]},"faces":{"north":{"uv":[8,12,9,16],"texture":"#cross"},"east":{"uv":[8,12,9,16],"texture":"#cross"},"south":{"uv":[8,12,9,16],"texture":"#cross"},"west":{"uv":[8,12,9,16],"texture":"#cross"},"up":{"uv":[8,12,9,13],"rotation":270,"texture":"#cross"},"down":{"uv":[8,15,9,16],"rotation":90,"texture":"#cross"}}},{"from":[3,10,7.5],"to":[4,14,8.5],"rotation":{"angle":45,"axis":"y","origin":[8,8,8]},"faces":{"north":{"uv":[3,2,4,6],"texture":"#cross"},"east":{"uv":[3,2,4,6],"texture":"#cross"},"south":{"uv":[3,2,4,6],"texture":"#cross"},"west":{"uv":[3,2,4,6],"texture":"#cross"},"up":{"uv":[3,2,4,3],"rotation":270,"texture":"#cross"},"down":{"uv":[3,5,4,6],"rotation":90,"texture":"#cross"}}}]}