{"credit":"Made with Blockbench by Valdr687","parent":"minecraft:block/cross","textures":{"1":"block/cherry_sapling1","2":"block/cherry_log","3":"block/cherry_sapling_blossom","particle":"block/cherry_sapling"},"elements":[{"from":[10,0,7],"to":[12,3,9],"faces":{"north":{"uv":[10,13,12,16],"texture":"#2"},"east":{"uv":[10,13,12,16],"texture":"#2"},"south":{"uv":[10,13,12,16],"texture":"#2"},"west":{"uv":[10,13,12,16],"texture":"#2"},"up":{"uv":[10,13,12,15],"texture":"#2"},"down":{"uv":[10,13,12,15],"texture":"#2"}}},{"from":[11,3,7],"to":[13,5,9],"faces":{"north":{"uv":[6,10,8,13],"texture":"#2"},"east":{"uv":[6,10,8,13],"texture":"#2"},"south":{"uv":[6,10,8,13],"texture":"#2"},"west":{"uv":[6,10,8,13],"texture":"#2"},"up":{"uv":[6,10,8,12],"texture":"#2"},"down":{"uv":[6,10,8,12],"texture":"#2"}}},{"from":[12,5,7],"to":[13,8,9],"faces":{"north":{"uv":[6,8,7,11],"texture":"#2"},"east":{"uv":[6,8,8,11],"texture":"#2"},"south":{"uv":[6,8,7,11],"texture":"#2"},"west":{"uv":[6,8,8,11],"texture":"#2"},"up":{"uv":[6,8,7,10],"texture":"#2"},"down":{"uv":[6,8,7,10],"texture":"#2"}}},{"from":[13,3,7],"to":[14,7,9],"faces":{"north":{"uv":[4,8,5,12],"texture":"#2"},"east":{"uv":[4,8,6,12],"texture":"#2"},"south":{"uv":[4,8,5,12],"texture":"#2"},"west":{"uv":[4,8,6,12],"texture":"#2"},"up":{"uv":[4,8,5,10],"texture":"#2"},"down":{"uv":[4,8,5,10],"texture":"#2"}}},{"from":[8,8,7],"to":[12,9,9],"faces":{"north":{"uv":[6,6,10,7],"texture":"#2"},"east":{"uv":[6,6,8,7],"texture":"#2"},"south":{"uv":[6,6,10,7],"texture":"#2"},"west":{"uv":[6,6,8,7],"texture":"#2"},"up":{"uv":[6,6,10,8],"texture":"#2"},"down":{"uv":[6,6,10,8],"texture":"#2"}}},{"from":[11,7,7],"to":[12,8,9],"faces":{"north":{"uv":[6,7,7,8],"texture":"#2"},"east":{"uv":[6,7,8,8],"texture":"#2"},"south":{"uv":[6,7,7,8],"texture":"#2"},"west":{"uv":[6,7,8,8],"texture":"#2"},"up":{"uv":[6,7,7,9],"texture":"#2"},"down":{"uv":[6,7,7,9],"texture":"#2"}}},{"from":[5,7,7],"to":[9,8,9],"faces":{"north":{"uv":[8,7,12,8],"texture":"#2"},"east":{"uv":[8,7,10,8],"texture":"#2"},"south":{"uv":[8,7,12,8],"texture":"#2"},"west":{"uv":[8,7,10,8],"texture":"#2"},"up":{"uv":[8,7,12,9],"texture":"#2"},"down":{"uv":[8,7,12,9],"texture":"#2"}}},{"from":[12,1,7],"to":[13,3,9],"faces":{"north":{"uv":[8,13,9,15],"texture":"#2"},"east":{"uv":[8,13,10,15],"texture":"#2"},"south":{"uv":[8,13,9,15],"texture":"#2"},"west":{"uv":[8,13,10,15],"texture":"#2"},"up":{"uv":[8,13,9,15],"texture":"#2"},"down":{"uv":[8,13,9,15],"texture":"#2"}}},{"from":[8,0,7],"to":[10,2,9],"faces":{"north":{"uv":[12,14,14,16],"texture":"#2"},"east":{"uv":[12,14,14,16],"texture":"#2"},"south":{"uv":[12,14,14,16],"texture":"#2"},"west":{"uv":[12,14,14,16],"texture":"#2"},"up":{"uv":[12,14,14,16],"texture":"#2"},"down":{"uv":[12,14,14,16],"texture":"#2"}}},{"from":[6,0,7],"to":[8,1,9],"faces":{"north":{"uv":[14,14,16,15],"texture":"#2"},"east":{"uv":[14,14,16,15],"texture":"#2"},"south":{"uv":[14,14,16,15],"texture":"#2"},"west":{"uv":[14,14,16,15],"texture":"#2"},"up":{"uv":[14,14,16,16],"texture":"#2"},"down":{"uv":[14,14,16,16],"texture":"#2"}}},{"from":[1,7.5,2],"to":[8,7.5,14],"faces":{"north":{"uv":[0,0,6,0],"texture":"#1"},"east":{"uv":[0,0,8,0],"texture":"#1"},"south":{"uv":[0,0,6,0],"texture":"#1"},"west":{"uv":[0,0,8,0],"texture":"#1"},"up":{"uv":[7,12,0,0],"texture":"#1"},"down":{"uv":[7,0,0,12],"texture":"#1"}}},{"from":[1,7.525,2],"to":[8,7.525,14],"faces":{"north":{"uv":[0,0,6,0],"texture":"#1"},"east":{"uv":[0,0,8,0],"texture":"#1"},"south":{"uv":[0,0,6,0],"texture":"#1"},"west":{"uv":[0,0,8,0],"texture":"#1"},"up":{"uv":[16,13,9,1],"texture":"#3"},"down":{"uv":[16,1,9,13],"texture":"#3"}}},{"from":[8,9,2],"to":[15,9,14],"faces":{"north":{"uv":[0,0,6,0],"texture":"#1"},"east":{"uv":[0,0,8,0],"texture":"#1"},"south":{"uv":[0,0,6,0],"texture":"#1"},"west":{"uv":[0,0,8,0],"texture":"#1"},"up":{"uv":[7,12,0,0],"rotation":180,"texture":"#1"},"down":{"uv":[7,0,0,12],"rotation":180,"texture":"#1"}}},{"from":[1,9.25,0],"to":[17,9.25,16],"faces":{"north":{"uv":[0,0,6,0],"texture":"#1"},"east":{"uv":[0,0,8,0],"texture":"#1"},"south":{"uv":[0,0,6,0],"texture":"#1"},"west":{"uv":[0,0,8,0],"texture":"#1"},"up":{"uv":[16,16,0,0],"rotation":180,"texture":"#3"},"down":{"uv":[16,0,0,16],"rotation":180,"texture":"#3"}}},{"from":[6,9,13],"to":[13,9,18],"faces":{"north":{"uv":[0,0,7,0],"texture":"#missing"},"east":{"uv":[0,0,5,0],"texture":"#missing"},"south":{"uv":[0,0,7,0],"texture":"#missing"},"west":{"uv":[0,0,5,0],"texture":"#missing"},"up":{"uv":[7,16,0,11],"texture":"#1"},"down":{"uv":[7,11,0,16],"texture":"#1"}}},{"from":[6,9,-2],"to":[13,9,3],"faces":{"north":{"uv":[0,0,7,0],"texture":"#missing"},"east":{"uv":[0,0,5,0],"texture":"#missing"},"south":{"uv":[0,0,7,0],"texture":"#missing"},"west":{"uv":[0,0,5,0],"texture":"#missing"},"up":{"uv":[7,16,0,11],"rotation":180,"texture":"#1"},"down":{"uv":[7,11,0,16],"rotation":180,"texture":"#1"}}},{"from":[4,9,4],"to":[9,9,11],"faces":{"north":{"uv":[0,0,5,0],"texture":"#missing"},"east":{"uv":[0,0,7,0],"texture":"#missing"},"south":{"uv":[0,0,5,0],"texture":"#missing"},"west":{"uv":[0,0,7,0],"texture":"#missing"},"up":{"uv":[14,5,7,0],"rotation":90,"texture":"#1"},"down":{"uv":[14,0,7,5],"rotation":270,"texture":"#1"}}},{"from":[10,6,4],"to":[17,6,12],"faces":{"north":{"uv":[0,0,6,0],"texture":"#1"},"east":{"uv":[0,0,8,0],"texture":"#1"},"south":{"uv":[0,0,6,0],"texture":"#1"},"west":{"uv":[0,0,8,0],"texture":"#1"},"up":{"uv":[7,10,0,2],"rotation":180,"texture":"#1"},"down":{"uv":[7,2,0,10],"rotation":180,"texture":"#1"}}},{"from":[10,6.025,4],"to":[17,6.025,12],"faces":{"north":{"uv":[0,0,6,0],"texture":"#1"},"east":{"uv":[0,0,8,0],"texture":"#1"},"south":{"uv":[0,0,6,0],"texture":"#1"},"west":{"uv":[0,0,8,0],"texture":"#1"},"up":{"uv":[15,8,8,0],"rotation":180,"texture":"#3"},"down":{"uv":[15,0,8,8],"rotation":180,"texture":"#3"}}}]}