{
	"credit": "Made with Blockbench by Valdr687",
	"parent": "minecraft:block/cross",
	"textures": {
		"particle": "block/crimson_fungus_block",
		"cross": "block/crimson_fungus_block"
	},
	"elements": [
		{
			"from": [7, 0, 7],
			"to": [9, 5, 9],
			"faces": {
				"north": {"uv": [7, 11, 9, 16], "texture": "#cross"},
				"east": {"uv": [7, 11, 9, 16], "texture": "#cross"},
				"south": {"uv": [7, 11, 9, 16], "texture": "#cross"},
				"west": {"uv": [7, 11, 9, 16], "texture": "#cross"},
				"down": {"uv": [7, 14, 9, 16], "texture": "#cross"}
			}
		},
		{
			"from": [3, 5, 3],
			"to": [13, 7, 13],
			"faces": {
				"north": {"uv": [0, 8, 10, 10], "texture": "#cross"},
				"east": {"uv": [0, 8, 10, 10], "texture": "#cross"},
				"south": {"uv": [0, 8, 10, 10], "texture": "#cross"},
				"west": {"uv": [0, 8, 10, 10], "texture": "#cross"},
				"up": {"uv": [0, 0, 10, 10], "texture": "#cross"},
				"down": {"uv": [0, 0, 10, 10], "texture": "#cross"}
			}
		},
		{
			"from": [4, 7, 4],
			"to": [12, 8, 12],
			"faces": {
				"north": {"uv": [1, 0, 9, 1], "texture": "#cross"},
				"east": {"uv": [1, 0, 9, 1], "texture": "#cross"},
				"south": {"uv": [1, 0, 9, 1], "texture": "#cross"},
				"west": {"uv": [1, 0, 9, 1], "texture": "#cross"},
				"up": {"uv": [1, 1, 9, 9], "texture": "#cross"}
			}
		}
	]
}