{
	"credit": "Made with Blockbench by Valdr687",
	"textures": {
		"0": "block/dark_oak_sapling_block",
		"particle": "block/dark_oak_sapling_block"
	},
	"elements": [
		{
			"from": [6.5, 0, 6.5],
			"to": [9.5, 7, 9.5],
			"faces": {
				"north": {"uv": [14, 12.5, 15.5, 16], "texture": "#0"},
				"east": {"uv": [14, 12.5, 15.5, 16], "texture": "#0"},
				"south": {"uv": [14, 12.5, 15.5, 16], "texture": "#0"},
				"west": {"uv": [14, 12.5, 15.5, 16], "texture": "#0"},
				"up": {"uv": [14, 10.5, 15.5, 12], "texture": "#0"},
				"down": {"uv": [14, 10.5, 15.5, 12], "texture": "#0"}
			}
		},
		{
			"from": [5.5, 7, 5.5],
			"to": [10.5, 8, 10.5],
			"faces": {
				"north": {"uv": [4.5, 4.5, 7, 5], "texture": "#0"},
				"east": {"uv": [4, 2, 4.5, 4.5], "rotation": 90, "texture": "#0"},
				"south": {"uv": [4.5, 1.5, 7, 2], "texture": "#0"},
				"west": {"uv": [7, 2, 7.5, 4.5], "rotation": 90, "texture": "#0"},
				"down": {"uv": [4.5, 2, 7, 4.5], "texture": "#0"}
			}
		},
		{
			"from": [4, 5, 4],
			"to": [4, 8, 12],
			"faces": {
				"east": {"uv": [8, 0, 4, 1.5], "texture": "#0"},
				"west": {"uv": [4, 0, 8, 1.5], "texture": "#0"}
			}
		},
		{
			"from": [12, 5, 4],
			"to": [12, 8, 12],
			"faces": {
				"east": {"uv": [4, 0, 8, 1.5], "texture": "#0"},
				"west": {"uv": [8, 0, 4, 1.5], "texture": "#0"}
			}
		},
		{
			"from": [4, 7.4, 4],
			"to": [4, 10.4, 12],
			"rotation": {"angle": -22.5, "axis": "z", "origin": [4, 9.2, 8]},
			"faces": {
				"east": {"uv": [8, 0, 4, 1.5], "texture": "#0"},
				"west": {"uv": [4, 0, 8, 1.5], "texture": "#0"}
			}
		},
		{
			"from": [4, 5, 4],
			"to": [12, 8, 4],
			"faces": {
				"north": {"uv": [4, 0, 8, 1.5], "texture": "#0"},
				"south": {"uv": [8, 0, 4, 1.5], "texture": "#0"}
			}
		},
		{
			"from": [4, 5, 12],
			"to": [12, 8, 12],
			"faces": {
				"north": {"uv": [8, 0, 4, 1.5], "texture": "#0"},
				"south": {"uv": [4, 0, 8, 1.5], "texture": "#0"}
			}
		},
		{
			"from": [4, 7.4, 4],
			"to": [12, 10.4, 4],
			"rotation": {"angle": 22.5, "axis": "x", "origin": [8, 9.1, 4]},
			"faces": {
				"north": {"uv": [8, 0, 4, 1.5], "texture": "#0"},
				"south": {"uv": [4, 0, 8, 1.5], "texture": "#0"}
			}
		},
		{
			"from": [4, 7.6, 12],
			"to": [12, 10.6, 12],
			"rotation": {"angle": -22.5, "axis": "x", "origin": [8, 9.5, 12]},
			"faces": {
				"north": {"uv": [8, 0, 4, 1.5], "texture": "#0"},
				"south": {"uv": [4, 0, 8, 1.5], "texture": "#0"}
			}
		},
		{
			"from": [12, 7.7, 4],
			"to": [12, 10.7, 12],
			"rotation": {"angle": 22.5, "axis": "z", "origin": [12, 9.5, 8]},
			"faces": {
				"east": {"uv": [4, 0, 8, 1.5], "texture": "#0"},
				"west": {"uv": [8, 0, 4, 1.5], "texture": "#0"}
			}
		},
		{
			"from": [4, 8, 4],
			"to": [12, 12, 12],
			"faces": {
				"north": {"uv": [8, 0, 12, 2], "texture": "#0"},
				"east": {"uv": [8, 0, 12, 2], "texture": "#0"},
				"south": {"uv": [8, 0, 12, 2], "texture": "#0"},
				"west": {"uv": [8, 0, 12, 2], "texture": "#0"},
				"up": {"uv": [12, 0, 16, 4], "texture": "#0"},
				"down": {"uv": [12, 0, 16, 4], "texture": "#0"}
			}
		},
		{
			"from": [4.5, 0.025, 4.5],
			"to": [11.5, 0.025, 11.5],
			"faces": {
				"up": {"uv": [0, 0, 3.5, 3.5], "texture": "#0"},
				"down": {"uv": [0, 0, 3.5, 3.5], "texture": "#0"}
			}
		},
		{
			"from": [5, 2, 9],
			"to": [7, 2, 11],
			"rotation": {"angle": 22.5, "axis": "y", "origin": [6, 2, 10]},
			"faces": {
				"up": {"uv": [8, 2.5, 9, 3.5], "texture": "#0"},
				"down": {"uv": [8, 2.5, 9, 3.5], "texture": "#0"}
			}
		},
		{
			"from": [9, 3, 5],
			"to": [11, 3, 7],
			"rotation": {"angle": 45, "axis": "y", "origin": [10, 3, 6]},
			"faces": {
				"up": {"uv": [8, 2.5, 9, 3.5], "texture": "#0"},
				"down": {"uv": [8, 2.5, 9, 3.5], "texture": "#0"}
			}
		},
		{
			"from": [10, 12.375, 6],
			"to": [12, 12.375, 8],
			"rotation": {"angle": 22.5, "axis": "z", "origin": [11, 12, 8]},
			"faces": {
				"up": {"uv": [8, 2.5, 9, 3.5], "texture": "#0"},
				"down": {"uv": [8, 2.5, 9, 3.5], "texture": "#0"}
			}
		},
		{
			"from": [4, 12.375, 9],
			"to": [6, 12.375, 11],
			"rotation": {"angle": -22.5, "axis": "z", "origin": [5, 12.375, 8]},
			"faces": {
				"up": {"uv": [8, 2.5, 9, 3.5], "texture": "#0"},
				"down": {"uv": [8, 2.5, 9, 3.5], "texture": "#0"}
			}
		}
	]
}