{
	"credit": "Made with Blockbench",
	"parent": "minecraft:block/cross",
	"textures": {
		"particle": "block/dead_horn_coral_block",
		"cross": "block/dead_horn_coral_block"
	},
	"elements": [
		{
			"from": [8, 0, 6],
			"to": [10, 3, 8],
			"faces": {
				"north": {"uv": [0, 0, 2, 3], "texture": "#cross"},
				"east": {"uv": [7, 13, 9, 16], "texture": "#cross"},
				"south": {"uv": [7, 13, 9, 16], "texture": "#cross"},
				"west": {"uv": [7, 13, 9, 16], "texture": "#cross"},
				"up": {"uv": [7, 13, 9, 15], "texture": "#cross"},
				"down": {"uv": [7, 13, 9, 15], "texture": "#cross"}
			}
		},
		{
			"from": [7, 2, 8],
			"to": [9, 6, 9],
			"rotation": {"angle": -45, "axis": "y", "origin": [8, 4, 8.5]},
			"faces": {
				"north": {"uv": [4, 9, 6, 13], "texture": "#cross"},
				"east": {"uv": [4, 9, 6, 13], "texture": "#cross"},
				"south": {"uv": [4, 9, 6, 13], "texture": "#cross"},
				"west": {"uv": [4, 9, 6, 13], "texture": "#cross"},
				"up": {"uv": [4, 9, 6, 11], "texture": "#cross"},
				"down": {"uv": [4, 9, 6, 11], "texture": "#cross"}
			}
		},
		{
			"from": [6, 5, 8],
			"to": [8, 7, 10],
			"faces": {
				"north": {"uv": [3, 5, 5, 7], "texture": "#cross"},
				"east": {"uv": [3, 5, 5, 7], "texture": "#cross"},
				"south": {"uv": [3, 5, 5, 7], "texture": "#cross"},
				"west": {"uv": [3, 5, 5, 7], "texture": "#cross"},
				"up": {"uv": [3, 5, 5, 7], "texture": "#cross"},
				"down": {"uv": [3, 5, 5, 7], "texture": "#cross"}
			}
		},
		{
			"from": [5.8, 7, 9.325],
			"to": [6.8, 11, 10.325],
			"rotation": {"angle": 45, "axis": "y", "origin": [6.3, 9, 9.825]},
			"faces": {
				"north": {"uv": [4, 2, 5, 6], "texture": "#cross"},
				"east": {"uv": [4, 2, 5, 6], "texture": "#cross"},
				"south": {"uv": [4, 2, 5, 6], "texture": "#cross"},
				"west": {"uv": [4, 2, 5, 6], "texture": "#cross"},
				"up": {"uv": [4, 2, 5, 3], "texture": "#cross"},
				"down": {"uv": [4, 5, 5, 6], "texture": "#cross"}
			}
		},
		{
			"from": [9, 2, 5],
			"to": [11, 5, 7],
			"faces": {
				"north": {"uv": [9, 11, 11, 14], "texture": "#cross"},
				"east": {"uv": [9, 11, 11, 14], "texture": "#cross"},
				"south": {"uv": [9, 11, 11, 14], "texture": "#cross"},
				"west": {"uv": [9, 11, 11, 14], "texture": "#cross"},
				"up": {"uv": [9, 11, 11, 13], "texture": "#cross"},
				"down": {"uv": [9, 11, 11, 13], "texture": "#cross"}
			}
		},
		{
			"from": [10, 4, 4],
			"to": [12, 7, 6],
			"faces": {
				"north": {"uv": [10, 8, 12, 11], "texture": "#cross"},
				"east": {"uv": [10, 8, 12, 11], "texture": "#cross"},
				"south": {"uv": [10, 8, 12, 11], "texture": "#cross"},
				"west": {"uv": [10, 8, 12, 11], "texture": "#cross"},
				"up": {"uv": [10, 8, 12, 10], "texture": "#cross"},
				"down": {"uv": [10, 9, 12, 11], "texture": "#cross"}
			}
		},
		{
			"from": [12, 7, 3],
			"to": [13, 10, 5],
			"rotation": {"angle": 22.5, "axis": "y", "origin": [12.5, 8.5, 4]},
			"faces": {
				"north": {"uv": [12, 6, 13, 9], "texture": "#cross"},
				"east": {"uv": [12, 6, 14, 9], "texture": "#cross"},
				"south": {"uv": [12, 6, 13, 9], "texture": "#cross"},
				"west": {"uv": [12, 6, 14, 9], "texture": "#cross"},
				"up": {"uv": [12, 6, 14, 7], "rotation": 90, "texture": "#cross"},
				"down": {"uv": [12, 8, 14, 9], "rotation": 90, "texture": "#cross"}
			}
		},
		{
			"from": [10, 5, 7],
			"to": [12, 8, 9],
			"faces": {
				"north": {"uv": [4, 7, 6, 10], "texture": "#cross"},
				"east": {"uv": [4, 7, 6, 10], "texture": "#cross"},
				"south": {"uv": [4, 7, 6, 10], "texture": "#cross"},
				"west": {"uv": [4, 7, 6, 10], "texture": "#cross"},
				"up": {"uv": [4, 7, 6, 9], "texture": "#cross"},
				"down": {"uv": [4, 7, 6, 9], "texture": "#cross"}
			}
		},
		{
			"from": [12, 8, 9],
			"to": [13, 11, 10],
			"faces": {
				"north": {"uv": [4, 7, 5, 10], "texture": "#cross"},
				"east": {"uv": [4, 7, 5, 10], "texture": "#cross"},
				"south": {"uv": [4, 7, 5, 10], "texture": "#cross"},
				"west": {"uv": [4, 7, 5, 10], "texture": "#cross"},
				"up": {"uv": [4, 7, 5, 8], "texture": "#cross"},
				"down": {"uv": [4, 7, 5, 8], "texture": "#cross"}
			}
		},
		{
			"from": [7, 4, 4],
			"to": [9, 7, 6],
			"faces": {
				"north": {"uv": [8, 4, 10, 7], "texture": "#cross"},
				"east": {"uv": [8, 4, 10, 7], "texture": "#cross"},
				"south": {"uv": [8, 4, 10, 7], "texture": "#cross"},
				"west": {"uv": [8, 4, 10, 7], "texture": "#cross"},
				"up": {"uv": [8, 4, 10, 6], "texture": "#cross"},
				"down": {"uv": [8, 4, 10, 6], "texture": "#cross"}
			}
		},
		{
			"from": [6, 8, 3],
			"to": [7, 11, 4],
			"rotation": {"angle": 22.5, "axis": "y", "origin": [7, 8.5, 4]},
			"faces": {
				"north": {"uv": [13, 2, 14, 5], "texture": "#cross"},
				"east": {"uv": [13, 2, 14, 5], "texture": "#cross"},
				"south": {"uv": [13, 2, 14, 5], "texture": "#cross"},
				"west": {"uv": [13, 2, 14, 5], "texture": "#cross"},
				"up": {"uv": [13, 2, 14, 3], "texture": "#cross"},
				"down": {"uv": [13, 4, 14, 5], "texture": "#cross"}
			}
		},
		{
			"from": [6, 7, 4],
			"to": [8, 8, 5],
			"rotation": {"angle": 22.5, "axis": "y", "origin": [7, 8.5, 4]},
			"faces": {
				"north": {"uv": [12, 5, 14, 6], "texture": "#cross"},
				"east": {"uv": [12, 5, 13, 6], "texture": "#cross"},
				"south": {"uv": [12, 5, 14, 6], "texture": "#cross"},
				"west": {"uv": [12, 5, 13, 6], "texture": "#cross"},
				"up": {"uv": [12, 5, 14, 6], "texture": "#cross"},
				"down": {"uv": [12, 5, 14, 6], "texture": "#cross"}
			}
		}
	]
}