{
	"credit": "Made with Blockbench",
	"parent": "minecraft:block/cross",
	"textures": {
		"particle": "block/fire_coral",
		"cross": "block/fire_coral"
	},
	"elements": [
		{
			"from": [4, 2, 9],
			"to": [7, 4, 10],
			"rotation": {"angle": 45, "axis": "y", "origin": [8, 8.5, 9.5]},
			"faces": {
				"north": {"uv": [4, 12, 7, 14], "texture": "#cross"},
				"south": {"uv": [4, 12, 7, 14], "texture": "#cross"},
				"west": {"uv": [4, 12, 5, 14], "texture": "#cross"},
				"up": {"uv": [4, 12, 7, 13], "texture": "#cross"},
				"down": {"uv": [4, 13, 7, 14], "texture": "#cross"}
			}
		},
		{
			"from": [7, 0, 9],
			"to": [9, 5, 10],
			"rotation": {"angle": 45, "axis": "y", "origin": [8, 8.5, 9.5]},
			"faces": {
				"north": {"uv": [7, 11, 9, 16], "texture": "#cross"},
				"east": {"uv": [8, 11, 9, 16], "texture": "#cross"},
				"south": {"uv": [7, 11, 9, 16], "texture": "#cross"},
				"west": {"uv": [7, 11, 8, 16], "texture": "#cross"},
				"up": {"uv": [7, 11, 9, 12], "texture": "#cross"},
				"down": {"uv": [7, 15, 9, 16], "texture": "#cross"}
			}
		},
		{
			"from": [10, 1, 9],
			"to": [12, 3, 10],
			"rotation": {"angle": 45, "axis": "y", "origin": [8, 8.5, 9.5]},
			"faces": {
				"north": {"uv": [10, 13, 12, 15], "texture": "#cross"},
				"east": {"uv": [11, 13, 12, 15], "texture": "#cross"},
				"south": {"uv": [10, 13, 12, 15], "texture": "#cross"},
				"west": {"uv": [10, 13, 11, 15], "texture": "#cross"},
				"up": {"uv": [10, 13, 12, 14], "texture": "#cross"},
				"down": {"uv": [10, 14, 12, 15], "texture": "#cross"}
			}
		},
		{
			"from": [13, 3, 9],
			"to": [15, 6, 10],
			"rotation": {"angle": 45, "axis": "y", "origin": [8, 8.5, 9.5]},
			"faces": {
				"north": {"uv": [13, 10, 15, 13], "texture": "#cross"},
				"east": {"uv": [14, 10, 15, 13], "texture": "#cross"},
				"south": {"uv": [13, 10, 15, 13], "texture": "#cross"},
				"west": {"uv": [13, 10, 14, 13], "texture": "#cross"},
				"up": {"uv": [13, 10, 15, 11], "texture": "#cross"},
				"down": {"uv": [13, 12, 15, 13], "texture": "#cross"}
			}
		},
		{
			"from": [8, 5, 9],
			"to": [10, 7, 10],
			"rotation": {"angle": 45, "axis": "y", "origin": [8, 8.5, 9.5]},
			"faces": {
				"north": {"uv": [8, 9, 10, 11], "texture": "#cross"},
				"east": {"uv": [9, 9, 10, 11], "texture": "#cross"},
				"south": {"uv": [8, 9, 10, 11], "texture": "#cross"},
				"west": {"uv": [8, 9, 9, 11], "texture": "#cross"},
				"up": {"uv": [8, 9, 10, 10], "texture": "#cross"}
			}
		},
		{
			"from": [7, 7, 9],
			"to": [9, 9, 10],
			"rotation": {"angle": 45, "axis": "y", "origin": [8, 8.5, 9.5]},
			"faces": {
				"north": {"uv": [7, 7, 9, 9], "texture": "#cross"},
				"east": {"uv": [8, 7, 9, 9], "texture": "#cross"},
				"south": {"uv": [7, 7, 9, 9], "texture": "#cross"},
				"west": {"uv": [7, 7, 8, 9], "texture": "#cross"},
				"up": {"uv": [7, 7, 9, 8], "texture": "#cross"}
			}
		},
		{
			"from": [9, 12, 9],
			"to": [11, 14, 10],
			"rotation": {"angle": 45, "axis": "y", "origin": [8, 8.5, 9.5]},
			"faces": {
				"north": {"uv": [9, 2, 11, 4], "texture": "#cross"},
				"east": {"uv": [10, 2, 11, 4], "texture": "#cross"},
				"south": {"uv": [9, 2, 11, 4], "texture": "#cross"},
				"west": {"uv": [9, 2, 10, 4], "texture": "#cross"},
				"up": {"uv": [9, 2, 11, 3], "texture": "#cross"},
				"down": {"uv": [9, 3, 11, 4], "texture": "#cross"}
			}
		},
		{
			"from": [3, 9, 9],
			"to": [5, 12, 10],
			"rotation": {"angle": 45, "axis": "y", "origin": [8, 8.5, 9.5]},
			"faces": {
				"north": {"uv": [3, 4, 5, 7], "texture": "#cross"},
				"east": {"uv": [4, 4, 5, 7], "texture": "#cross"},
				"south": {"uv": [3, 4, 5, 7], "texture": "#cross"},
				"west": {"uv": [3, 4, 4, 7], "texture": "#cross"},
				"up": {"uv": [3, 4, 5, 5], "texture": "#cross"},
				"down": {"uv": [3, 6, 5, 7], "texture": "#cross"}
			}
		},
		{
			"from": [6, 10, 9],
			"to": [7, 13, 10],
			"rotation": {"angle": 45, "axis": "y", "origin": [8, 8.5, 9.5]},
			"faces": {
				"north": {"uv": [6, 3, 7, 6], "texture": "#cross"},
				"east": {"uv": [6, 3, 7, 6], "texture": "#cross"},
				"south": {"uv": [6, 3, 7, 6], "texture": "#cross"},
				"west": {"uv": [6, 3, 7, 6], "texture": "#cross"},
				"up": {"uv": [6, 3, 7, 4], "texture": "#cross"},
				"down": {"uv": [6, 5, 7, 6], "texture": "#cross"}
			}
		},
		{
			"from": [12, 12, 9],
			"to": [13, 15, 10],
			"rotation": {"angle": 45, "axis": "y", "origin": [8, 8.5, 9.5]},
			"faces": {
				"north": {"uv": [12, 1, 13, 4], "texture": "#cross"},
				"east": {"uv": [12, 1, 13, 4], "texture": "#cross"},
				"south": {"uv": [12, 1, 13, 4], "texture": "#cross"},
				"west": {"uv": [12, 1, 13, 4], "texture": "#cross"},
				"up": {"uv": [12, 1, 13, 2], "texture": "#cross"},
				"down": {"uv": [12, 3, 13, 4], "texture": "#cross"}
			}
		},
		{
			"from": [11, 10, 9],
			"to": [12, 13, 10],
			"rotation": {"angle": 45, "axis": "y", "origin": [8, 8.5, 9.5]},
			"faces": {
				"north": {"uv": [11, 3, 12, 6], "texture": "#cross"},
				"east": {"uv": [11, 3, 12, 6], "texture": "#cross"},
				"south": {"uv": [11, 3, 12, 6], "texture": "#cross"},
				"west": {"uv": [11, 3, 12, 6], "texture": "#cross"},
				"up": {"uv": [11, 3, 12, 4], "texture": "#cross"},
				"down": {"uv": [11, 5, 12, 6], "texture": "#cross"}
			}
		},
		{
			"from": [11, 5, 9],
			"to": [12, 7, 10],
			"rotation": {"angle": 45, "axis": "y", "origin": [8, 8.5, 9.5]},
			"faces": {
				"north": {"uv": [11, 9, 12, 11], "texture": "#cross"},
				"east": {"uv": [11, 9, 12, 11], "texture": "#cross"},
				"south": {"uv": [11, 9, 12, 11], "texture": "#cross"},
				"west": {"uv": [11, 9, 12, 11], "texture": "#cross"},
				"up": {"uv": [11, 9, 12, 10], "texture": "#cross"},
				"down": {"uv": [11, 10, 12, 11], "texture": "#cross"}
			}
		},
		{
			"from": [13, 6, 9],
			"to": [14, 8, 10],
			"rotation": {"angle": 45, "axis": "y", "origin": [8, 8.5, 9.5]},
			"faces": {
				"north": {"uv": [13, 8, 14, 10], "texture": "#cross"},
				"east": {"uv": [13, 8, 14, 10], "texture": "#cross"},
				"south": {"uv": [13, 8, 14, 10], "texture": "#cross"},
				"west": {"uv": [13, 8, 14, 10], "texture": "#cross"},
				"up": {"uv": [13, 8, 14, 9], "texture": "#cross"}
			}
		},
		{
			"from": [13, 9, 9],
			"to": [14, 11, 10],
			"rotation": {"angle": 45, "axis": "y", "origin": [8, 8.5, 9.5]},
			"faces": {
				"north": {"uv": [13, 5, 14, 7], "texture": "#cross"},
				"east": {"uv": [13, 5, 14, 7], "texture": "#cross"},
				"south": {"uv": [13, 5, 14, 7], "texture": "#cross"},
				"west": {"uv": [13, 5, 14, 7], "texture": "#cross"},
				"up": {"uv": [13, 5, 14, 6], "texture": "#cross"},
				"down": {"uv": [13, 6, 14, 7], "texture": "#cross"}
			}
		},
		{
			"from": [10, 9, 9],
			"to": [11, 11, 10],
			"rotation": {"angle": 45, "axis": "y", "origin": [8, 8.5, 9.5]},
			"faces": {
				"north": {"uv": [10, 5, 11, 7], "texture": "#cross"},
				"east": {"uv": [10, 5, 11, 7], "texture": "#cross"},
				"south": {"uv": [10, 5, 11, 7], "texture": "#cross"},
				"west": {"uv": [10, 5, 11, 7], "texture": "#cross"},
				"up": {"uv": [10, 5, 11, 6], "texture": "#cross"},
				"down": {"uv": [10, 6, 11, 7], "texture": "#cross"}
			}
		},
		{
			"from": [9, 8, 9],
			"to": [10, 10, 10],
			"rotation": {"angle": 45, "axis": "y", "origin": [8, 8.5, 9.5]},
			"faces": {
				"north": {"uv": [9, 6, 10, 8], "texture": "#cross"},
				"east": {"uv": [9, 6, 10, 8], "texture": "#cross"},
				"south": {"uv": [9, 6, 10, 8], "texture": "#cross"},
				"up": {"uv": [9, 6, 10, 7], "texture": "#cross"},
				"down": {"uv": [9, 7, 10, 8], "texture": "#cross"}
			}
		},
		{
			"from": [8, 13, 9],
			"to": [9, 15, 10],
			"rotation": {"angle": 45, "axis": "y", "origin": [8, 8.5, 9.5]},
			"faces": {
				"north": {"uv": [8, 1, 9, 3], "texture": "#cross"},
				"east": {"uv": [8, 1, 9, 3], "texture": "#cross"},
				"south": {"uv": [8, 1, 9, 3], "texture": "#cross"},
				"west": {"uv": [8, 1, 9, 3], "texture": "#cross"},
				"up": {"uv": [8, 1, 9, 2], "texture": "#cross"},
				"down": {"uv": [8, 2, 9, 3], "texture": "#cross"}
			}
		},
		{
			"from": [10, 14, 9],
			"to": [11, 16, 10],
			"rotation": {"angle": 45, "axis": "y", "origin": [8, 8.5, 9.5]},
			"faces": {
				"north": {"uv": [10, 0, 11, 2], "texture": "#cross"},
				"east": {"uv": [10, 0, 11, 2], "texture": "#cross"},
				"south": {"uv": [10, 0, 11, 2], "texture": "#cross"},
				"west": {"uv": [10, 0, 11, 2], "texture": "#cross"},
				"up": {"uv": [10, 0, 11, 1], "texture": "#cross"}
			}
		},
		{
			"from": [1, 4, 9],
			"to": [2, 6, 10],
			"rotation": {"angle": 45, "axis": "y", "origin": [8, 8.5, 9.5]},
			"faces": {
				"north": {"uv": [1, 10, 2, 12], "texture": "#cross"},
				"south": {"uv": [1, 10, 2, 12], "texture": "#cross"},
				"west": {"uv": [1, 10, 2, 12], "texture": "#cross"},
				"up": {"uv": [1, 10, 2, 11], "texture": "#cross"},
				"down": {"uv": [1, 11, 2, 12], "texture": "#cross"}
			}
		},
		{
			"from": [12, 2, 9],
			"to": [13, 4, 10],
			"rotation": {"angle": 45, "axis": "y", "origin": [8, 8.5, 9.5]},
			"faces": {
				"north": {"uv": [12, 12, 13, 14], "texture": "#cross"},
				"east": {"uv": [12, 12, 13, 14], "texture": "#cross"},
				"south": {"uv": [12, 12, 13, 14], "texture": "#cross"},
				"west": {"uv": [12, 12, 13, 14], "texture": "#cross"},
				"up": {"uv": [12, 12, 13, 13], "texture": "#cross"},
				"down": {"uv": [12, 13, 13, 14], "texture": "#cross"}
			}
		},
		{
			"from": [12, 5, 9],
			"to": [13, 6, 10],
			"rotation": {"angle": 45, "axis": "y", "origin": [8, 8.5, 9.5]},
			"faces": {
				"north": {"uv": [12, 10, 13, 11], "texture": "#cross"},
				"south": {"uv": [12, 10, 13, 11], "texture": "#cross"},
				"up": {"uv": [12, 10, 13, 11], "texture": "#cross"},
				"down": {"uv": [12, 10, 13, 11], "texture": "#cross"}
			}
		},
		{
			"from": [12, 9, 9],
			"to": [13, 10, 10],
			"rotation": {"angle": 45, "axis": "y", "origin": [8, 8.5, 9.5]},
			"faces": {
				"north": {"uv": [12, 6, 13, 7], "texture": "#cross"},
				"south": {"uv": [12, 6, 13, 7], "texture": "#cross"},
				"west": {"uv": [12, 6, 13, 7], "texture": "#cross"},
				"up": {"uv": [12, 6, 13, 7], "texture": "#cross"},
				"down": {"uv": [12, 6, 13, 7], "texture": "#cross"}
			}
		},
		{
			"from": [7, 10, 9],
			"to": [8, 11, 10],
			"rotation": {"angle": 45, "axis": "y", "origin": [8, 8.5, 9.5]},
			"faces": {
				"north": {"uv": [7, 5, 8, 6], "texture": "#cross"},
				"east": {"uv": [7, 5, 8, 6], "texture": "#cross"},
				"south": {"uv": [7, 5, 8, 6], "texture": "#cross"},
				"up": {"uv": [7, 5, 8, 6], "texture": "#cross"},
				"down": {"uv": [7, 5, 8, 6], "texture": "#cross"}
			}
		},
		{
			"from": [8, 11, 9],
			"to": [9, 12, 10],
			"rotation": {"angle": 45, "axis": "y", "origin": [8, 8.5, 9.5]},
			"faces": {
				"north": {"uv": [8, 4, 9, 5], "texture": "#cross"},
				"east": {"uv": [8, 4, 9, 5], "texture": "#cross"},
				"south": {"uv": [8, 4, 9, 5], "texture": "#cross"},
				"west": {"uv": [8, 4, 9, 5], "texture": "#cross"},
				"up": {"uv": [8, 4, 9, 5], "texture": "#cross"},
				"down": {"uv": [8, 4, 9, 5], "texture": "#cross"}
			}
		},
		{
			"from": [4, 12, 9],
			"to": [5, 13, 10],
			"rotation": {"angle": 45, "axis": "y", "origin": [8, 8.5, 9.5]},
			"faces": {
				"north": {"uv": [4, 3, 5, 4], "texture": "#cross"},
				"east": {"uv": [4, 3, 5, 4], "texture": "#cross"},
				"south": {"uv": [4, 3, 5, 4], "texture": "#cross"},
				"west": {"uv": [4, 3, 5, 4], "texture": "#cross"},
				"up": {"uv": [4, 3, 5, 4], "texture": "#cross"}
			}
		},
		{
			"from": [6, 8, 9],
			"to": [7, 9, 10],
			"rotation": {"angle": 45, "axis": "y", "origin": [8, 8.5, 9.5]},
			"faces": {
				"north": {"uv": [6, 7, 7, 8], "texture": "#cross"},
				"south": {"uv": [6, 7, 7, 8], "texture": "#cross"},
				"up": {"uv": [6, 7, 7, 8], "texture": "#cross"},
				"down": {"uv": [6, 7, 7, 8], "texture": "#cross"}
			}
		},
		{
			"from": [7, 6, 9],
			"to": [8, 7, 10],
			"rotation": {"angle": 45, "axis": "y", "origin": [8, 8.5, 9.5]},
			"faces": {
				"north": {"uv": [7, 9, 8, 10], "texture": "#cross"},
				"south": {"uv": [7, 9, 8, 10], "texture": "#cross"},
				"west": {"uv": [7, 9, 8, 10], "texture": "#cross"},
				"down": {"uv": [7, 9, 8, 10], "texture": "#cross"}
			}
		},
		{
			"from": [10, 3, 9],
			"to": [11, 4, 10],
			"rotation": {"angle": 45, "axis": "y", "origin": [8, 8.5, 9.5]},
			"faces": {
				"north": {"uv": [10, 12, 11, 13], "texture": "#cross"},
				"east": {"uv": [10, 12, 11, 13], "texture": "#cross"},
				"south": {"uv": [10, 12, 11, 13], "texture": "#cross"},
				"up": {"uv": [10, 12, 11, 13], "texture": "#cross"}
			}
		},
		{
			"from": [2, 7, 9],
			"to": [3, 8, 10],
			"rotation": {"angle": 45, "axis": "y", "origin": [8, 8.5, 9.5]},
			"faces": {
				"north": {"uv": [2, 8, 3, 9], "texture": "#cross"},
				"east": {"uv": [2, 8, 3, 9], "texture": "#cross"},
				"south": {"uv": [2, 8, 3, 9], "texture": "#cross"},
				"west": {"uv": [2, 8, 3, 9], "texture": "#cross"},
				"up": {"uv": [2, 8, 3, 9], "texture": "#cross"}
			}
		},
		{
			"from": [8, 9, 9],
			"to": [9, 10, 10],
			"rotation": {"angle": 45, "axis": "y", "origin": [8, 8.5, 9.5]},
			"faces": {
				"north": {"uv": [8, 6, 9, 7], "texture": "#cross"},
				"south": {"uv": [8, 6, 9, 7], "texture": "#cross"},
				"west": {"uv": [8, 6, 9, 7], "texture": "#cross"},
				"up": {"uv": [8, 6, 9, 7], "texture": "#cross"}
			}
		},
		{
			"from": [15, 4, 9],
			"to": [16, 7, 10],
			"rotation": {"angle": 45, "axis": "y", "origin": [8, 8.5, 9.5]},
			"faces": {
				"north": {"uv": [15, 9, 16, 12], "texture": "#cross"},
				"east": {"uv": [15, 9, 16, 12], "texture": "#cross"},
				"south": {"uv": [15, 9, 16, 12], "texture": "#cross"},
				"west": {"uv": [15, 9, 16, 12], "texture": "#cross"},
				"up": {"uv": [15, 9, 16, 10], "texture": "#cross"},
				"down": {"uv": [15, 11, 16, 12], "texture": "#cross"}
			}
		},
		{
			"from": [9, 2, 9],
			"to": [10, 5, 10],
			"rotation": {"angle": 45, "axis": "y", "origin": [8, 8.5, 9.5]},
			"faces": {
				"north": {"uv": [9, 11, 10, 14], "texture": "#cross"},
				"east": {"uv": [9, 11, 10, 14], "texture": "#cross"},
				"south": {"uv": [9, 11, 10, 14], "texture": "#cross"},
				"down": {"uv": [9, 13, 10, 14], "texture": "#cross"}
			}
		},
		{
			"from": [4, 5, 9],
			"to": [5, 8, 10],
			"rotation": {"angle": 45, "axis": "y", "origin": [8, 8.5, 9.5]},
			"faces": {
				"north": {"uv": [4, 8, 5, 11], "texture": "#cross"},
				"east": {"uv": [4, 8, 5, 11], "texture": "#cross"},
				"south": {"uv": [4, 8, 5, 11], "texture": "#cross"},
				"west": {"uv": [4, 8, 5, 11], "texture": "#cross"},
				"up": {"uv": [4, 8, 5, 9], "texture": "#cross"},
				"down": {"uv": [4, 10, 5, 11], "texture": "#cross"}
			}
		},
		{
			"from": [0, 5, 9],
			"to": [1, 9, 10],
			"rotation": {"angle": 45, "axis": "y", "origin": [8, 8.5, 9.5]},
			"faces": {
				"north": {"uv": [0, 7, 1, 11], "texture": "#cross"},
				"east": {"uv": [0, 7, 1, 11], "texture": "#cross"},
				"south": {"uv": [0, 7, 1, 11], "texture": "#cross"},
				"west": {"uv": [0, 7, 1, 11], "texture": "#cross"},
				"up": {"uv": [0, 7, 1, 8], "texture": "#cross"},
				"down": {"uv": [0, 10, 1, 11], "texture": "#cross"}
			}
		},
		{
			"from": [5, 8, 9],
			"to": [6, 11, 10],
			"rotation": {"angle": 45, "axis": "y", "origin": [8, 8.5, 9.5]},
			"faces": {
				"north": {"uv": [5, 5, 6, 8], "texture": "#cross"},
				"east": {"uv": [5, 5, 6, 8], "texture": "#cross"},
				"south": {"uv": [5, 5, 6, 8], "texture": "#cross"},
				"west": {"uv": [5, 5, 6, 8], "texture": "#cross"},
				"up": {"uv": [5, 5, 6, 6], "texture": "#cross"},
				"down": {"uv": [5, 7, 6, 8], "texture": "#cross"}
			}
		},
		{
			"from": [2, 10, 9],
			"to": [3, 14, 10],
			"rotation": {"angle": 45, "axis": "y", "origin": [8, 8.5, 9.5]},
			"faces": {
				"north": {"uv": [2, 2, 3, 6], "texture": "#cross"},
				"east": {"uv": [2, 2, 3, 6], "texture": "#cross"},
				"south": {"uv": [2, 2, 3, 6], "texture": "#cross"},
				"west": {"uv": [2, 2, 3, 6], "texture": "#cross"},
				"up": {"uv": [2, 2, 3, 3], "texture": "#cross"},
				"down": {"uv": [2, 5, 3, 6], "texture": "#cross"}
			}
		},
		{
			"from": [2, 3, 9],
			"to": [4, 7, 10],
			"rotation": {"angle": 45, "axis": "y", "origin": [8, 8.5, 9.5]},
			"faces": {
				"north": {"uv": [2, 9, 4, 13], "texture": "#cross"},
				"east": {"uv": [3, 9, 4, 13], "texture": "#cross"},
				"south": {"uv": [2, 9, 4, 13], "texture": "#cross"},
				"west": {"uv": [2, 9, 3, 13], "texture": "#cross"},
				"up": {"uv": [2, 9, 4, 10], "texture": "#cross"},
				"down": {"uv": [2, 12, 4, 13], "texture": "#cross"}
			}
		},
		{
			"from": [7.5, 2, 10.5],
			"to": [8.5, 4, 13.5],
			"rotation": {"angle": 45, "axis": "y", "origin": [8, 8.25, 9.5]},
			"faces": {
				"north": {"uv": [6, 12, 7, 14], "texture": "#cross"},
				"east": {"uv": [4, 12, 7, 14], "texture": "#cross"},
				"south": {"uv": [4, 12, 5, 14], "texture": "#cross"},
				"west": {"uv": [4, 12, 7, 14], "texture": "#cross"},
				"up": {"uv": [4, 12, 7, 13], "rotation": 270, "texture": "#cross"},
				"down": {"uv": [4, 13, 7, 14], "rotation": 90, "texture": "#cross"}
			}
		},
		{
			"from": [7.5, 1, 7.5],
			"to": [8.5, 2, 11.5],
			"rotation": {"angle": 45, "axis": "y", "origin": [8, 8.25, 9.5]},
			"faces": {
				"east": {"uv": [6, 12, 10, 13], "texture": "#cross"},
				"south": {"uv": [6, 12, 7, 13], "texture": "#cross"},
				"west": {"uv": [6, 12, 10, 13], "texture": "#cross"},
				"down": {"uv": [6, 13, 10, 14], "rotation": 90, "texture": "#cross"}
			}
		},
		{
			"from": [7.5, 2, 8.5],
			"to": [8.5, 3, 10.5],
			"rotation": {"angle": 45, "axis": "y", "origin": [8, 9.25, 9.5]},
			"faces": {
				"east": {"uv": [6, 12, 8, 13], "texture": "#cross"},
				"west": {"uv": [6, 12, 8, 13], "texture": "#cross"},
				"up": {"uv": [6, 12, 8, 13], "rotation": 270, "texture": "#cross"}
			}
		},
		{
			"from": [7.5, 1, 5.5],
			"to": [8.5, 3, 7.5],
			"rotation": {"angle": 45, "axis": "y", "origin": [8, 8.25, 9.5]},
			"faces": {
				"north": {"uv": [11, 13, 12, 15], "texture": "#cross"},
				"east": {"uv": [10, 13, 12, 15], "texture": "#cross"},
				"west": {"uv": [10, 13, 12, 15], "texture": "#cross"},
				"up": {"uv": [10, 13, 12, 14], "rotation": 270, "texture": "#cross"},
				"down": {"uv": [10, 14, 12, 15], "rotation": 90, "texture": "#cross"}
			}
		},
		{
			"from": [7.5, 3, 2.5],
			"to": [8.5, 6, 4.5],
			"rotation": {"angle": 45, "axis": "y", "origin": [8, 8.25, 9.5]},
			"faces": {
				"north": {"uv": [14, 10, 15, 13], "texture": "#cross"},
				"east": {"uv": [13, 10, 15, 13], "texture": "#cross"},
				"south": {"uv": [13, 10, 14, 13], "texture": "#cross"},
				"west": {"uv": [13, 10, 15, 13], "texture": "#cross"},
				"up": {"uv": [13, 10, 15, 11], "rotation": 270, "texture": "#cross"},
				"down": {"uv": [13, 12, 15, 13], "rotation": 90, "texture": "#cross"}
			}
		},
		{
			"from": [7.5, 12, 6.5],
			"to": [8.5, 14, 8.5],
			"rotation": {"angle": 45, "axis": "y", "origin": [8, 8.25, 9.5]},
			"faces": {
				"north": {"uv": [10, 2, 11, 4], "texture": "#cross"},
				"east": {"uv": [9, 2, 11, 4], "texture": "#cross"},
				"south": {"uv": [9, 2, 10, 4], "texture": "#cross"},
				"west": {"uv": [9, 2, 11, 4], "texture": "#cross"},
				"up": {"uv": [9, 2, 11, 3], "rotation": 270, "texture": "#cross"},
				"down": {"uv": [9, 3, 11, 4], "rotation": 90, "texture": "#cross"}
			}
		},
		{
			"from": [7.5, 9, 12.5],
			"to": [8.5, 12, 14.5],
			"rotation": {"angle": 45, "axis": "y", "origin": [8, 8.25, 9.5]},
			"faces": {
				"north": {"uv": [4, 4, 5, 7], "texture": "#cross"},
				"east": {"uv": [3, 4, 5, 7], "texture": "#cross"},
				"south": {"uv": [3, 4, 4, 7], "texture": "#cross"},
				"west": {"uv": [3, 4, 5, 7], "texture": "#cross"},
				"up": {"uv": [3, 4, 5, 5], "rotation": 270, "texture": "#cross"},
				"down": {"uv": [3, 6, 5, 7], "rotation": 90, "texture": "#cross"}
			}
		},
		{
			"from": [7.5, 10, 10.5],
			"to": [8.5, 13, 11.5],
			"rotation": {"angle": 45, "axis": "y", "origin": [8, 8.25, 9.5]},
			"faces": {
				"north": {"uv": [6, 3, 7, 6], "texture": "#cross"},
				"east": {"uv": [6, 3, 7, 6], "texture": "#cross"},
				"south": {"uv": [6, 3, 7, 6], "texture": "#cross"},
				"west": {"uv": [6, 3, 7, 6], "texture": "#cross"},
				"up": {"uv": [6, 3, 7, 4], "rotation": 270, "texture": "#cross"},
				"down": {"uv": [6, 5, 7, 6], "rotation": 90, "texture": "#cross"}
			}
		},
		{
			"from": [7.5, 12, 4.5],
			"to": [8.5, 15, 5.5],
			"rotation": {"angle": 45, "axis": "y", "origin": [8, 8.25, 9.5]},
			"faces": {
				"north": {"uv": [12, 1, 13, 4], "texture": "#cross"},
				"east": {"uv": [12, 1, 13, 4], "texture": "#cross"},
				"south": {"uv": [12, 1, 13, 4], "texture": "#cross"},
				"west": {"uv": [12, 1, 13, 4], "texture": "#cross"},
				"up": {"uv": [12, 1, 13, 2], "rotation": 270, "texture": "#cross"},
				"down": {"uv": [12, 3, 13, 4], "rotation": 90, "texture": "#cross"}
			}
		},
		{
			"from": [7.5, 10, 5.5],
			"to": [8.5, 13, 6.5],
			"rotation": {"angle": 45, "axis": "y", "origin": [8, 8.25, 9.5]},
			"faces": {
				"north": {"uv": [11, 3, 12, 6], "texture": "#cross"},
				"east": {"uv": [11, 3, 12, 6], "texture": "#cross"},
				"south": {"uv": [11, 3, 12, 6], "texture": "#cross"},
				"west": {"uv": [11, 3, 12, 6], "texture": "#cross"},
				"up": {"uv": [11, 3, 12, 4], "rotation": 270, "texture": "#cross"},
				"down": {"uv": [11, 5, 12, 6], "rotation": 90, "texture": "#cross"}
			}
		},
		{
			"from": [7.5, 5, 5.5],
			"to": [8.5, 7, 6.5],
			"rotation": {"angle": 45, "axis": "y", "origin": [8, 8.25, 9.5]},
			"faces": {
				"north": {"uv": [11, 9, 12, 11], "texture": "#cross"},
				"east": {"uv": [11, 9, 12, 11], "texture": "#cross"},
				"south": {"uv": [11, 9, 12, 11], "texture": "#cross"},
				"west": {"uv": [11, 9, 12, 11], "texture": "#cross"},
				"up": {"uv": [11, 9, 12, 10], "rotation": 270, "texture": "#cross"},
				"down": {"uv": [11, 10, 12, 11], "rotation": 90, "texture": "#cross"}
			}
		},
		{
			"from": [7.5, 6, 3.5],
			"to": [8.5, 8, 4.5],
			"rotation": {"angle": 45, "axis": "y", "origin": [8, 8.25, 9.5]},
			"faces": {
				"north": {"uv": [13, 8, 14, 10], "texture": "#cross"},
				"east": {"uv": [13, 8, 14, 10], "texture": "#cross"},
				"south": {"uv": [13, 8, 14, 10], "texture": "#cross"},
				"west": {"uv": [13, 8, 14, 10], "texture": "#cross"},
				"up": {"uv": [13, 8, 14, 9], "rotation": 270, "texture": "#cross"}
			}
		},
		{
			"from": [7.5, 9, 3.5],
			"to": [8.5, 11, 4.5],
			"rotation": {"angle": 45, "axis": "y", "origin": [8, 8.25, 9.5]},
			"faces": {
				"north": {"uv": [13, 5, 14, 7], "texture": "#cross"},
				"east": {"uv": [13, 5, 14, 7], "texture": "#cross"},
				"south": {"uv": [13, 5, 14, 7], "texture": "#cross"},
				"west": {"uv": [13, 5, 14, 7], "texture": "#cross"},
				"up": {"uv": [13, 5, 14, 6], "rotation": 270, "texture": "#cross"},
				"down": {"uv": [13, 6, 14, 7], "rotation": 90, "texture": "#cross"}
			}
		},
		{
			"from": [7.5, 9, 6.5],
			"to": [8.5, 11, 7.5],
			"rotation": {"angle": 45, "axis": "y", "origin": [8, 8.25, 9.5]},
			"faces": {
				"north": {"uv": [10, 5, 11, 7], "texture": "#cross"},
				"east": {"uv": [10, 5, 11, 7], "texture": "#cross"},
				"south": {"uv": [10, 5, 11, 7], "texture": "#cross"},
				"west": {"uv": [10, 5, 11, 7], "texture": "#cross"},
				"up": {"uv": [10, 5, 11, 6], "rotation": 270, "texture": "#cross"},
				"down": {"uv": [10, 6, 11, 7], "rotation": 90, "texture": "#cross"}
			}
		},
		{
			"from": [7.5, 8, 7.5],
			"to": [8.5, 10, 8.5],
			"rotation": {"angle": 45, "axis": "y", "origin": [8, 8.25, 9.5]},
			"faces": {
				"north": {"uv": [9, 6, 10, 8], "texture": "#cross"},
				"east": {"uv": [9, 6, 10, 8], "texture": "#cross"},
				"south": {"uv": [9, 6, 10, 8], "texture": "#cross"},
				"west": {"uv": [9, 6, 10, 8], "texture": "#cross"},
				"up": {"uv": [9, 6, 10, 7], "rotation": 270, "texture": "#cross"},
				"down": {"uv": [9, 7, 10, 8], "rotation": 90, "texture": "#cross"}
			}
		},
		{
			"from": [7.5, 14, 6.5],
			"to": [8.5, 16, 7.5],
			"rotation": {"angle": 45, "axis": "y", "origin": [8, 8.25, 9.5]},
			"faces": {
				"north": {"uv": [10, 0, 11, 2], "texture": "#cross"},
				"east": {"uv": [10, 0, 11, 2], "texture": "#cross"},
				"south": {"uv": [10, 0, 11, 2], "texture": "#cross"},
				"west": {"uv": [10, 0, 11, 2], "texture": "#cross"},
				"up": {"uv": [10, 0, 11, 1], "rotation": 270, "texture": "#cross"}
			}
		},
		{
			"from": [7.5, 4, 15.5],
			"to": [8.5, 6, 16.5],
			"rotation": {"angle": 45, "axis": "y", "origin": [8, 8.25, 9.5]},
			"faces": {
				"east": {"uv": [1, 10, 2, 12], "texture": "#cross"},
				"south": {"uv": [1, 10, 2, 12], "texture": "#cross"},
				"west": {"uv": [1, 10, 2, 12], "texture": "#cross"},
				"up": {"uv": [1, 10, 2, 11], "rotation": 270, "texture": "#cross"},
				"down": {"uv": [1, 11, 2, 12], "rotation": 90, "texture": "#cross"}
			}
		},
		{
			"from": [7.5, 2, 4.5],
			"to": [8.5, 4, 5.5],
			"rotation": {"angle": 45, "axis": "y", "origin": [8, 8.25, 9.5]},
			"faces": {
				"north": {"uv": [12, 12, 13, 14], "texture": "#cross"},
				"east": {"uv": [12, 12, 13, 14], "texture": "#cross"},
				"south": {"uv": [12, 12, 13, 14], "texture": "#cross"},
				"west": {"uv": [12, 12, 13, 14], "texture": "#cross"},
				"up": {"uv": [12, 12, 13, 13], "rotation": 270, "texture": "#cross"},
				"down": {"uv": [12, 13, 13, 14], "rotation": 90, "texture": "#cross"}
			}
		},
		{
			"from": [7.5, 5, 4.5],
			"to": [8.5, 6, 5.5],
			"rotation": {"angle": 45, "axis": "y", "origin": [8, 8.25, 9.5]},
			"faces": {
				"east": {"uv": [12, 10, 13, 11], "texture": "#cross"},
				"west": {"uv": [12, 10, 13, 11], "texture": "#cross"},
				"up": {"uv": [12, 10, 13, 11], "rotation": 270, "texture": "#cross"},
				"down": {"uv": [12, 10, 13, 11], "rotation": 90, "texture": "#cross"}
			}
		},
		{
			"from": [7.5, 9, 4.5],
			"to": [8.5, 10, 5.5],
			"rotation": {"angle": 45, "axis": "y", "origin": [8, 8.25, 9.5]},
			"faces": {
				"east": {"uv": [12, 6, 13, 7], "texture": "#cross"},
				"south": {"uv": [12, 6, 13, 7], "texture": "#cross"},
				"west": {"uv": [12, 6, 13, 7], "texture": "#cross"},
				"up": {"uv": [12, 6, 13, 7], "rotation": 270, "texture": "#cross"},
				"down": {"uv": [12, 6, 13, 7], "rotation": 90, "texture": "#cross"}
			}
		},
		{
			"from": [7.5, 10, 9.5],
			"to": [8.5, 11, 10.5],
			"rotation": {"angle": 45, "axis": "y", "origin": [8, 8.25, 9.5]},
			"faces": {
				"north": {"uv": [7, 5, 8, 6], "texture": "#cross"},
				"east": {"uv": [7, 5, 8, 6], "texture": "#cross"},
				"west": {"uv": [7, 5, 8, 6], "texture": "#cross"},
				"up": {"uv": [7, 5, 8, 6], "rotation": 270, "texture": "#cross"},
				"down": {"uv": [7, 5, 8, 6], "rotation": 90, "texture": "#cross"}
			}
		},
		{
			"from": [7.5, 11, 8.5],
			"to": [8.5, 12, 9.5],
			"rotation": {"angle": 45, "axis": "y", "origin": [8, 8.25, 9.5]},
			"faces": {
				"north": {"uv": [8, 4, 9, 5], "texture": "#cross"},
				"east": {"uv": [8, 4, 9, 5], "texture": "#cross"},
				"south": {"uv": [8, 4, 9, 5], "texture": "#cross"},
				"west": {"uv": [8, 4, 9, 5], "texture": "#cross"},
				"up": {"uv": [8, 4, 9, 5], "rotation": 270, "texture": "#cross"},
				"down": {"uv": [8, 4, 9, 5], "rotation": 90, "texture": "#cross"}
			}
		},
		{
			"from": [7.5, 12, 12.5],
			"to": [8.5, 13, 13.5],
			"rotation": {"angle": 45, "axis": "y", "origin": [8, 8.25, 9.5]},
			"faces": {
				"north": {"uv": [4, 3, 5, 4], "texture": "#cross"},
				"east": {"uv": [4, 3, 5, 4], "texture": "#cross"},
				"south": {"uv": [4, 3, 5, 4], "texture": "#cross"},
				"west": {"uv": [4, 3, 5, 4], "texture": "#cross"},
				"up": {"uv": [4, 3, 5, 4], "rotation": 270, "texture": "#cross"}
			}
		},
		{
			"from": [7.5, 8, 10.5],
			"to": [8.5, 9, 11.5],
			"rotation": {"angle": 45, "axis": "y", "origin": [8, 8.25, 9.5]},
			"faces": {
				"north": {"uv": [6, 7, 7, 8], "texture": "#cross"},
				"east": {"uv": [6, 7, 7, 8], "texture": "#cross"},
				"west": {"uv": [6, 7, 7, 8], "texture": "#cross"},
				"up": {"uv": [6, 7, 7, 8], "rotation": 270, "texture": "#cross"},
				"down": {"uv": [6, 7, 7, 8], "rotation": 90, "texture": "#cross"}
			}
		},
		{
			"from": [7.5, 3, 6.5],
			"to": [8.5, 4, 7.5],
			"rotation": {"angle": 45, "axis": "y", "origin": [8, 8.25, 9.5]},
			"faces": {
				"north": {"uv": [10, 12, 11, 13], "texture": "#cross"},
				"east": {"uv": [10, 12, 11, 13], "texture": "#cross"},
				"west": {"uv": [10, 12, 11, 13], "texture": "#cross"},
				"up": {"uv": [10, 12, 11, 13], "rotation": 270, "texture": "#cross"}
			}
		},
		{
			"from": [7.5, 7, 14.5],
			"to": [8.5, 8, 15.5],
			"rotation": {"angle": 45, "axis": "y", "origin": [8, 8.25, 9.5]},
			"faces": {
				"north": {"uv": [2, 8, 3, 9], "texture": "#cross"},
				"east": {"uv": [2, 8, 3, 9], "texture": "#cross"},
				"south": {"uv": [2, 8, 3, 9], "texture": "#cross"},
				"west": {"uv": [2, 8, 3, 9], "texture": "#cross"},
				"up": {"uv": [2, 8, 3, 9], "rotation": 270, "texture": "#cross"}
			}
		},
		{
			"from": [7.5, 9, 8.5],
			"to": [8.5, 10, 9.5],
			"rotation": {"angle": 45, "axis": "y", "origin": [8, 8.25, 9.5]},
			"faces": {
				"east": {"uv": [8, 6, 9, 7], "texture": "#cross"},
				"south": {"uv": [8, 6, 9, 7], "texture": "#cross"},
				"west": {"uv": [8, 6, 9, 7], "texture": "#cross"},
				"up": {"uv": [8, 6, 9, 7], "rotation": 270, "texture": "#cross"},
				"down": {"uv": [8, 6, 9, 7], "rotation": 90, "texture": "#cross"}
			}
		},
		{
			"from": [7.5, 4, 1.5],
			"to": [8.5, 7, 2.5],
			"rotation": {"angle": 45, "axis": "y", "origin": [8, 8.25, 9.5]},
			"faces": {
				"north": {"uv": [15, 9, 16, 12], "texture": "#cross"},
				"east": {"uv": [15, 9, 16, 12], "texture": "#cross"},
				"south": {"uv": [15, 9, 16, 12], "texture": "#cross"},
				"west": {"uv": [15, 9, 16, 12], "texture": "#cross"},
				"up": {"uv": [15, 9, 16, 10], "rotation": 270, "texture": "#cross"},
				"down": {"uv": [15, 11, 16, 12], "rotation": 90, "texture": "#cross"}
			}
		},
		{
			"from": [7.5, 2, 7.5],
			"to": [8.5, 5, 8.5],
			"rotation": {"angle": 45, "axis": "y", "origin": [8, 8.25, 9.5]},
			"faces": {
				"north": {"uv": [9, 11, 10, 14], "texture": "#cross"},
				"east": {"uv": [9, 11, 10, 14], "texture": "#cross"},
				"south": {"uv": [9, 11, 10, 14], "texture": "#cross"},
				"west": {"uv": [9, 11, 10, 14], "texture": "#cross"},
				"up": {"uv": [9, 11, 10, 12], "rotation": 270, "texture": "#cross"}
			}
		},
		{
			"from": [7.5, 5, 12.5],
			"to": [8.5, 8, 13.5],
			"rotation": {"angle": 45, "axis": "y", "origin": [8, 8.25, 9.5]},
			"faces": {
				"north": {"uv": [4, 8, 5, 11], "texture": "#cross"},
				"east": {"uv": [4, 8, 5, 11], "texture": "#cross"},
				"south": {"uv": [4, 8, 5, 11], "texture": "#cross"},
				"west": {"uv": [4, 8, 5, 11], "texture": "#cross"},
				"up": {"uv": [4, 8, 5, 9], "rotation": 270, "texture": "#cross"},
				"down": {"uv": [4, 10, 5, 11], "rotation": 90, "texture": "#cross"}
			}
		},
		{
			"from": [7.5, 5, 16.5],
			"to": [8.5, 9, 17.5],
			"rotation": {"angle": 45, "axis": "y", "origin": [8, 8.25, 9.5]},
			"faces": {
				"north": {"uv": [0, 7, 1, 11], "texture": "#cross"},
				"east": {"uv": [0, 7, 1, 11], "texture": "#cross"},
				"south": {"uv": [0, 7, 1, 11], "texture": "#cross"},
				"west": {"uv": [0, 7, 1, 11], "texture": "#cross"},
				"up": {"uv": [0, 7, 1, 8], "rotation": 270, "texture": "#cross"},
				"down": {"uv": [0, 10, 1, 11], "rotation": 90, "texture": "#cross"}
			}
		},
		{
			"from": [7.5, 8, 11.5],
			"to": [8.5, 11, 12.5],
			"rotation": {"angle": 45, "axis": "y", "origin": [8, 8.25, 9.5]},
			"faces": {
				"north": {"uv": [5, 5, 6, 8], "texture": "#cross"},
				"east": {"uv": [5, 5, 6, 8], "texture": "#cross"},
				"south": {"uv": [5, 5, 6, 8], "texture": "#cross"},
				"west": {"uv": [5, 5, 6, 8], "texture": "#cross"},
				"up": {"uv": [5, 5, 6, 6], "rotation": 270, "texture": "#cross"},
				"down": {"uv": [5, 7, 6, 8], "rotation": 90, "texture": "#cross"}
			}
		},
		{
			"from": [7.5, 10, 14.5],
			"to": [8.5, 14, 15.5],
			"rotation": {"angle": 45, "axis": "y", "origin": [8, 8.25, 9.5]},
			"faces": {
				"north": {"uv": [2, 2, 3, 6], "texture": "#cross"},
				"east": {"uv": [2, 2, 3, 6], "texture": "#cross"},
				"south": {"uv": [2, 2, 3, 6], "texture": "#cross"},
				"west": {"uv": [2, 2, 3, 6], "texture": "#cross"},
				"up": {"uv": [2, 2, 3, 3], "rotation": 270, "texture": "#cross"},
				"down": {"uv": [2, 5, 3, 6], "rotation": 90, "texture": "#cross"}
			}
		},
		{
			"from": [7.5, 3, 13.5],
			"to": [8.5, 7, 15.5],
			"rotation": {"angle": 45, "axis": "y", "origin": [8, 8.25, 9.5]},
			"faces": {
				"north": {"uv": [3, 9, 4, 13], "texture": "#cross"},
				"east": {"uv": [2, 9, 4, 13], "texture": "#cross"},
				"south": {"uv": [2, 9, 3, 13], "texture": "#cross"},
				"west": {"uv": [2, 9, 4, 13], "texture": "#cross"},
				"up": {"uv": [2, 9, 4, 10], "rotation": 270, "texture": "#cross"},
				"down": {"uv": [2, 12, 4, 13], "rotation": 90, "texture": "#cross"}
			}
		}
	]
}