{"credit":"Made with Blockbench by Valdr687","ambientocclusion":false,"textures":{"particle":"block/flower_pot","flowerpot":"block/flower_pot","dirt":"block/podzol_top"},"elements":[{"from":[5,0,5],"to":[6,6,11],"faces":{"north":{"uv":[10,10,11,16],"texture":"#flowerpot"},"east":{"uv":[5,10,11,16],"texture":"#flowerpot"},"south":{"uv":[5,10,6,16],"texture":"#flowerpot"},"west":{"uv":[5,10,11,16],"texture":"#flowerpot"},"up":{"uv":[5,5,6,11],"texture":"#flowerpot"},"down":{"uv":[5,5,6,11],"texture":"#flowerpot","cullface":"down"}}},{"from":[10,0,5],"to":[11,6,11],"faces":{"north":{"uv":[5,10,6,16],"texture":"#flowerpot"},"east":{"uv":[5,10,11,16],"texture":"#flowerpot"},"south":{"uv":[10,10,11,16],"texture":"#flowerpot"},"west":{"uv":[5,10,11,16],"texture":"#flowerpot"},"up":{"uv":[10,5,11,11],"texture":"#flowerpot"},"down":{"uv":[10,5,11,11],"texture":"#flowerpot","cullface":"down"}}},{"from":[6,0,5],"to":[10,6,6],"faces":{"north":{"uv":[6,10,10,16],"texture":"#flowerpot"},"south":{"uv":[6,10,10,16],"texture":"#flowerpot"},"up":{"uv":[6,5,10,6],"texture":"#flowerpot"},"down":{"uv":[6,10,10,11],"texture":"#flowerpot","cullface":"down"}}},{"from":[6,0,10],"to":[10,6,11],"faces":{"north":{"uv":[6,10,10,16],"texture":"#flowerpot"},"south":{"uv":[6,10,10,16],"texture":"#flowerpot"},"up":{"uv":[6,10,10,11],"texture":"#flowerpot"},"down":{"uv":[6,5,10,6],"texture":"#flowerpot","cullface":"down"}}},{"from":[6,0,6],"to":[10,4,10],"faces":{"up":{"uv":[6,6,10,10],"texture":"#dirt"},"down":{"uv":[6,12,10,16],"texture":"#flowerpot","cullface":"down"}}},{"from":[2.6,4,8],"to":[13.4,16,8],"rotation":{"angle":45,"axis":"y","origin":[8,8,8],"rescale":true},"faces":{"north":{"uv":[0,0,16,16],"texture":"#plant"},"south":{"uv":[0,0,16,16],"texture":"#plant"}}},{"from":[8,4,2.6],"to":[8,16,13.4],"rotation":{"angle":45,"axis":"y","origin":[8,8,8],"rescale":true},"faces":{"east":{"uv":[0,0,16,16],"texture":"#plant"},"west":{"uv":[0,0,16,16],"texture":"#plant"}}}]}