{"credit":"Made with Blockbench by Valdr687","parent":"block/block","textures":{"top":"block/mangrove_leaves_top","bottom":"block/mangrove_leaves_bottom","particle":"block/mangrove_leaves","all":"block/mangrove_leaves"},"elements":[{"from":[-8,-8.025,8],"to":[24,23.975,8],"rotation":{"angle":22.5,"axis":"y","origin":[8,8,8]},"faces":{"north":{"uv":[0,0,16,16],"texture":"#top","cullface":"down","tintindex":0},"south":{"uv":[0,0,16,16],"texture":"#top","cullface":"down","tintindex":0}}},{"from":[8,-7.975,-8],"to":[8,24.025,24],"rotation":{"angle":22.5,"axis":"y","origin":[8,8,8]},"faces":{"east":{"uv":[0,0,16,16],"texture":"#top","cullface":"down","tintindex":0},"west":{"uv":[0,0,16,16],"texture":"#top","cullface":"down","tintindex":0}}},{"from":[8,-8,-8],"to":[8,24,24],"rotation":{"angle":-22.5,"axis":"y","origin":[8,8,8]},"faces":{"east":{"uv":[0,0,16,16],"texture":"#bottom","cullface":"down","tintindex":0},"west":{"uv":[0,0,16,16],"texture":"#bottom","cullface":"down","tintindex":0}}},{"from":[-8,-8,8],"to":[24,24,8],"rotation":{"angle":-22.5,"axis":"y","origin":[8,8,8]},"faces":{"north":{"uv":[0,0,16,16],"texture":"#bottom","cullface":"down","tintindex":0},"south":{"uv":[0,0,16,16],"texture":"#bottom","cullface":"down","tintindex":0}}},{"from":[0,0,0],"to":[16,16,16],"faces":{"north":{"uv":[0,0,16,16],"texture":"#all","cullface":"north","tintindex":0},"east":{"uv":[0,0,16,16],"texture":"#all","cullface":"east","tintindex":0},"south":{"uv":[0,0,16,16],"texture":"#all","cullface":"south","tintindex":0},"west":{"uv":[0,0,16,16],"texture":"#all","cullface":"west","tintindex":0},"up":{"uv":[0,0,16,16],"texture":"#all","cullface":"up","tintindex":0},"down":{"uv":[0,0,16,16],"texture":"#all","cullface":"down","tintindex":0}}}]}