{"credit":"Made with Blockbench by Valdr687","ambientocclusion":false,"textures":{"particle":"block/lily_pad2","texture":"block/lily_pad2"},"elements":[{"from":[2,0,2],"to":[7,1,5],"faces":{"north":{"uv":[1,2,6,3],"texture":"#texture","tintindex":1},"east":{"uv":[1,2,2,5],"rotation":90,"texture":"#texture","tintindex":1},"south":{"uv":[1,4,6,5],"texture":"#texture","tintindex":1},"west":{"uv":[6,2,5,5],"rotation":90,"texture":"#texture","tintindex":1},"up":{"uv":[1,2,6,5],"texture":"#texture","tintindex":1},"down":{"uv":[1,2,6,5],"texture":"#texture","tintindex":1}}},{"from":[3,0,1],"to":[6,1,2],"faces":{"north":{"uv":[2,1,5,2],"texture":"#texture","tintindex":1},"east":{"uv":[4,1,5,2],"texture":"#texture","tintindex":1},"west":{"uv":[2,1,3,2],"texture":"#texture","tintindex":1},"up":{"uv":[2,1,5,2],"texture":"#texture","tintindex":1},"down":{"uv":[2,1,5,2],"texture":"#texture","tintindex":1}}},{"from":[3,0,5],"to":[6,1,6],"faces":{"east":{"uv":[4,5,5,6],"texture":"#texture","tintindex":1},"south":{"uv":[2,5,5,6],"texture":"#texture","tintindex":1},"west":{"uv":[2,5,3,6],"texture":"#texture","tintindex":1},"up":{"uv":[2,5,5,6],"texture":"#texture","tintindex":1},"down":{"uv":[2,5,5,6],"texture":"#texture","tintindex":1}}},{"from":[12,0,8],"to":[14,1,9],"faces":{"east":{"uv":[10,6,11,7],"texture":"#texture","tintindex":1},"south":{"uv":[9,6,11,7],"texture":"#texture","tintindex":1},"west":{"uv":[9,6,10,7],"texture":"#texture","tintindex":1},"up":{"uv":[9,6,11,7],"texture":"#texture","tintindex":1},"down":{"uv":[9,6,11,7],"texture":"#texture","tintindex":1}}},{"from":[11,0,6],"to":[15,1,8],"faces":{"north":{"uv":[8,7,12,8],"texture":"#texture","tintindex":1},"east":{"uv":[8,7,9,9],"rotation":90,"texture":"#texture","tintindex":1},"south":{"uv":[8,8,12,9],"texture":"#texture","tintindex":1},"west":{"uv":[12,7,11,9],"rotation":90,"texture":"#texture","tintindex":1},"up":{"uv":[8,7,12,9],"texture":"#texture","tintindex":1},"down":{"uv":[8,7,12,9],"texture":"#texture","tintindex":1}}},{"from":[12,0,5],"to":[14,1,6],"faces":{"north":{"uv":[9,6,11,7],"texture":"#texture","tintindex":1},"east":{"uv":[10,6,11,7],"texture":"#texture","tintindex":1},"west":{"uv":[9,6,10,7],"texture":"#texture","tintindex":1},"up":{"uv":[9,6,11,7],"texture":"#texture","tintindex":1},"down":{"uv":[9,6,11,7],"texture":"#texture","tintindex":1}}},{"from":[4,0,10],"to":[11,1,13],"faces":{"north":{"uv":[1,11,8,12],"texture":"#texture","tintindex":1},"east":{"uv":[7,11,8,14],"rotation":90,"texture":"#texture","tintindex":1},"south":{"uv":[1,13,8,14],"texture":"#texture","tintindex":1},"west":{"uv":[1,11,2,14],"rotation":90,"texture":"#texture","tintindex":1},"up":{"uv":[1,11,8,14],"texture":"#texture","tintindex":1},"down":{"uv":[1,14,8,11],"texture":"#texture","tintindex":1}}},{"from":[4,0,9],"to":[7,1,10],"faces":{"north":{"uv":[1,10,4,11],"texture":"#texture","tintindex":1},"east":{"uv":[3,10,4,11],"texture":"#texture","tintindex":1},"west":{"uv":[1,10,2,11],"texture":"#texture","tintindex":1},"up":{"uv":[1,10,4,11],"texture":"#texture","tintindex":1},"down":{"uv":[1,10,4,11],"texture":"#texture","tintindex":1}}},{"from":[8,0,9],"to":[11,1,10],"faces":{"north":{"uv":[5,10,8,11],"texture":"#texture","tintindex":1},"east":{"uv":[7,10,8,11],"texture":"#texture","tintindex":1},"west":{"uv":[5,10,6,11],"texture":"#texture","tintindex":1},"up":{"uv":[5,10,8,11],"texture":"#texture","tintindex":1},"down":{"uv":[5,10,8,11],"texture":"#texture","tintindex":1}}},{"from":[6,0,14],"to":[9,1,15],"faces":{"east":{"uv":[5,15,6,16],"texture":"#texture","tintindex":1},"south":{"uv":[3,15,6,16],"texture":"#texture","tintindex":1},"west":{"uv":[3,15,4,16],"texture":"#texture","tintindex":1},"up":{"uv":[3,15,6,16],"texture":"#texture","tintindex":1},"down":{"uv":[3,15,6,16],"texture":"#texture","tintindex":1}}},{"from":[5,0,13],"to":[10,1,14],"faces":{"east":{"uv":[6,14,7,15],"texture":"#texture","tintindex":1},"south":{"uv":[2,14,7,15],"texture":"#texture","tintindex":1},"west":{"uv":[2,14,3,15],"texture":"#texture","tintindex":1},"up":{"uv":[2,14,7,15],"texture":"#texture","tintindex":1},"down":{"uv":[2,14,7,15],"texture":"#texture","tintindex":1}}},{"from":[5,0,8],"to":[6,1,9],"faces":{"north":{"uv":[2,9,3,10],"texture":"#texture","tintindex":1},"east":{"uv":[2,9,3,10],"texture":"#texture","tintindex":1},"west":{"uv":[2,9,3,10],"texture":"#texture","tintindex":1},"up":{"uv":[2,9,3,10],"texture":"#texture","tintindex":1},"down":{"uv":[2,9,3,10],"texture":"#texture","tintindex":1}}},{"from":[9,0,8],"to":[10,1,9],"faces":{"north":{"uv":[6,9,7,10],"texture":"#texture","tintindex":1},"east":{"uv":[6,9,7,10],"texture":"#texture","tintindex":1},"west":{"uv":[6,9,7,10],"texture":"#texture","tintindex":1},"up":{"uv":[6,9,7,10],"texture":"#texture","tintindex":1},"down":{"uv":[6,9,7,10],"texture":"#texture","tintindex":1}}}]}