{"credit":"Made with Blockbench by Valdr687","textures":{"0":"block/melon_side","1":"block/melon_top","particle":"block/melon_side"},"elements":[{"from":[0,0,0],"to":[16,16,16],"faces":{"north":{"uv":[0,0,16,16],"texture":"#0"},"east":{"uv":[0,0,16,16],"texture":"#0"},"south":{"uv":[0,0,16,16],"texture":"#0"},"west":{"uv":[0,0,16,16],"texture":"#0"},"up":{"uv":[0,0,16,16],"texture":"#1"},"down":{"uv":[0,0,16,16],"texture":"#1"}}},{"from":[7,16,7],"to":[8,16.5,8],"faces":{"north":{"uv":[7,8,8,9],"texture":"#1"},"west":{"uv":[7,8,8,9],"texture":"#1"},"up":{"uv":[7,8,8,9],"texture":"#1"}}},{"from":[8,16,7],"to":[9,16.75,8],"faces":{"north":{"uv":[8,7,9,8],"texture":"#1"},"east":{"uv":[8,7,9,8],"texture":"#1"},"west":{"uv":[8,7,9,8],"texture":"#1"},"up":{"uv":[8,7,9,8],"texture":"#1"}}},{"from":[7,16,8],"to":[8,16.75,9],"faces":{"north":{"uv":[7,8,8,9],"texture":"#1"},"south":{"uv":[7,8,8,9],"texture":"#1"},"west":{"uv":[7,8,8,9],"texture":"#1"},"up":{"uv":[7,8,8,9],"texture":"#1"}}},{"from":[8,16,8],"to":[9,17,9],"faces":{"north":{"uv":[8,8,9,9],"texture":"#1"},"east":{"uv":[8,8,9,9],"texture":"#1"},"south":{"uv":[8,8,9,9],"texture":"#1"},"west":{"uv":[8,8,9,9],"texture":"#1"},"up":{"uv":[8,8,9,9],"texture":"#1"}}}],"display":{"thirdperson_righthand":{"rotation":[75,45,0],"translation":[0,2.5,0],"scale":[0.375,0.375,0.375]},"thirdperson_lefthand":{"rotation":[75,45,0],"translation":[0,2.5,0],"scale":[0.375,0.375,0.375]},"firstperson_righthand":{"rotation":[0,45,0],"scale":[0.4,0.4,0.4]},"firstperson_lefthand":{"rotation":[0,225,0],"scale":[0.4,0.4,0.4]},"ground":{"translation":[0,3,0],"scale":[0.25,0.25,0.25]},"gui":{"rotation":[30,225,0],"scale":[0.625,0.625,0.625]},"fixed":{"scale":[0.5,0.5,0.5]}}}