{"credit":"Made with Blockbench by Valdr687","parent":"minecraft:block/crop","textures":{"1":"block/nether_wart_stage2","2":"block/nether_wart_stage1","crop":"block/nether_wart_stage0","particle":"block/nether_wart_stage2"},"elements":[{"from":[11,10,1],"to":[15,11,5],"faces":{"north":{"uv":[11,5,15,6],"texture":"#2"},"east":{"uv":[11,5,15,6],"texture":"#2"},"south":{"uv":[11,5,15,6],"texture":"#2"},"west":{"uv":[8,0,12,1],"texture":"#crop"},"up":{"uv":[8,0,12,4],"texture":"#crop"}}},{"from":[11,0,1],"to":[15,2,5],"faces":{"north":{"uv":[2,14,6,16],"texture":"#1"},"east":{"uv":[2,14,6,16],"texture":"#1"},"south":{"uv":[2,14,6,16],"texture":"#1"},"west":{"uv":[2,14,6,16],"texture":"#1"},"down":{"uv":[0,0,0,0],"texture":"#crop"}}},{"from":[11,2,1],"to":[15,7,5],"faces":{"north":{"uv":[2,11,6,16],"texture":"#1"},"east":{"uv":[2,11,6,16],"texture":"#1"},"south":{"uv":[2,11,6,16],"texture":"#1"},"west":{"uv":[2,11,6,16],"texture":"#1"}}},{"from":[10,7,0],"to":[16,10,6],"faces":{"north":{"uv":[10,6,16,9],"texture":"#2"},"east":{"uv":[10,6,16,9],"texture":"#2"},"south":{"uv":[10,6,16,9],"texture":"#2"},"west":{"uv":[1,7,7,10],"texture":"#2"},"up":{"uv":[3,0,8,5],"texture":"#crop"},"down":{"uv":[3,0,8,5],"texture":"#crop"}}},{"from":[2,0,11],"to":[5,3,14],"faces":{"north":{"uv":[11,13,14,16],"texture":"#crop"},"east":{"uv":[11,13,14,16],"texture":"#crop"},"south":{"uv":[11,13,14,16],"texture":"#crop"},"west":{"uv":[11,13,14,16],"texture":"#crop"},"down":{"uv":[0,0,0,0],"texture":"#crop"}}},{"from":[1,3,10],"to":[6,5,15],"faces":{"north":{"uv":[2,12,7,14],"texture":"#crop"},"east":{"uv":[2,12,7,14],"texture":"#crop"},"south":{"uv":[2,12,7,14],"texture":"#crop"},"west":{"uv":[2,12,7,14],"texture":"#crop"},"up":{"uv":[3,0,8,5],"texture":"#crop"},"down":{"uv":[3,0,8,5],"texture":"#crop"}}},{"from":[1,2,1],"to":[6,4,6],"faces":{"north":{"uv":[2,12,7,14],"texture":"#crop"},"east":{"uv":[2,12,7,14],"texture":"#crop"},"south":{"uv":[2,12,7,14],"texture":"#crop"},"west":{"uv":[2,12,7,14],"texture":"#crop"},"up":{"uv":[3,0,8,5],"texture":"#crop"},"down":{"uv":[3,0,8,5],"texture":"#crop"}}},{"from":[2,5,11],"to":[5,6,14],"faces":{"north":{"uv":[11,10,14,11],"texture":"#crop"},"east":{"uv":[11,10,14,11],"texture":"#crop"},"south":{"uv":[11,10,14,11],"texture":"#crop"},"west":{"uv":[11,10,14,11],"texture":"#crop"},"up":{"uv":[0,0,3,3],"texture":"#crop"}}},{"from":[2,4,2],"to":[5,5,5],"faces":{"north":{"uv":[11,10,14,11],"texture":"#crop"},"east":{"uv":[11,10,14,11],"texture":"#crop"},"south":{"uv":[11,10,14,11],"texture":"#crop"},"west":{"uv":[11,10,14,11],"texture":"#crop"},"up":{"uv":[0,0,3,3],"texture":"#crop"}}},{"from":[10,4,11],"to":[12,5,13],"faces":{"north":{"uv":[11,10,13,11],"texture":"#crop"},"east":{"uv":[11,10,13,11],"texture":"#crop"},"south":{"uv":[11,10,13,11],"texture":"#crop"},"west":{"uv":[11,10,13,11],"texture":"#crop"},"up":{"uv":[0,0,2,2],"texture":"#crop"}}},{"from":[9,2,10],"to":[13,4,14],"faces":{"north":{"uv":[0,5,4,7],"texture":"#crop"},"east":{"uv":[0,5,4,7],"texture":"#crop"},"south":{"uv":[0,5,4,7],"texture":"#crop"},"west":{"uv":[0,5,4,7],"texture":"#crop"},"up":{"uv":[8,0,12,4],"texture":"#crop"},"down":{"uv":[8,0,12,4],"texture":"#crop"}}},{"from":[10,0,11],"to":[12,2,13],"faces":{"north":{"uv":[0,4,2,5],"texture":"#crop"},"east":{"uv":[0,4,2,5],"texture":"#crop"},"south":{"uv":[0,4,2,5],"texture":"#crop"},"west":{"uv":[0,4,2,5],"texture":"#crop"},"down":{"uv":[0,2,2,4],"texture":"#crop"}}},{"from":[2,0,2],"to":[5,2,5],"faces":{"north":{"uv":[3,14,6,16],"texture":"#crop"},"east":{"uv":[3,14,6,16],"texture":"#crop"},"south":{"uv":[3,14,6,16],"texture":"#crop"},"west":{"uv":[3,14,6,16],"texture":"#crop"},"down":{"uv":[0,2,2,4],"texture":"#crop"}}}]}