{"credit":"Made with Blockbench by Valdr687","textures":{"0":"block/oxeye_daisy","particle":"block/oxeye_daisy"},"elements":[{"from":[6.55,7,4.55],"to":[9.55,7,6.55],"rotation":{"angle":22.5,"axis":"x","origin":[8.05,7,6.5]},"faces":{"up":{"uv":[9,4,11,7],"rotation":270,"texture":"#0"},"down":{"uv":[9,4,11,7],"rotation":90,"texture":"#0"}}},{"from":[9.5,7,6.5],"to":[11.5,7,9.5],"rotation":{"angle":22.5,"axis":"z","origin":[9.5,7,8]},"faces":{"up":{"uv":[4,4,6,7],"rotation":180,"texture":"#0"},"down":{"uv":[4,4,6,7],"rotation":180,"texture":"#0"}}},{"from":[6.55,7,9.45],"to":[9.55,7,11.45],"rotation":{"angle":-22.5,"axis":"x","origin":[8.05,7,9.45]},"faces":{"up":{"uv":[4,4,6,7],"rotation":270,"texture":"#0"},"down":{"uv":[4,4,6,7],"rotation":90,"texture":"#0"}}},{"from":[4.6,7,6.5],"to":[6.6,7,9.5],"rotation":{"angle":-22.5,"axis":"z","origin":[6.6,7,8]},"faces":{"up":{"uv":[9,4,11,7],"rotation":180,"texture":"#0"},"down":{"uv":[9,4,11,7],"rotation":180,"texture":"#0"}}},{"from":[6.55,6.975,9.45],"to":[9.55,6.975,11.45],"rotation":{"angle":45,"axis":"y","origin":[8.05,7,8]},"faces":{"up":{"uv":[4,4,6,7],"rotation":270,"texture":"#0"},"down":{"uv":[4,4,6,7],"rotation":90,"texture":"#0"}}},{"from":[6.55,6.975,4.55],"to":[9.55,6.975,6.55],"rotation":{"angle":45,"axis":"y","origin":[8.05,7,8]},"faces":{"up":{"uv":[9,4,11,7],"rotation":270,"texture":"#0"},"down":{"uv":[9,4,11,7],"rotation":90,"texture":"#0"}}},{"from":[4.6,6.975,6.5],"to":[6.6,6.975,9.5],"rotation":{"angle":45,"axis":"y","origin":[8.05,7,8]},"faces":{"up":{"uv":[4,4,6,7],"texture":"#0"},"down":{"uv":[4,4,6,7],"texture":"#0"}}},{"from":[9.5,6.975,6.5],"to":[11.5,6.975,9.5],"rotation":{"angle":45,"axis":"y","origin":[8.05,7,8]},"faces":{"up":{"uv":[9,4,11,7],"texture":"#0"},"down":{"uv":[9,4,11,7],"texture":"#0"}}},{"from":[6.55,7.025,9.45],"to":[9.55,7.025,11.45],"rotation":{"angle":45,"axis":"y","origin":[8.05,7,8]},"faces":{"up":{"uv":[4,4,6,7],"rotation":270,"texture":"#0"},"down":{"uv":[4,4,6,7],"rotation":90,"texture":"#0"}}},{"from":[6.55,7.025,4.55],"to":[9.55,7.025,6.55],"rotation":{"angle":45,"axis":"y","origin":[8.05,7,8]},"faces":{"up":{"uv":[9,4,11,7],"rotation":270,"texture":"#0"},"down":{"uv":[9,4,11,7],"rotation":90,"texture":"#0"}}},{"from":[4.6,7.025,6.5],"to":[6.6,7.025,9.5],"rotation":{"angle":45,"axis":"y","origin":[8.05,7,8]},"faces":{"up":{"uv":[4,4,6,7],"texture":"#0"},"down":{"uv":[4,4,6,7],"texture":"#0"}}},{"from":[9.5,7.025,6.5],"to":[11.5,7.025,9.5],"rotation":{"angle":45,"axis":"y","origin":[8.05,7,8]},"faces":{"up":{"uv":[9,4,11,7],"texture":"#0"},"down":{"uv":[9,4,11,7],"texture":"#0"}}},{"from":[6.5,7,6.5],"to":[9.5,7,9.5],"faces":{"up":{"uv":[6,4,9,7],"texture":"#0"},"down":{"uv":[6,4,9,7],"texture":"#0"}}},{"from":[8,0,5.5],"to":[8,7,10.5],"rotation":{"angle":-45,"axis":"y","origin":[8,3.5,8]},"faces":{"east":{"uv":[10,9,5,16],"texture":"#0"},"west":{"uv":[5,9,10,16],"texture":"#0"}}},{"from":[8,0,5.5],"to":[8,7,10.5],"rotation":{"angle":45,"axis":"y","origin":[8,3.5,8]},"faces":{"east":{"uv":[10,9,5,16],"texture":"#0"},"west":{"uv":[5,9,10,16],"texture":"#0"}}},{"from":[7.5,0,7.5],"to":[8.5,6.975,8.5],"faces":{"north":{"uv":[7,9,8,16],"texture":"#0"},"east":{"uv":[7,9,8,16],"texture":"#0"},"south":{"uv":[7,9,8,16],"texture":"#0"},"west":{"uv":[7,9,8,16],"texture":"#0"},"up":{"uv":[7,9,8,10],"texture":"#0"},"down":{"uv":[7,16,8,15],"texture":"#0"}}}]}