{"credit":"Made with Blockbench by Valdr687","textures":{"0":"block/peony_bottom","1":"block/peony2","particle":"block/peony_bottom"},"elements":[{"from":[8,0,0],"to":[8,16,16],"faces":{"north":{"uv":[0,0,0,16],"texture":"#0"},"east":{"uv":[16,0,0,16],"texture":"#0"},"south":{"uv":[0,0,0,16],"texture":"#0"},"west":{"uv":[0,0,16,16],"texture":"#0"},"up":{"uv":[0,0,0,16],"texture":"#0"},"down":{"uv":[0,0,0,16],"texture":"#0"}}},{"from":[0,0,8],"to":[16,16,8],"faces":{"north":{"uv":[16,0,0,16],"texture":"#0"},"east":{"uv":[0,0,0,16],"texture":"#0"},"south":{"uv":[0,0,16,16],"texture":"#0"},"west":{"uv":[0,0,0,16],"texture":"#0"},"up":{"uv":[0,0,0,16],"rotation":270,"texture":"#0"},"down":{"uv":[0,0,0,16],"rotation":90,"texture":"#0"}}},{"from":[6.525,6,12.5],"to":[9.525,6,15.5],"rotation":{"angle":45,"axis":"x","origin":[8,6,14]},"faces":{"north":{"uv":[0,0,3,0],"texture":"#missing"},"east":{"uv":[0,0,3,0],"texture":"#missing"},"south":{"uv":[0,0,3,0],"texture":"#missing"},"west":{"uv":[0,0,3,0],"texture":"#missing"},"up":{"uv":[3,3,6,6],"texture":"#1"},"down":{"uv":[3,3,6,6],"texture":"#1"}}},{"from":[6.525,6,12.5],"to":[6.525,9,15.5],"rotation":{"angle":45,"axis":"x","origin":[8,6,14]},"faces":{"north":{"uv":[0,0,0,3],"texture":"#missing"},"east":{"uv":[0,3,3,6],"texture":"#1"},"south":{"uv":[0,0,0,3],"texture":"#missing"},"west":{"uv":[0,3,3,6],"texture":"#1"},"up":{"uv":[3,3,3,6],"texture":"#1"},"down":{"uv":[3,3,3,6],"texture":"#1"}}},{"from":[9.525,6,12.5],"to":[9.525,9,15.5],"rotation":{"angle":45,"axis":"x","origin":[8,6,14]},"faces":{"north":{"uv":[0,0,0,3],"texture":"#missing"},"east":{"uv":[6,3,9,6],"texture":"#1"},"south":{"uv":[0,0,0,3],"texture":"#missing"},"west":{"uv":[6,3,9,6],"texture":"#1"},"up":{"uv":[3,3,3,6],"texture":"#1"},"down":{"uv":[3,3,3,6],"texture":"#1"}}},{"from":[6.525,6,12.5],"to":[9.525,9,12.5],"rotation":{"angle":45,"axis":"x","origin":[8,6,14]},"faces":{"north":{"uv":[3,0,6,3],"texture":"#1"},"east":{"uv":[0,0,0,3],"texture":"#missing"},"south":{"uv":[3,0,6,3],"texture":"#1"},"west":{"uv":[0,0,0,3],"texture":"#missing"},"up":{"uv":[3,3,6,3],"texture":"#1"},"down":{"uv":[3,3,6,3],"texture":"#1"}}},{"from":[6.525,6,15.5],"to":[9.525,9,15.5],"rotation":{"angle":45,"axis":"x","origin":[8,6,14]},"faces":{"north":{"uv":[3,6,6,9],"texture":"#1"},"east":{"uv":[0,0,0,3],"texture":"#missing"},"south":{"uv":[3,6,6,9],"texture":"#1"},"west":{"uv":[0,0,0,3],"texture":"#missing"},"up":{"uv":[3,3,6,3],"texture":"#1"},"down":{"uv":[3,3,6,3],"texture":"#1"}}},{"from":[6.525,11,12.5],"to":[9.525,11,15.5],"rotation":{"angle":45,"axis":"x","origin":[8,11,14]},"faces":{"north":{"uv":[0,0,3,0],"texture":"#missing"},"east":{"uv":[0,0,3,0],"texture":"#missing"},"south":{"uv":[0,0,3,0],"texture":"#missing"},"west":{"uv":[0,0,3,0],"texture":"#missing"},"up":{"uv":[3,3,6,6],"texture":"#1"},"down":{"uv":[3,3,6,6],"texture":"#1"}}},{"from":[6.525,11,12.5],"to":[6.525,14,15.5],"rotation":{"angle":45,"axis":"x","origin":[8,11,14]},"faces":{"north":{"uv":[0,0,0,3],"texture":"#missing"},"east":{"uv":[0,3,3,6],"texture":"#1"},"south":{"uv":[0,0,0,3],"texture":"#missing"},"west":{"uv":[0,3,3,6],"texture":"#1"},"up":{"uv":[3,3,3,6],"texture":"#1"},"down":{"uv":[3,3,3,6],"texture":"#1"}}},{"from":[9.525,11,12.5],"to":[9.525,14,15.5],"rotation":{"angle":45,"axis":"x","origin":[8,11,14]},"faces":{"north":{"uv":[0,0,0,3],"texture":"#missing"},"east":{"uv":[6,3,9,6],"texture":"#1"},"south":{"uv":[0,0,0,3],"texture":"#missing"},"west":{"uv":[6,3,9,6],"texture":"#1"},"up":{"uv":[3,3,3,6],"texture":"#1"},"down":{"uv":[3,3,3,6],"texture":"#1"}}},{"from":[6.525,11,12.5],"to":[9.525,14,12.5],"rotation":{"angle":45,"axis":"x","origin":[8,11,14]},"faces":{"north":{"uv":[3,0,6,3],"texture":"#1"},"east":{"uv":[0,0,0,3],"texture":"#missing"},"south":{"uv":[3,0,6,3],"texture":"#1"},"west":{"uv":[0,0,0,3],"texture":"#missing"},"up":{"uv":[3,3,6,3],"texture":"#1"},"down":{"uv":[3,3,6,3],"texture":"#1"}}},{"from":[6.525,11,15.5],"to":[9.525,14,15.5],"rotation":{"angle":45,"axis":"x","origin":[8,11,14]},"faces":{"north":{"uv":[3,6,6,9],"texture":"#1"},"east":{"uv":[0,0,0,3],"texture":"#missing"},"south":{"uv":[3,6,6,9],"texture":"#1"},"west":{"uv":[0,0,0,3],"texture":"#missing"},"up":{"uv":[3,3,6,3],"texture":"#1"},"down":{"uv":[3,3,6,3],"texture":"#1"}}},{"from":[6.475,15,0.5],"to":[9.475,15,3.5],"rotation":{"angle":-45,"axis":"x","origin":[8,15,2]},"faces":{"north":{"uv":[0,0,3,0],"texture":"#missing"},"east":{"uv":[0,0,3,0],"texture":"#missing"},"south":{"uv":[0,0,3,0],"texture":"#missing"},"west":{"uv":[0,0,3,0],"texture":"#missing"},"up":{"uv":[3,3,6,6],"texture":"#1"},"down":{"uv":[3,3,6,6],"texture":"#1"}}},{"from":[6.475,15,0.5],"to":[6.475,18,3.5],"rotation":{"angle":-45,"axis":"x","origin":[8,15,2]},"faces":{"north":{"uv":[0,0,0,3],"texture":"#missing"},"east":{"uv":[0,3,3,6],"texture":"#1"},"south":{"uv":[0,0,0,3],"texture":"#missing"},"west":{"uv":[0,3,3,6],"texture":"#1"},"up":{"uv":[3,3,3,6],"texture":"#1"},"down":{"uv":[3,3,3,6],"texture":"#1"}}},{"from":[9.475,15,0.5],"to":[9.475,18,3.5],"rotation":{"angle":-45,"axis":"x","origin":[8,15,2]},"faces":{"north":{"uv":[0,0,0,3],"texture":"#missing"},"east":{"uv":[6,3,9,6],"texture":"#1"},"south":{"uv":[0,0,0,3],"texture":"#missing"},"west":{"uv":[6,3,9,6],"texture":"#1"},"up":{"uv":[3,3,3,6],"texture":"#1"},"down":{"uv":[3,3,3,6],"texture":"#1"}}},{"from":[6.475,15,0.5],"to":[9.475,18,0.5],"rotation":{"angle":-45,"axis":"x","origin":[8,15,2]},"faces":{"north":{"uv":[3,0,6,3],"texture":"#1"},"east":{"uv":[0,0,0,3],"texture":"#missing"},"south":{"uv":[3,0,6,3],"texture":"#1"},"west":{"uv":[0,0,0,3],"texture":"#missing"},"up":{"uv":[3,3,6,3],"texture":"#1"},"down":{"uv":[3,3,6,3],"texture":"#1"}}},{"from":[6.475,15,3.5],"to":[9.475,18,3.5],"rotation":{"angle":-45,"axis":"x","origin":[8,15,2]},"faces":{"north":{"uv":[3,6,6,9],"texture":"#1"},"east":{"uv":[0,0,0,3],"texture":"#missing"},"south":{"uv":[3,6,6,9],"texture":"#1"},"west":{"uv":[0,0,0,3],"texture":"#missing"},"up":{"uv":[3,3,6,3],"texture":"#1"},"down":{"uv":[3,3,6,3],"texture":"#1"}}},{"from":[6.475,7,-0.5],"to":[9.475,7,2.5],"rotation":{"angle":-45,"axis":"x","origin":[8,7,1]},"faces":{"north":{"uv":[0,0,3,0],"texture":"#missing"},"east":{"uv":[0,0,3,0],"texture":"#missing"},"south":{"uv":[0,0,3,0],"texture":"#missing"},"west":{"uv":[0,0,3,0],"texture":"#missing"},"up":{"uv":[3,3,6,6],"texture":"#1"},"down":{"uv":[3,3,6,6],"texture":"#1"}}},{"from":[6.475,7,-0.5],"to":[6.475,10,2.5],"rotation":{"angle":-45,"axis":"x","origin":[8,7,1]},"faces":{"north":{"uv":[0,0,0,3],"texture":"#missing"},"east":{"uv":[0,3,3,6],"texture":"#1"},"south":{"uv":[0,0,0,3],"texture":"#missing"},"west":{"uv":[0,3,3,6],"texture":"#1"},"up":{"uv":[3,3,3,6],"texture":"#1"},"down":{"uv":[3,3,3,6],"texture":"#1"}}},{"from":[9.475,7,-0.5],"to":[9.475,10,2.5],"rotation":{"angle":-45,"axis":"x","origin":[8,7,1]},"faces":{"north":{"uv":[0,0,0,3],"texture":"#missing"},"east":{"uv":[6,3,9,6],"texture":"#1"},"south":{"uv":[0,0,0,3],"texture":"#missing"},"west":{"uv":[6,3,9,6],"texture":"#1"},"up":{"uv":[3,3,3,6],"texture":"#1"},"down":{"uv":[3,3,3,6],"texture":"#1"}}},{"from":[6.475,7,-0.5],"to":[9.475,10,-0.5],"rotation":{"angle":-45,"axis":"x","origin":[8,7,1]},"faces":{"north":{"uv":[3,0,6,3],"texture":"#1"},"east":{"uv":[0,0,0,3],"texture":"#missing"},"south":{"uv":[3,0,6,3],"texture":"#1"},"west":{"uv":[0,0,0,3],"texture":"#missing"},"up":{"uv":[3,3,6,3],"texture":"#1"},"down":{"uv":[3,3,6,3],"texture":"#1"}}},{"from":[6.475,7,2.5],"to":[9.475,10,2.5],"rotation":{"angle":-45,"axis":"x","origin":[8,7,1]},"faces":{"north":{"uv":[3,6,6,9],"texture":"#1"},"east":{"uv":[0,0,0,3],"texture":"#missing"},"south":{"uv":[3,6,6,9],"texture":"#1"},"west":{"uv":[0,0,0,3],"texture":"#missing"},"up":{"uv":[3,3,6,3],"texture":"#1"},"down":{"uv":[3,3,6,3],"texture":"#1"}}},{"from":[12.5,6,6.525],"to":[15.5,6,9.525],"rotation":{"angle":-45,"axis":"z","origin":[14,6,8]},"faces":{"north":{"uv":[0,0,3,0],"texture":"#missing"},"east":{"uv":[0,0,3,0],"texture":"#missing"},"south":{"uv":[0,0,3,0],"texture":"#missing"},"west":{"uv":[0,0,3,0],"texture":"#missing"},"up":{"uv":[3,3,6,6],"texture":"#1"},"down":{"uv":[3,3,6,6],"texture":"#1"}}},{"from":[12.5,6,6.525],"to":[12.5,9,9.525],"rotation":{"angle":-45,"axis":"z","origin":[14,6,8]},"faces":{"north":{"uv":[0,0,0,3],"texture":"#missing"},"east":{"uv":[0,3,3,6],"texture":"#1"},"south":{"uv":[0,0,0,3],"texture":"#missing"},"west":{"uv":[0,3,3,6],"texture":"#1"},"up":{"uv":[3,3,3,6],"texture":"#1"},"down":{"uv":[3,3,3,6],"texture":"#1"}}},{"from":[15.5,6,6.525],"to":[15.5,9,9.525],"rotation":{"angle":-45,"axis":"z","origin":[14,6,8]},"faces":{"north":{"uv":[0,0,0,3],"texture":"#missing"},"east":{"uv":[6,3,9,6],"texture":"#1"},"south":{"uv":[0,0,0,3],"texture":"#missing"},"west":{"uv":[6,3,9,6],"texture":"#1"},"up":{"uv":[3,3,3,6],"texture":"#1"},"down":{"uv":[3,3,3,6],"texture":"#1"}}},{"from":[12.5,6,6.525],"to":[15.5,9,6.525],"rotation":{"angle":-45,"axis":"z","origin":[14,6,8]},"faces":{"north":{"uv":[3,0,6,3],"texture":"#1"},"east":{"uv":[0,0,0,3],"texture":"#missing"},"south":{"uv":[3,0,6,3],"texture":"#1"},"west":{"uv":[0,0,0,3],"texture":"#missing"},"up":{"uv":[3,3,6,3],"texture":"#1"},"down":{"uv":[3,3,6,3],"texture":"#1"}}},{"from":[12.5,6,9.525],"to":[15.5,9,9.525],"rotation":{"angle":-45,"axis":"z","origin":[14,6,8]},"faces":{"north":{"uv":[3,6,6,9],"texture":"#1"},"east":{"uv":[0,0,0,3],"texture":"#missing"},"south":{"uv":[3,6,6,9],"texture":"#1"},"west":{"uv":[0,0,0,3],"texture":"#missing"},"up":{"uv":[3,3,6,3],"texture":"#1"},"down":{"uv":[3,3,6,3],"texture":"#1"}}},{"from":[12.5,11,6.525],"to":[15.5,11,9.525],"rotation":{"angle":-45,"axis":"z","origin":[14,11,8]},"faces":{"north":{"uv":[0,0,3,0],"texture":"#missing"},"east":{"uv":[0,0,3,0],"texture":"#missing"},"south":{"uv":[0,0,3,0],"texture":"#missing"},"west":{"uv":[0,0,3,0],"texture":"#missing"},"up":{"uv":[3,3,6,6],"texture":"#1"},"down":{"uv":[3,3,6,6],"texture":"#1"}}},{"from":[12.5,11,6.525],"to":[12.5,14,9.525],"rotation":{"angle":-45,"axis":"z","origin":[14,11,8]},"faces":{"north":{"uv":[0,0,0,3],"texture":"#missing"},"east":{"uv":[0,3,3,6],"texture":"#1"},"south":{"uv":[0,0,0,3],"texture":"#missing"},"west":{"uv":[0,3,3,6],"texture":"#1"},"up":{"uv":[3,3,3,6],"texture":"#1"},"down":{"uv":[3,3,3,6],"texture":"#1"}}},{"from":[15.5,11,6.525],"to":[15.5,14,9.525],"rotation":{"angle":-45,"axis":"z","origin":[14,11,8]},"faces":{"north":{"uv":[0,0,0,3],"texture":"#missing"},"east":{"uv":[6,3,9,6],"texture":"#1"},"south":{"uv":[0,0,0,3],"texture":"#missing"},"west":{"uv":[6,3,9,6],"texture":"#1"},"up":{"uv":[3,3,3,6],"texture":"#1"},"down":{"uv":[3,3,3,6],"texture":"#1"}}},{"from":[12.5,11,6.525],"to":[15.5,14,6.525],"rotation":{"angle":-45,"axis":"z","origin":[14,11,8]},"faces":{"north":{"uv":[3,0,6,3],"texture":"#1"},"east":{"uv":[0,0,0,3],"texture":"#missing"},"south":{"uv":[3,0,6,3],"texture":"#1"},"west":{"uv":[0,0,0,3],"texture":"#missing"},"up":{"uv":[3,3,6,3],"texture":"#1"},"down":{"uv":[3,3,6,3],"texture":"#1"}}},{"from":[12.5,11,9.525],"to":[15.5,14,9.525],"rotation":{"angle":-45,"axis":"z","origin":[14,11,8]},"faces":{"north":{"uv":[3,6,6,9],"texture":"#1"},"east":{"uv":[0,0,0,3],"texture":"#missing"},"south":{"uv":[3,6,6,9],"texture":"#1"},"west":{"uv":[0,0,0,3],"texture":"#missing"},"up":{"uv":[3,3,6,3],"texture":"#1"},"down":{"uv":[3,3,6,3],"texture":"#1"}}},{"from":[0.5,15,6.475],"to":[3.5,15,9.475],"rotation":{"angle":22.5,"axis":"z","origin":[2,15,8]},"faces":{"north":{"uv":[0,0,3,0],"texture":"#missing"},"east":{"uv":[0,0,3,0],"texture":"#missing"},"south":{"uv":[0,0,3,0],"texture":"#missing"},"west":{"uv":[0,0,3,0],"texture":"#missing"},"up":{"uv":[3,3,6,6],"texture":"#1"},"down":{"uv":[3,3,6,6],"texture":"#1"}}},{"from":[0.5,15,6.475],"to":[0.5,18,9.475],"rotation":{"angle":22.5,"axis":"z","origin":[2,15,8]},"faces":{"north":{"uv":[0,0,0,3],"texture":"#missing"},"east":{"uv":[0,3,3,6],"texture":"#1"},"south":{"uv":[0,0,0,3],"texture":"#missing"},"west":{"uv":[0,3,3,6],"texture":"#1"},"up":{"uv":[3,3,3,6],"texture":"#1"},"down":{"uv":[3,3,3,6],"texture":"#1"}}},{"from":[3.5,15,6.475],"to":[3.5,18,9.475],"rotation":{"angle":22.5,"axis":"z","origin":[2,15,8]},"faces":{"north":{"uv":[0,0,0,3],"texture":"#missing"},"east":{"uv":[6,3,9,6],"texture":"#1"},"south":{"uv":[0,0,0,3],"texture":"#missing"},"west":{"uv":[6,3,9,6],"texture":"#1"},"up":{"uv":[3,3,3,6],"texture":"#1"},"down":{"uv":[3,3,3,6],"texture":"#1"}}},{"from":[0.5,15,6.475],"to":[3.5,18,6.475],"rotation":{"angle":22.5,"axis":"z","origin":[2,15,8]},"faces":{"north":{"uv":[3,0,6,3],"texture":"#1"},"east":{"uv":[0,0,0,3],"texture":"#missing"},"south":{"uv":[3,0,6,3],"texture":"#1"},"west":{"uv":[0,0,0,3],"texture":"#missing"},"up":{"uv":[3,3,6,3],"texture":"#1"},"down":{"uv":[3,3,6,3],"texture":"#1"}}},{"from":[0.5,15,9.475],"to":[3.5,18,9.475],"rotation":{"angle":22.5,"axis":"z","origin":[2,15,8]},"faces":{"north":{"uv":[3,6,6,9],"texture":"#1"},"east":{"uv":[0,0,0,3],"texture":"#missing"},"south":{"uv":[3,6,6,9],"texture":"#1"},"west":{"uv":[0,0,0,3],"texture":"#missing"},"up":{"uv":[3,3,6,3],"texture":"#1"},"down":{"uv":[3,3,6,3],"texture":"#1"}}},{"from":[-0.5,7,6.475],"to":[2.5,7,9.475],"rotation":{"angle":22.5,"axis":"z","origin":[1,7,8]},"faces":{"north":{"uv":[0,0,3,0],"texture":"#missing"},"east":{"uv":[0,0,3,0],"texture":"#missing"},"south":{"uv":[0,0,3,0],"texture":"#missing"},"west":{"uv":[0,0,3,0],"texture":"#missing"},"up":{"uv":[3,3,6,6],"texture":"#1"},"down":{"uv":[3,3,6,6],"texture":"#1"}}},{"from":[-0.5,7,6.475],"to":[-0.5,10,9.475],"rotation":{"angle":22.5,"axis":"z","origin":[1,7,8]},"faces":{"north":{"uv":[0,0,0,3],"texture":"#missing"},"east":{"uv":[0,3,3,6],"texture":"#1"},"south":{"uv":[0,0,0,3],"texture":"#missing"},"west":{"uv":[0,3,3,6],"texture":"#1"},"up":{"uv":[3,3,3,6],"texture":"#1"},"down":{"uv":[3,3,3,6],"texture":"#1"}}},{"from":[2.5,7,6.475],"to":[2.5,10,9.475],"rotation":{"angle":22.5,"axis":"z","origin":[1,7,8]},"faces":{"north":{"uv":[0,0,0,3],"texture":"#missing"},"east":{"uv":[6,3,9,6],"texture":"#1"},"south":{"uv":[0,0,0,3],"texture":"#missing"},"west":{"uv":[6,3,9,6],"texture":"#1"},"up":{"uv":[3,3,3,6],"texture":"#1"},"down":{"uv":[3,3,3,6],"texture":"#1"}}},{"from":[-0.5,7,6.475],"to":[2.5,10,6.475],"rotation":{"angle":22.5,"axis":"z","origin":[1,7,8]},"faces":{"north":{"uv":[3,0,6,3],"texture":"#1"},"east":{"uv":[0,0,0,3],"texture":"#missing"},"south":{"uv":[3,0,6,3],"texture":"#1"},"west":{"uv":[0,0,0,3],"texture":"#missing"},"up":{"uv":[3,3,6,3],"texture":"#1"},"down":{"uv":[3,3,6,3],"texture":"#1"}}},{"from":[-0.5,7,9.475],"to":[2.5,10,9.475],"rotation":{"angle":22.5,"axis":"z","origin":[1,7,8]},"faces":{"north":{"uv":[3,6,6,9],"texture":"#1"},"east":{"uv":[0,0,0,3],"texture":"#missing"},"south":{"uv":[3,6,6,9],"texture":"#1"},"west":{"uv":[0,0,0,3],"texture":"#missing"},"up":{"uv":[3,3,6,3],"texture":"#1"},"down":{"uv":[3,3,6,3],"texture":"#1"}}}]}