{
	"credit": "Made with Blockbench by Valdr687",
	"parent": "minecraft:block/flowerbed_1",
	"textures": {
		"particle": "block/pink_petals",
		"flowerbed": "block/pink_petals",
		"stem": "block/pink_petals_stem"
	},
	"elements": [
		{
			"from": [9.4, 0, -7.1],
			"to": [9.9, 3, -6.6],
			"rotation": {"angle": -45, "axis": "y", "origin": [-8, 1, -4]},
			"faces": {
				"north": {"uv": [0, 4, 0.5, 7], "texture": "#stem", "tintindex": 1},
				"east": {"uv": [0, 4, 0.5, 7], "texture": "#stem", "tintindex": 1},
				"south": {"uv": [0, 4, 0.5, 7], "texture": "#stem", "tintindex": 1},
				"west": {"uv": [0, 4, 0.5, 7], "texture": "#stem", "tintindex": 1}
			}
		},
		{
			"from": [6, 3, 7],
			"to": [7, 4, 7],
			"rotation": {"angle": 45, "axis": "x", "origin": [6.5, 3, 7]},
			"faces": {
				"north": {"uv": [6, 7, 7, 8], "rotation": 180, "texture": "#flowerbed"},
				"east": {"uv": [0, 0, 0, 0], "rotation": 90, "texture": "#flowerbed"},
				"south": {"uv": [6, 7, 7, 8], "texture": "#flowerbed"},
				"west": {"uv": [0, 0, 0, 0], "rotation": 270, "texture": "#flowerbed"}
			}
		},
		{
			"from": [7, 3, 6],
			"to": [7, 4, 7],
			"rotation": {"angle": -45, "axis": "z", "origin": [7, 3, 6.5]},
			"faces": {
				"east": {"uv": [7, 6, 8, 7], "rotation": 270, "texture": "#flowerbed"},
				"west": {"uv": [7, 6, 8, 7], "rotation": 270, "texture": "#flowerbed"}
			}
		},
		{
			"from": [6, 3, 6],
			"to": [7, 3, 7],
			"faces": {
				"up": {"uv": [6, 6, 7, 7], "texture": "#flowerbed"},
				"down": {"uv": [6, 6, 7, 7], "texture": "#flowerbed"}
			}
		},
		{
			"from": [6, 3, 5],
			"to": [7, 3, 6],
			"rotation": {"angle": 45, "axis": "x", "origin": [6.5, 3, 6]},
			"faces": {
				"up": {"uv": [5, 6, 6, 7], "texture": "#flowerbed"},
				"down": {"uv": [5, 6, 6, 7], "texture": "#flowerbed"}
			}
		},
		{
			"from": [5, 3, 6],
			"to": [6, 3, 7],
			"rotation": {"angle": -45, "axis": "z", "origin": [6, 3, 6.5]},
			"faces": {
				"up": {"uv": [6, 5, 7, 6], "texture": "#flowerbed"},
				"down": {"uv": [6, 5, 7, 6], "texture": "#flowerbed"}
			}
		},
		{
			"from": [7.4, 0, -12.1],
			"to": [7.9, 3, -11.6],
			"rotation": {"angle": -45, "axis": "y", "origin": [-10, 1, -9]},
			"faces": {
				"north": {"uv": [0, 4, 0.5, 7], "texture": "#stem", "tintindex": 1},
				"east": {"uv": [0, 4, 0.5, 7], "texture": "#stem", "tintindex": 1},
				"south": {"uv": [0, 4, 0.5, 7], "texture": "#stem", "tintindex": 1},
				"west": {"uv": [0, 4, 0.5, 7], "texture": "#stem", "tintindex": 1}
			}
		},
		{
			"from": [4, 3, 2],
			"to": [5, 4, 2],
			"rotation": {"angle": 45, "axis": "x", "origin": [4.5, 3, 2]},
			"faces": {
				"north": {"uv": [4, 2, 5, 3], "rotation": 180, "texture": "#flowerbed"},
				"south": {"uv": [4, 2, 5, 3], "texture": "#flowerbed"}
			}
		},
		{
			"from": [5, 3, 1],
			"to": [5, 4, 2],
			"rotation": {"angle": -45, "axis": "z", "origin": [5, 3, 1.5]},
			"faces": {
				"east": {"uv": [5, 1, 6, 2], "rotation": 270, "texture": "#flowerbed"},
				"west": {"uv": [5, 1, 6, 2], "rotation": 270, "texture": "#flowerbed"}
			}
		},
		{
			"from": [4, 3, 1],
			"to": [5, 3, 2],
			"faces": {
				"up": {"uv": [4, 1, 5, 2], "texture": "#flowerbed"},
				"down": {"uv": [4, 1, 5, 2], "texture": "#flowerbed"}
			}
		},
		{
			"from": [4, 3, 0],
			"to": [5, 3, 1],
			"rotation": {"angle": 45, "axis": "x", "origin": [4.5, 3, 1]},
			"faces": {
				"up": {"uv": [3, 1, 4, 2], "texture": "#flowerbed"},
				"down": {"uv": [3, 1, 4, 2], "texture": "#flowerbed"}
			}
		},
		{
			"from": [3, 3, 1],
			"to": [4, 3, 2],
			"rotation": {"angle": -45, "axis": "z", "origin": [4, 3, 1.5]},
			"faces": {
				"up": {"uv": [4, 0, 5, 1], "texture": "#flowerbed"},
				"down": {"uv": [4, 0, 5, 1], "texture": "#flowerbed"}
			}
		},
		{
			"from": [4.4, 0, -8.1],
			"to": [4.9, 3, -7.6],
			"rotation": {"angle": -45, "axis": "y", "origin": [-13, 1, -5]},
			"faces": {
				"north": {"uv": [0, 4, 0.5, 7], "texture": "#stem", "tintindex": 1},
				"east": {"uv": [0, 4, 0.5, 7], "texture": "#stem", "tintindex": 1},
				"south": {"uv": [0, 4, 0.5, 7], "texture": "#stem", "tintindex": 1},
				"west": {"uv": [0, 4, 0.5, 7], "texture": "#stem", "tintindex": 1}
			}
		},
		{
			"from": [1, 3, 6],
			"to": [2, 4, 6],
			"rotation": {"angle": 45, "axis": "x", "origin": [1.5, 3, 6]},
			"faces": {
				"north": {"uv": [1, 6, 2, 7], "rotation": 180, "texture": "#flowerbed"},
				"south": {"uv": [1, 6, 2, 7], "texture": "#flowerbed"}
			}
		},
		{
			"from": [2, 3, 5],
			"to": [2, 4, 6],
			"rotation": {"angle": -45, "axis": "z", "origin": [2, 3, 5.5]},
			"faces": {
				"east": {"uv": [2, 5, 3, 6], "rotation": 270, "texture": "#flowerbed"},
				"west": {"uv": [2, 5, 3, 6], "rotation": 270, "texture": "#flowerbed"}
			}
		},
		{
			"from": [1, 3, 5],
			"to": [2, 3, 6],
			"faces": {
				"up": {"uv": [1, 5, 2, 6], "texture": "#flowerbed"},
				"down": {"uv": [1, 5, 2, 6], "texture": "#flowerbed"}
			}
		},
		{
			"from": [1, 3, 4],
			"to": [2, 3, 5],
			"rotation": {"angle": 45, "axis": "x", "origin": [1.5, 3, 5]},
			"faces": {
				"up": {"uv": [0, 5, 1, 6], "texture": "#flowerbed"},
				"down": {"uv": [0, 5, 1, 6], "texture": "#flowerbed"}
			}
		},
		{
			"from": [0, 3, 5],
			"to": [1, 3, 6],
			"rotation": {"angle": -45, "axis": "z", "origin": [1, 3, 5.5]},
			"faces": {
				"up": {"uv": [1, 4, 2, 5], "texture": "#flowerbed"},
				"down": {"uv": [1, 4, 2, 5], "texture": "#flowerbed"}
			}
		}
	]
}