{
	"credit": "Made with Blockbench by Valdr687",
	"parent": "minecraft:block/flowerbed_3",
	"textures": {
		"particle": "block/pink_petals",
		"flowerbed": "block/pink_petals",
		"stem": "block/pink_petals_stem"
	},
	"elements": [
		{
			"from": [11, 2, 13],
			"to": [13, 2, 15],
			"faces": {
				"up": {"uv": [11, 13, 13, 15], "texture": "#flowerbed"},
				"down": {"uv": [11, 15, 13, 13], "texture": "#flowerbed"}
			}
		},
		{
			"from": [11, 2, 15],
			"to": [13, 3, 15],
			"rotation": {"angle": 22.5, "axis": "x", "origin": [12, 2, 15]},
			"faces": {
				"north": {"uv": [11, 12, 13, 13], "rotation": 180, "texture": "#flowerbed"},
				"south": {"uv": [11, 13, 13, 12], "texture": "#flowerbed"}
			}
		},
		{
			"from": [11, 2, 13],
			"to": [13, 3, 13],
			"rotation": {"angle": -22.5, "axis": "x", "origin": [12, 2, 13]},
			"faces": {
				"north": {"uv": [11, 16, 13, 15], "rotation": 180, "texture": "#flowerbed"},
				"south": {"uv": [11, 15, 13, 16], "texture": "#flowerbed"}
			}
		},
		{
			"from": [13, 2, 13],
			"to": [13, 3, 15],
			"rotation": {"angle": -22.5, "axis": "z", "origin": [13, 2, 14]},
			"faces": {
				"east": {"uv": [10, 15, 11, 13], "rotation": 270, "texture": "#flowerbed"},
				"west": {"uv": [10, 13, 11, 15], "rotation": 270, "texture": "#flowerbed"}
			}
		},
		{
			"from": [11, 2, 13],
			"to": [11, 3, 15],
			"rotation": {"angle": 22.5, "axis": "z", "origin": [11, 2, 14]},
			"faces": {
				"east": {"uv": [13, 13, 14, 15], "rotation": 90, "texture": "#flowerbed"},
				"west": {"uv": [13, 15, 14, 13], "rotation": 90, "texture": "#flowerbed"}
			}
		},
		{
			"from": [17.65, 0, 1.9],
			"to": [18.65, 2, 1.9],
			"rotation": {"angle": -45, "axis": "y", "origin": [0.5, 0, 0.5]},
			"faces": {
				"up": {"uv": [0, 0, 0, 1], "rotation": 270, "texture": "#stem", "tintindex": 1},
				"down": {"uv": [0, 0, 0, 1], "rotation": 90, "texture": "#stem", "tintindex": 1}
			}
		},
		{
			"from": [17.65, 0, 1.4],
			"to": [18.65, 2, 2.4],
			"rotation": {"angle": -45, "axis": "y", "origin": [0.5, 0, 0.5]},
			"faces": {
				"north": {"uv": [0, 5, 1, 7], "texture": "#stem", "tintindex": 1},
				"east": {"uv": [0, 5, 1, 7], "texture": "#stem", "tintindex": 1},
				"south": {"uv": [0, 5, 1, 7], "texture": "#stem", "tintindex": 1},
				"west": {"uv": [0, 5, 1, 7], "texture": "#stem", "tintindex": 1}
			}
		},
		{
			"from": [17.4, 0, -3.1],
			"to": [17.9, 2, -2.6],
			"rotation": {"angle": -45, "axis": "y", "origin": [0, 0, 0]},
			"faces": {
				"north": {"uv": [0, 5, 1, 7], "texture": "#stem", "tintindex": 1},
				"east": {"uv": [0, 5, 1, 7], "texture": "#stem", "tintindex": 1},
				"south": {"uv": [0, 5, 1, 7], "texture": "#stem", "tintindex": 1},
				"west": {"uv": [0, 5, 1, 7], "texture": "#stem", "tintindex": 1}
			}
		},
		{
			"from": [14, 2, 11],
			"to": [15, 3, 11],
			"rotation": {"angle": 45, "axis": "x", "origin": [14.5, 2, 11]},
			"faces": {
				"north": {"uv": [14, 9, 15, 10], "rotation": 180, "texture": "#flowerbed"},
				"south": {"uv": [14, 9, 15, 10], "texture": "#flowerbed"}
			}
		},
		{
			"from": [15, 2, 10],
			"to": [15, 3, 11],
			"rotation": {"angle": -45, "axis": "z", "origin": [15, 2, 10.5]},
			"faces": {
				"east": {"uv": [13, 10, 14, 11], "rotation": 270, "texture": "#flowerbed"},
				"west": {"uv": [13, 10, 14, 11], "rotation": 270, "texture": "#flowerbed"}
			}
		},
		{
			"from": [14, 2, 10],
			"to": [15, 2, 11],
			"faces": {
				"up": {"uv": [14, 10, 15, 11], "texture": "#flowerbed"},
				"down": {"uv": [14, 10, 15, 11], "texture": "#flowerbed"}
			}
		},
		{
			"from": [14, 2, 9],
			"to": [15, 2, 10],
			"rotation": {"angle": 45, "axis": "x", "origin": [14.5, 2, 10]},
			"faces": {
				"up": {"uv": [14, 11, 15, 12], "texture": "#flowerbed"},
				"down": {"uv": [14, 11, 15, 12], "texture": "#flowerbed"}
			}
		},
		{
			"from": [13, 2, 10],
			"to": [14, 2, 11],
			"rotation": {"angle": -45, "axis": "z", "origin": [14, 2, 10.5]},
			"faces": {
				"up": {"uv": [15, 10, 16, 11], "texture": "#flowerbed"},
				"down": {"uv": [15, 10, 16, 11], "texture": "#flowerbed"}
			}
		},
		{
			"from": [12.4, 0, -4.1],
			"to": [12.9, 2, -3.6],
			"rotation": {"angle": -45, "axis": "y", "origin": [-5, 0, -1]},
			"faces": {
				"north": {"uv": [0, 5, 0.5, 7], "texture": "#stem", "tintindex": 1},
				"east": {"uv": [0, 5, 0.5, 7], "texture": "#stem", "tintindex": 1},
				"south": {"uv": [0, 5, 0.5, 7], "texture": "#stem", "tintindex": 1},
				"west": {"uv": [0, 5, 0.5, 7], "texture": "#stem", "tintindex": 1}
			}
		},
		{
			"from": [9, 2, 10],
			"to": [10, 3, 10],
			"rotation": {"angle": 45, "axis": "x", "origin": [9.5, 2, 10]},
			"faces": {
				"north": {"uv": [9, 8, 10, 9], "rotation": 180, "texture": "#flowerbed"},
				"south": {"uv": [9, 8, 10, 9], "texture": "#flowerbed"}
			}
		},
		{
			"from": [10, 2, 9],
			"to": [10, 3, 10],
			"rotation": {"angle": -45, "axis": "z", "origin": [10, 2, 9.5]},
			"faces": {
				"east": {"uv": [8, 9, 9, 10], "rotation": 270, "texture": "#flowerbed"},
				"west": {"uv": [8, 9, 9, 10], "rotation": 270, "texture": "#flowerbed"}
			}
		},
		{
			"from": [9, 2, 9],
			"to": [10, 2, 10],
			"faces": {
				"up": {"uv": [9, 9, 10, 10], "texture": "#flowerbed"},
				"down": {"uv": [9, 9, 10, 10], "texture": "#flowerbed"}
			}
		},
		{
			"from": [9, 2, 8],
			"to": [10, 2, 9],
			"rotation": {"angle": 45, "axis": "x", "origin": [9.5, 2, 9]},
			"faces": {
				"up": {"uv": [9, 10, 10, 11], "texture": "#flowerbed"},
				"down": {"uv": [9, 10, 10, 11], "texture": "#flowerbed"}
			}
		},
		{
			"from": [8, 2, 9],
			"to": [9, 2, 10],
			"rotation": {"angle": -45, "axis": "z", "origin": [9, 2, 9.5]},
			"faces": {
				"up": {"uv": [10, 9, 11, 10], "texture": "#flowerbed"},
				"down": {"uv": [10, 9, 11, 10], "texture": "#flowerbed"}
			}
		}
	]
}