{
	"credit": "Made with Blockbench by Valdr687",
	"parent": "minecraft:block/flowerbed_4",
	"textures": {
		"particle": "block/pink_petals",
		"flowerbed": "block/pink_petals",
		"stem": "block/pink_petals_stem"
	},
	"elements": [
		{
			"from": [10, 2, 2],
			"to": [13, 4, 2],
			"rotation": {"angle": -22.5, "axis": "x", "origin": [11.5, 2, 2]},
			"faces": {
				"north": {"uv": [10, 5, 8, 2], "rotation": 270, "texture": "#flowerbed"},
				"south": {"uv": [8, 2, 10, 5], "rotation": 90, "texture": "#flowerbed"}
			}
		},
		{
			"from": [10, 2, 5],
			"to": [13, 4, 5],
			"rotation": {"angle": 22.5, "axis": "x", "origin": [11.5, 2, 5]},
			"faces": {
				"north": {"uv": [13, 2, 15, 5], "rotation": 270, "texture": "#flowerbed"},
				"south": {"uv": [15, 5, 13, 2], "rotation": 90, "texture": "#flowerbed"}
			}
		},
		{
			"from": [10, 2, 2],
			"to": [13, 2, 5],
			"faces": {
				"up": {"uv": [10, 2, 13, 5], "rotation": 90, "texture": "#flowerbed"},
				"down": {"uv": [13, 5, 10, 2], "rotation": 90, "texture": "#flowerbed"}
			}
		},
		{
			"from": [13, 2, 2],
			"to": [13, 4, 5],
			"rotation": {"angle": -22.5, "axis": "z", "origin": [13, 2, 3.5]},
			"faces": {
				"east": {"uv": [13, 0, 10, 2], "texture": "#flowerbed"},
				"west": {"uv": [10, 0, 13, 2], "texture": "#flowerbed"}
			}
		},
		{
			"from": [10, 2, 2],
			"to": [10, 4, 5],
			"rotation": {"angle": 22.5, "axis": "z", "origin": [10, 2, 3.5]},
			"faces": {
				"east": {"uv": [13, 7, 10, 5], "texture": "#flowerbed"},
				"west": {"uv": [10, 7, 13, 5], "texture": "#flowerbed"}
			}
		},
		{
			"from": [10.94508, 0, 3.00538],
			"to": [11.94508, 2, 4.00538],
			"rotation": {"angle": -45, "axis": "y", "origin": [11.44508, 1, 3.50538]},
			"faces": {
				"north": {"uv": [0, 5, 1, 7], "texture": "#stem", "tintindex": 1},
				"east": {"uv": [0, 5, 1, 7], "texture": "#stem", "tintindex": 1},
				"south": {"uv": [0, 5, 1, 7], "texture": "#stem", "tintindex": 1},
				"west": {"uv": [0, 5, 1, 7], "texture": "#stem", "tintindex": 1}
			}
		}
	]
}