{"credit":"Made with Blockbench by Valdr687","ambientocclusion":false,"textures":{"4":"block/pitcher_crop_bottom_stage_2_part1","5":"block/pitcher_crop_bottom_stage_2_part2","6":"block/pitcher_crop_bottom_stage_2_part3","particle":"block/pitcher_crop_top","pitcher_top":"block/pitcher_crop_top","pitcher_side":"block/pitcher_crop_side","pitcher_bottom":"block/pitcher_crop_bottom"},"elements":[{"from":[3.025,-1,3.025],"to":[13.025,5,13.025],"faces":{"north":{"uv":[3,10,13,16],"texture":"#pitcher_side"},"east":{"uv":[3,10,13,16],"texture":"#pitcher_side"},"south":{"uv":[3,10,13,16],"texture":"#pitcher_side"},"west":{"uv":[3,10,13,16],"texture":"#pitcher_side"},"up":{"uv":[3,3,13,13],"texture":"#pitcher_top"},"down":{"uv":[3,3,13,13],"texture":"#pitcher_bottom"}}},{"from":[2.79289,5,8.04289],"to":[12.79289,5,18.04289],"shade":false,"rotation":{"angle":-22.5,"axis":"x","origin":[7.79289,5,8.04289]},"faces":{"up":{"uv":[4,6,14,16],"rotation":180,"texture":"#4"},"down":{"uv":[14,6,4,16],"texture":"#4"}}},{"from":[2.79289,5,-2.04289],"to":[12.79289,5,7.95711],"shade":false,"rotation":{"angle":22.5,"axis":"x","origin":[7.79289,5,7.95711]},"faces":{"up":{"uv":[14,6,4,16],"texture":"#4"},"down":{"uv":[4,6,14,16],"rotation":180,"texture":"#4"}}},{"from":[-2.20711,5,3.04289],"to":[7.79289,5,13.04289],"shade":false,"rotation":{"angle":-22.5,"axis":"z","origin":[7.79289,5,8.04289]},"faces":{"up":{"uv":[14,6,4,16],"rotation":270,"texture":"#4"},"down":{"uv":[4,6,14,16],"rotation":270,"texture":"#4"}}},{"from":[7.79289,5,2.95711],"to":[17.79289,5,12.95711],"shade":false,"rotation":{"angle":22.5,"axis":"z","origin":[7.79289,5,7.95711]},"faces":{"up":{"uv":[4,6,14,16],"rotation":90,"texture":"#4"},"down":{"uv":[14,6,4,16],"rotation":90,"texture":"#4"}}},{"from":[5,6,9],"to":[11,16,9],"shade":false,"rotation":{"angle":45,"axis":"x","origin":[7.5,7,8]},"faces":{"north":{"uv":[11,6,5,16],"texture":"#5"},"south":{"uv":[5,6,11,16],"texture":"#5"}}},{"from":[5,6,7],"to":[11,16,7],"shade":false,"rotation":{"angle":-45,"axis":"x","origin":[7.5,7,8]},"faces":{"north":{"uv":[5,6,11,16],"texture":"#5"},"south":{"uv":[11,6,5,16],"texture":"#5"}}},{"from":[7,6,5],"to":[7,16,11],"shade":false,"rotation":{"angle":45,"axis":"z","origin":[8.5,7,8]},"faces":{"east":{"uv":[11,6,5,16],"texture":"#5"},"west":{"uv":[5,6,11,16],"texture":"#5"}}},{"from":[9,6,5],"to":[9,16,11],"shade":false,"rotation":{"angle":-45,"axis":"z","origin":[7.5,7,8]},"faces":{"east":{"uv":[5,6,11,16],"texture":"#5"},"west":{"uv":[11,6,5,16],"texture":"#5"}}},{"from":[7.5,5,3.5],"to":[7.5,19,12.5],"faces":{"east":{"uv":[13,2,4,16],"texture":"#6"},"west":{"uv":[4,2,13,16],"texture":"#6"}}},{"from":[3.5,5,7.5],"to":[12.5,19,7.5],"faces":{"north":{"uv":[13,2,4,16],"texture":"#6"},"south":{"uv":[4,2,13,16],"texture":"#6"}}}]}