{"credit":"Made with Blockbench by Valdr687","textures":{"1":"block/poppy_block","particle":"block/poppy_block"},"elements":[{"from":[10.5,0,7.5],"to":[11.5,7,8.5],"faces":{"north":{"uv":[8,9,9,16],"texture":"#1"},"east":{"uv":[8,9,9,16],"texture":"#1"},"south":{"uv":[8,9,9,16],"texture":"#1"},"west":{"uv":[8,9,9,16],"texture":"#1"},"up":{"uv":[8,9,9,10],"texture":"#1"},"down":{"uv":[8,15,9,16],"texture":"#1"}}},{"from":[11,0,3.5],"to":[11,7,11.5],"rotation":{"angle":45,"axis":"y","origin":[11,4,8]},"faces":{"north":{"uv":[0,0,0,0],"texture":"#1"},"east":{"uv":[12,9,4,16],"texture":"#1"},"south":{"uv":[0,0,0,0],"texture":"#1"},"west":{"uv":[4,9,12,16],"texture":"#1"},"up":{"uv":[0,0,0,0],"texture":"#1"},"down":{"uv":[0,0,0,0],"texture":"#1"}}},{"from":[6.5,0,8],"to":[14.5,7,8],"rotation":{"angle":45,"axis":"y","origin":[11,4,8]},"faces":{"north":{"uv":[12,9,4,16],"texture":"#1"},"east":{"uv":[0,0,0,0],"texture":"#1"},"south":{"uv":[4,9,12,16],"texture":"#1"},"west":{"uv":[0,0,0,0],"texture":"#1"},"up":{"uv":[0,0,0,0],"rotation":270,"texture":"#1"},"down":{"uv":[0,0,0,0],"rotation":90,"texture":"#1"}}},{"from":[9.5,7.025,6.5],"to":[12.5,7.025,9.5],"faces":{"north":{"uv":[0,0,0,0],"texture":"#1"},"east":{"uv":[0,0,0,0],"texture":"#1"},"south":{"uv":[0,0,0,0],"texture":"#1"},"west":{"uv":[0,0,0,0],"texture":"#1"},"up":{"uv":[0,0,3,3],"texture":"#1"},"down":{"uv":[0,0,3,3],"texture":"#1"}}},{"from":[9.5,7.025,9.5],"to":[12.5,7.025,12.5],"rotation":{"angle":-45,"axis":"x","origin":[11,7.025,9.5]},"faces":{"north":{"uv":[0,0,0,0],"texture":"#1"},"east":{"uv":[0,0,0,0],"texture":"#1"},"south":{"uv":[0,0,0,0],"texture":"#1"},"west":{"uv":[0,0,0,0],"texture":"#1"},"up":{"uv":[7,9,10,6],"texture":"#1"},"down":{"uv":[7,6,10,9],"texture":"#1"}}},{"from":[9.5,7.025,3.5],"to":[12.5,7.025,6.5],"rotation":{"angle":45,"axis":"x","origin":[11,7.025,6.5]},"faces":{"north":{"uv":[0,0,0,0],"texture":"#1"},"east":{"uv":[0,0,0,0],"texture":"#1"},"south":{"uv":[0,0,0,0],"texture":"#1"},"west":{"uv":[0,0,0,0],"texture":"#1"},"up":{"uv":[7,9,10,6],"texture":"#1"},"down":{"uv":[7,9,10,6],"texture":"#1"}}},{"from":[12.5,7.025,6.5],"to":[15.5,7.025,9.5],"rotation":{"angle":45,"axis":"z","origin":[12.5,7.025,8]},"faces":{"north":{"uv":[0,0,0,0],"texture":"#1"},"east":{"uv":[0,0,0,0],"texture":"#1"},"south":{"uv":[0,0,0,0],"texture":"#1"},"west":{"uv":[0,0,0,0],"texture":"#1"},"up":{"uv":[7,6,10,9],"rotation":90,"texture":"#1"},"down":{"uv":[7,6,10,9],"rotation":90,"texture":"#1"}}},{"from":[6.5,7.025,6.5],"to":[9.5,7.025,9.5],"rotation":{"angle":-45,"axis":"z","origin":[9.5,7.025,8]},"faces":{"north":{"uv":[0,0,0,0],"texture":"#1"},"east":{"uv":[0,0,0,0],"texture":"#1"},"south":{"uv":[0,0,0,0],"texture":"#1"},"west":{"uv":[0,0,0,0],"texture":"#1"},"up":{"uv":[7,6,10,9],"rotation":270,"texture":"#1"},"down":{"uv":[7,6,10,9],"rotation":270,"texture":"#1"}}},{"from":[10.5,7,8],"to":[11.5,9,8],"rotation":{"angle":45,"axis":"y","origin":[11,8,8]},"faces":{"north":{"uv":[8,6,9,8],"texture":"#1"},"east":{"uv":[0,0,0,0],"texture":"#1"},"south":{"uv":[8,6,9,8],"texture":"#1"},"west":{"uv":[0,0,0,0],"texture":"#1"},"up":{"uv":[0,0,0,0],"texture":"#1"},"down":{"uv":[0,0,0,0],"texture":"#1"}}},{"from":[10.5,7,8],"to":[11.5,9,8],"rotation":{"angle":-45,"axis":"y","origin":[11,8,8]},"faces":{"north":{"uv":[8,6,9,8],"texture":"#1"},"east":{"uv":[0,0,0,0],"texture":"#1"},"south":{"uv":[8,6,9,8],"texture":"#1"},"west":{"uv":[0,0,0,0],"texture":"#1"},"up":{"uv":[0,0,0,0],"texture":"#1"},"down":{"uv":[0,0,0,0],"texture":"#1"}}},{"from":[3.5,0,4.5],"to":[4.5,5,5.5],"faces":{"north":{"uv":[8,9,9,14],"texture":"#1"},"east":{"uv":[8,9,9,14],"texture":"#1"},"south":{"uv":[8,9,9,14],"texture":"#1"},"west":{"uv":[8,9,9,14],"texture":"#1"},"up":{"uv":[8,9,9,10],"texture":"#1"},"down":{"uv":[8,15,9,16],"texture":"#1"}}},{"from":[4,0,0.5],"to":[4,5,8.5],"rotation":{"angle":45,"axis":"y","origin":[4,4,5]},"faces":{"north":{"uv":[0,1,0,1],"texture":"#1"},"east":{"uv":[12,11,4,16],"texture":"#1"},"south":{"uv":[0,1,0,1],"texture":"#1"},"west":{"uv":[4,11,12,16],"texture":"#1"},"up":{"uv":[0,1,0,1],"texture":"#1"},"down":{"uv":[0,1,0,1],"texture":"#1"}}},{"from":[-0.5,0,5],"to":[7.5,5,5],"rotation":{"angle":45,"axis":"y","origin":[4,4,5]},"faces":{"north":{"uv":[12,11,4,16],"texture":"#1"},"east":{"uv":[0,1,0,1],"texture":"#1"},"south":{"uv":[4,11,12,16],"texture":"#1"},"west":{"uv":[0,1,0,1],"texture":"#1"},"up":{"uv":[0,1,0,1],"rotation":270,"texture":"#1"},"down":{"uv":[0,1,0,1],"rotation":90,"texture":"#1"}}},{"from":[2.5,5.025,3.5],"to":[5.5,5.025,6.5],"faces":{"north":{"uv":[0,0,0,0],"texture":"#1"},"east":{"uv":[0,0,0,0],"texture":"#1"},"south":{"uv":[0,0,0,0],"texture":"#1"},"west":{"uv":[0,0,0,0],"texture":"#1"},"up":{"uv":[0,0,3,3],"texture":"#1"},"down":{"uv":[0,0,3,3],"texture":"#1"}}},{"from":[2.5,5.025,6.5],"to":[5.5,5.025,9.5],"rotation":{"angle":-45,"axis":"x","origin":[4,5.025,6.5]},"faces":{"north":{"uv":[0,0,0,0],"texture":"#1"},"east":{"uv":[0,0,0,0],"texture":"#1"},"south":{"uv":[0,0,0,0],"texture":"#1"},"west":{"uv":[0,0,0,0],"texture":"#1"},"up":{"uv":[7,9,10,6],"texture":"#1"},"down":{"uv":[7,6,10,9],"texture":"#1"}}},{"from":[2.5,5.025,0.5],"to":[5.5,5.025,3.5],"rotation":{"angle":45,"axis":"x","origin":[4,5.025,3.5]},"faces":{"north":{"uv":[0,0,0,0],"texture":"#1"},"east":{"uv":[0,0,0,0],"texture":"#1"},"south":{"uv":[0,0,0,0],"texture":"#1"},"west":{"uv":[0,0,0,0],"texture":"#1"},"up":{"uv":[7,9,10,6],"texture":"#1"},"down":{"uv":[7,9,10,6],"texture":"#1"}}},{"from":[5.5,5.025,3.5],"to":[8.5,5.025,6.5],"rotation":{"angle":45,"axis":"z","origin":[5.5,5.025,5]},"faces":{"north":{"uv":[0,0,0,0],"texture":"#1"},"east":{"uv":[0,0,0,0],"texture":"#1"},"south":{"uv":[0,0,0,0],"texture":"#1"},"west":{"uv":[0,0,0,0],"texture":"#1"},"up":{"uv":[7,6,10,9],"rotation":90,"texture":"#1"},"down":{"uv":[7,6,10,9],"rotation":90,"texture":"#1"}}},{"from":[-0.5,5.025,3.5],"to":[2.5,5.025,6.5],"rotation":{"angle":-45,"axis":"z","origin":[2.5,5.025,5]},"faces":{"north":{"uv":[0,0,0,0],"texture":"#1"},"east":{"uv":[0,0,0,0],"texture":"#1"},"south":{"uv":[0,0,0,0],"texture":"#1"},"west":{"uv":[0,0,0,0],"texture":"#1"},"up":{"uv":[7,6,10,9],"rotation":270,"texture":"#1"},"down":{"uv":[7,6,10,9],"rotation":270,"texture":"#1"}}},{"from":[3.5,5,5],"to":[4.5,7,5],"rotation":{"angle":45,"axis":"y","origin":[4,6,5]},"faces":{"north":{"uv":[8,6,9,8],"texture":"#1"},"east":{"uv":[0,0,0,0],"texture":"#1"},"south":{"uv":[8,6,9,8],"texture":"#1"},"west":{"uv":[0,0,0,0],"texture":"#1"},"up":{"uv":[0,0,0,0],"texture":"#1"},"down":{"uv":[0,0,0,0],"texture":"#1"}}},{"from":[3.5,5,5],"to":[4.5,7,5],"rotation":{"angle":-45,"axis":"y","origin":[4,6,5]},"faces":{"north":{"uv":[8,6,9,8],"texture":"#1"},"east":{"uv":[0,0,0,0],"texture":"#1"},"south":{"uv":[8,6,9,8],"texture":"#1"},"west":{"uv":[0,0,0,0],"texture":"#1"},"up":{"uv":[0,0,0,0],"texture":"#1"},"down":{"uv":[0,0,0,0],"texture":"#1"}}},{"from":[6.5,0,12.5],"to":[7.5,5,13.5],"faces":{"north":{"uv":[8,9,9,14],"texture":"#1"},"east":{"uv":[8,9,9,14],"texture":"#1"},"south":{"uv":[8,9,9,14],"texture":"#1"},"west":{"uv":[8,9,9,14],"texture":"#1"},"up":{"uv":[8,9,9,10],"texture":"#1"},"down":{"uv":[8,15,9,16],"texture":"#1"}}},{"from":[7,0,8.5],"to":[7,5,16.5],"rotation":{"angle":45,"axis":"y","origin":[7,4,13]},"faces":{"north":{"uv":[0,1,0,1],"texture":"#1"},"east":{"uv":[12,11,4,16],"texture":"#1"},"south":{"uv":[0,1,0,1],"texture":"#1"},"west":{"uv":[4,11,12,16],"texture":"#1"},"up":{"uv":[0,1,0,1],"texture":"#1"},"down":{"uv":[0,1,0,1],"texture":"#1"}}},{"from":[2.5,0,13],"to":[10.5,5,13],"rotation":{"angle":45,"axis":"y","origin":[7,4,13]},"faces":{"north":{"uv":[12,11,4,16],"texture":"#1"},"east":{"uv":[0,1,0,1],"texture":"#1"},"south":{"uv":[4,11,12,16],"texture":"#1"},"west":{"uv":[0,1,0,1],"texture":"#1"},"up":{"uv":[0,1,0,1],"rotation":270,"texture":"#1"},"down":{"uv":[0,1,0,1],"rotation":90,"texture":"#1"}}},{"from":[5.5,5.025,11.5],"to":[8.5,5.025,14.5],"faces":{"north":{"uv":[0,0,0,0],"texture":"#1"},"east":{"uv":[0,0,0,0],"texture":"#1"},"south":{"uv":[0,0,0,0],"texture":"#1"},"west":{"uv":[0,0,0,0],"texture":"#1"},"up":{"uv":[0,0,3,3],"texture":"#1"},"down":{"uv":[0,0,3,3],"texture":"#1"}}},{"from":[5.5,5.025,14.5],"to":[8.5,5.025,17.5],"rotation":{"angle":-45,"axis":"x","origin":[7,5.025,14.5]},"faces":{"north":{"uv":[0,0,0,0],"texture":"#1"},"east":{"uv":[0,0,0,0],"texture":"#1"},"south":{"uv":[0,0,0,0],"texture":"#1"},"west":{"uv":[0,0,0,0],"texture":"#1"},"up":{"uv":[7,9,10,6],"texture":"#1"},"down":{"uv":[7,6,10,9],"texture":"#1"}}},{"from":[5.5,5.025,8.5],"to":[8.5,5.025,11.5],"rotation":{"angle":45,"axis":"x","origin":[7,5.025,11.5]},"faces":{"north":{"uv":[0,0,0,0],"texture":"#1"},"east":{"uv":[0,0,0,0],"texture":"#1"},"south":{"uv":[0,0,0,0],"texture":"#1"},"west":{"uv":[0,0,0,0],"texture":"#1"},"up":{"uv":[7,9,10,6],"texture":"#1"},"down":{"uv":[7,9,10,6],"texture":"#1"}}},{"from":[8.5,5.025,11.5],"to":[11.5,5.025,14.5],"rotation":{"angle":45,"axis":"z","origin":[8.5,5.025,13]},"faces":{"north":{"uv":[0,0,0,0],"texture":"#1"},"east":{"uv":[0,0,0,0],"texture":"#1"},"south":{"uv":[0,0,0,0],"texture":"#1"},"west":{"uv":[0,0,0,0],"texture":"#1"},"up":{"uv":[7,6,10,9],"rotation":90,"texture":"#1"},"down":{"uv":[7,6,10,9],"rotation":90,"texture":"#1"}}},{"from":[2.5,5.025,11.5],"to":[5.5,5.025,14.5],"rotation":{"angle":-45,"axis":"z","origin":[5.5,5.025,13]},"faces":{"north":{"uv":[0,0,0,0],"texture":"#1"},"east":{"uv":[0,0,0,0],"texture":"#1"},"south":{"uv":[0,0,0,0],"texture":"#1"},"west":{"uv":[0,0,0,0],"texture":"#1"},"up":{"uv":[7,6,10,9],"rotation":270,"texture":"#1"},"down":{"uv":[7,6,10,9],"rotation":270,"texture":"#1"}}},{"from":[6.5,5,13],"to":[7.5,7,13],"rotation":{"angle":45,"axis":"y","origin":[7,6,13]},"faces":{"north":{"uv":[8,6,9,8],"texture":"#1"},"east":{"uv":[0,0,0,0],"texture":"#1"},"south":{"uv":[8,6,9,8],"texture":"#1"},"west":{"uv":[0,0,0,0],"texture":"#1"},"up":{"uv":[0,0,0,0],"texture":"#1"},"down":{"uv":[0,0,0,0],"texture":"#1"}}},{"from":[6.5,5,13],"to":[7.5,7,13],"rotation":{"angle":-45,"axis":"y","origin":[7,6,13]},"faces":{"north":{"uv":[8,6,9,8],"texture":"#1"},"east":{"uv":[0,0,0,0],"texture":"#1"},"south":{"uv":[8,6,9,8],"texture":"#1"},"west":{"uv":[0,0,0,0],"texture":"#1"},"up":{"uv":[0,0,0,0],"texture":"#1"},"down":{"uv":[0,0,0,0],"texture":"#1"}}}]}