{"credit":"Made with Blockbench by Valdr687","textures":{"1":"block/poppy_block","particle":"block/poppy_block"},"elements":[{"from":[7.5,0,7.5],"to":[8.5,7,8.5],"faces":{"north":{"uv":[8,9,9,16],"texture":"#1"},"east":{"uv":[8,9,9,16],"texture":"#1"},"south":{"uv":[8,9,9,16],"texture":"#1"},"west":{"uv":[8,9,9,16],"texture":"#1"},"up":{"uv":[8,9,9,10],"texture":"#1"},"down":{"uv":[8,15,9,16],"texture":"#1"}}},{"from":[8,0,3.5],"to":[8,7,11.5],"rotation":{"angle":45,"axis":"y","origin":[8,4,8]},"faces":{"east":{"uv":[12,9,4,16],"texture":"#1"},"west":{"uv":[4,9,12,16],"texture":"#1"}}},{"from":[3.5,0,8],"to":[11.5,7,8],"rotation":{"angle":45,"axis":"y","origin":[8,4,8]},"faces":{"north":{"uv":[12,9,4,16],"texture":"#1"},"south":{"uv":[4,9,12,16],"texture":"#1"}}},{"from":[6.5,7.025,6.5],"to":[9.5,7.025,9.5],"faces":{"up":{"uv":[0,0,3,3],"texture":"#1"},"down":{"uv":[0,0,3,3],"texture":"#1"}}},{"from":[6.5,7.025,9.5],"to":[9.5,7.025,12.5],"rotation":{"angle":-45,"axis":"x","origin":[8,7.025,9.5]},"faces":{"up":{"uv":[7,9,10,6],"texture":"#1"},"down":{"uv":[7,6,10,9],"texture":"#1"}}},{"from":[6.5,7.025,3.5],"to":[9.5,7.025,6.5],"rotation":{"angle":45,"axis":"x","origin":[8,7.025,6.5]},"faces":{"up":{"uv":[7,9,10,6],"texture":"#1"},"down":{"uv":[7,9,10,6],"texture":"#1"}}},{"from":[9.5,7.025,6.5],"to":[12.5,7.025,9.5],"rotation":{"angle":45,"axis":"z","origin":[9.5,7.025,8]},"faces":{"up":{"uv":[7,6,10,9],"rotation":90,"texture":"#1"},"down":{"uv":[7,6,10,9],"rotation":90,"texture":"#1"}}},{"from":[3.5,7.025,6.5],"to":[6.5,7.025,9.5],"rotation":{"angle":-45,"axis":"z","origin":[6.5,7.025,8]},"faces":{"up":{"uv":[7,6,10,9],"rotation":270,"texture":"#1"},"down":{"uv":[7,6,10,9],"rotation":270,"texture":"#1"}}},{"from":[7.5,7,8],"to":[8.5,9,8],"rotation":{"angle":45,"axis":"y","origin":[8,8,8]},"faces":{"north":{"uv":[8,6,9,8],"texture":"#1"},"south":{"uv":[8,6,9,8],"texture":"#1"}}},{"from":[7.5,7,8],"to":[8.5,9,8],"rotation":{"angle":-45,"axis":"y","origin":[8,8,8]},"faces":{"north":{"uv":[8,6,9,8],"texture":"#1"},"south":{"uv":[8,6,9,8],"texture":"#1"}}}]}