{
	"credit": "Made with Blockbench by Valdr687",
	"parent": "minecraft:block/crop",
	"textures": {
		"1": "block/potatoes_stage1",
		"particle": "block/potatoes_stage1",
		"crop": "block/potatoes_stage2"
	},
	"elements": [
		{
			"from": [8.025, -1, 0.025],
			"to": [8.025, 14, 16.025],
			"faces": {
				"east": {"uv": [0, 0, 16, 15], "texture": "#crop"},
				"west": {"uv": [0, 0, 16, 15], "texture": "#crop"},
				"up": {"uv": [0, 0, 0, 0], "texture": "#crop"},
				"down": {"uv": [0, 0, 0, 0], "texture": "#crop"}
			}
		},
		{
			"from": [0.025, -1, 8.025],
			"to": [16.025, 14, 8.025],
			"faces": {
				"north": {"uv": [0, 0, 16, 15], "texture": "#crop"},
				"east": {"uv": [0, 0, 16, 15], "texture": "#crop"},
				"south": {"uv": [0, 0, 16, 15], "texture": "#crop"},
				"west": {"uv": [0, 0, 16, 15], "texture": "#crop"}
			}
		},
		{
			"from": [6.95, -2, 6.95],
			"to": [9.05, 0, 9.05],
			"faces": {
				"north": {"uv": [2, 0, 4, 2], "texture": "#1"},
				"east": {"uv": [0, 0, 2, 2], "texture": "#1"},
				"south": {"uv": [0, 0, 2, 2], "texture": "#1"},
				"west": {"uv": [6, 0, 8, 2], "texture": "#1"},
				"up": {"uv": [2, 0, 4, 2], "texture": "#1"},
				"down": {"uv": [4, 0, 6, 2], "texture": "#1"}
			}
		}
	]
}