{
	"credit": "Made with Blockbench by Valdr687",
	"parent": "minecraft:block/crop",
	"textures": {
		"1": "block/potatoes_stage1",
		"particle": "block/potatoes_stage1",
		"crop": "block/potatoes_stage3"
	},
	"elements": [
		{
			"from": [8.025, -1, 2.05],
			"to": [8.025, 14, 14.05],
			"faces": {
				"east": {"uv": [4, 0, 16, 15], "texture": "#crop"},
				"west": {"uv": [4, 0, 16, 15], "texture": "#crop"}
			}
		},
		{
			"from": [2.025, -1, 8.05],
			"to": [14.025, 14, 8.05],
			"faces": {
				"north": {"uv": [4, 0, 16, 15], "texture": "#crop"},
				"south": {"uv": [4, 0, 16, 15], "texture": "#crop"}
			}
		},
		{
			"from": [6.45, -2, 4.675],
			"to": [8.55, 0, 6.775],
			"rotation": {"angle": -22.5, "axis": "y", "origin": [0, -1, 0]},
			"faces": {
				"north": {"uv": [2, 0, 4, 2], "texture": "#1"},
				"east": {"uv": [0, 0, 2, 2], "texture": "#1"},
				"south": {"uv": [0, 0, 2, 2], "texture": "#1"},
				"west": {"uv": [6, 0, 8, 2], "texture": "#1"},
				"up": {"uv": [2, 0, 4, 2], "texture": "#1"},
				"down": {"uv": [4, 0, 6, 2], "texture": "#1"}
			}
		},
		{
			"from": [12.45, -2, -3.525],
			"to": [14.55, 0, -1.425],
			"rotation": {"angle": -45, "axis": "y", "origin": [0, -1, 0]},
			"faces": {
				"north": {"uv": [2, 0, 4, 2], "texture": "#1"},
				"east": {"uv": [0, 0, 2, 2], "texture": "#1"},
				"south": {"uv": [0, 0, 2, 2], "texture": "#1"},
				"west": {"uv": [6, 0, 8, 2], "texture": "#1"},
				"up": {"uv": [2, 0, 4, 2], "texture": "#1"},
				"down": {"uv": [4, 0, 6, 2], "texture": "#1"}
			}
		},
		{
			"from": [6.525, -2, 6.55],
			"to": [9.625, 0, 9.65],
			"faces": {
				"north": {"uv": [0, 9, 3, 12], "texture": "#crop"},
				"east": {"uv": [0, 0, 3, 3], "texture": "#crop"},
				"south": {"uv": [0, 0, 3, 3], "texture": "#crop"},
				"west": {"uv": [0, 6, 3, 9], "texture": "#crop"},
				"up": {"uv": [0, 3, 3, 6], "texture": "#crop"},
				"down": {"uv": [0, 0, 3, 3], "texture": "#crop"}
			}
		},
		{
			"from": [1.7, -2, 12.375],
			"to": [3.8, 0, 14.475],
			"rotation": {"angle": 22.5, "axis": "y", "origin": [0, -1, 0]},
			"faces": {
				"north": {"uv": [6, 0, 8, 2], "texture": "#1"},
				"east": {"uv": [2, 0, 4, 2], "texture": "#1"},
				"south": {"uv": [0, 0, 2, 2], "texture": "#1"},
				"west": {"uv": [0, 0, 2, 2], "texture": "#1"},
				"up": {"uv": [2, 0, 4, 2], "rotation": 90, "texture": "#1"},
				"down": {"uv": [4, 0, 6, 2], "rotation": 270, "texture": "#1"}
			}
		},
		{
			"from": [7, -2, -3.025],
			"to": [9.1, 0, -0.925],
			"rotation": {"angle": -45, "axis": "y", "origin": [0, -1, 0]},
			"faces": {
				"north": {"uv": [6, 0, 8, 2], "texture": "#1"},
				"east": {"uv": [2, 0, 4, 2], "texture": "#1"},
				"south": {"uv": [0, 0, 2, 2], "texture": "#1"},
				"west": {"uv": [0, 0, 2, 2], "texture": "#1"},
				"up": {"uv": [2, 0, 4, 2], "rotation": 90, "texture": "#1"},
				"down": {"uv": [4, 0, 6, 2], "rotation": 270, "texture": "#1"}
			}
		}
	]
}