{
	"credit": "Made with Blockbench by Valdr687",
	"parent": "minecraft:block/crop",
	"textures": {
		"particle": "block/potatoes_stage1",
		"crop": "block/potatoes_stage1"
	},
	"elements": [
		{
			"from": [8.025, -1, 0.025],
			"to": [8.025, 11, 16.025],
			"faces": {
				"north": {"uv": [0, 4, 0, 0], "texture": "#crop"},
				"east": {"uv": [0, 4, 16, 16], "texture": "#crop"},
				"south": {"uv": [0, 4, 0, 0], "texture": "#crop"},
				"west": {"uv": [0, 4, 16, 16], "texture": "#crop"},
				"up": {"uv": [0, 4, 0, 0], "texture": "#crop"},
				"down": {"uv": [0, 4, 0, 0], "texture": "#crop"}
			}
		},
		{
			"from": [0.025, -1, 8.025],
			"to": [16.025, 11, 8.025],
			"faces": {
				"north": {"uv": [0, 4, 16, 16], "texture": "#crop"},
				"east": {"uv": [0, 4, 0, 0], "texture": "#crop"},
				"south": {"uv": [0, 4, 16, 16], "texture": "#crop"},
				"west": {"uv": [0, 4, 0, 0], "texture": "#crop"},
				"up": {"uv": [0, 4, 0, 0], "texture": "#crop"},
				"down": {"uv": [0, 4, 0, 0], "texture": "#crop"}
			}
		},
		{
			"from": [7.025, -1, 7.025],
			"to": [9.025, 0, 9.025],
			"faces": {
				"north": {"uv": [7, 15, 9, 16], "texture": "#crop"},
				"east": {"uv": [7, 15, 9, 16], "texture": "#crop"},
				"south": {"uv": [7, 15, 9, 16], "texture": "#crop"},
				"west": {"uv": [7, 15, 9, 16], "texture": "#crop"},
				"up": {"uv": [0, 0, 2, 2], "texture": "#crop"},
				"down": {"uv": [2, 0, 4, 2], "texture": "#crop"}
			}
		}
	]
}