{
	"credit": "Made with Blockbench by Valdr687",
	"textures": {
		"0": "block/acacia_sapling_block",
		"particle": "block/flower_pot",
		"flowerpot": "block/flower_pot",
		"dirt": "block/podzol_top"
	},
	"elements": [
		{
			"from": [5, 0, 5],
			"to": [6, 6, 11],
			"rotation": {"angle": 45, "axis": "y", "origin": [8, 10.025, 8.75]},
			"faces": {
				"north": {"uv": [10, 10, 11, 16], "texture": "#flowerpot"},
				"east": {"uv": [5, 10, 11, 16], "texture": "#flowerpot"},
				"south": {"uv": [5, 10, 6, 16], "texture": "#flowerpot"},
				"west": {"uv": [5, 10, 11, 16], "texture": "#flowerpot"},
				"up": {"uv": [5, 5, 6, 11], "texture": "#flowerpot"},
				"down": {"uv": [5, 5, 6, 11], "texture": "#flowerpot", "cullface": "down"}
			}
		},
		{
			"from": [10, 0, 5],
			"to": [11, 6, 11],
			"rotation": {"angle": 45, "axis": "y", "origin": [8, 10.025, 8.75]},
			"faces": {
				"north": {"uv": [5, 10, 6, 16], "texture": "#flowerpot"},
				"east": {"uv": [5, 10, 11, 16], "texture": "#flowerpot"},
				"south": {"uv": [10, 10, 11, 16], "texture": "#flowerpot"},
				"west": {"uv": [5, 10, 11, 16], "texture": "#flowerpot"},
				"up": {"uv": [10, 5, 11, 11], "texture": "#flowerpot"},
				"down": {"uv": [10, 5, 11, 11], "texture": "#flowerpot", "cullface": "down"}
			}
		},
		{
			"from": [6, 0, 5],
			"to": [10, 6, 6],
			"rotation": {"angle": 45, "axis": "y", "origin": [8, 10.025, 8.75]},
			"faces": {
				"north": {"uv": [6, 10, 10, 16], "texture": "#flowerpot"},
				"south": {"uv": [6, 10, 10, 16], "texture": "#flowerpot"},
				"up": {"uv": [6, 5, 10, 6], "texture": "#flowerpot"},
				"down": {"uv": [6, 10, 10, 11], "texture": "#flowerpot", "cullface": "down"}
			}
		},
		{
			"from": [6, 0, 10],
			"to": [10, 6, 11],
			"rotation": {"angle": 45, "axis": "y", "origin": [8, 10.025, 8.75]},
			"faces": {
				"north": {"uv": [6, 10, 10, 16], "texture": "#flowerpot"},
				"south": {"uv": [6, 10, 10, 16], "texture": "#flowerpot"},
				"up": {"uv": [6, 10, 10, 11], "texture": "#flowerpot"},
				"down": {"uv": [6, 5, 10, 6], "texture": "#flowerpot", "cullface": "down"}
			}
		},
		{
			"from": [6, 0, 6],
			"to": [10, 4, 10],
			"rotation": {"angle": 45, "axis": "y", "origin": [8, 10.025, 8.75]},
			"faces": {
				"up": {"uv": [6, 6, 10, 10], "texture": "#dirt"},
				"down": {"uv": [6, 12, 10, 16], "texture": "#flowerpot", "cullface": "down"}
			}
		},
		{
			"from": [7.5, 2, 7.5],
			"to": [8.5, 10, 8.5],
			"rotation": {"angle": 45, "axis": "y", "origin": [8, 10.025, 8.75]},
			"faces": {
				"north": {"uv": [12.5, 12, 13, 16], "texture": "#0"},
				"east": {"uv": [12.5, 12, 13, 16], "texture": "#0"},
				"south": {"uv": [12.5, 12, 13, 16], "texture": "#0"},
				"west": {"uv": [12.5, 12, 13, 16], "texture": "#0"},
				"up": {"uv": [12.5, 12, 13, 12.5], "texture": "#0"},
				"down": {"uv": [12.5, 15.5, 13, 16], "texture": "#0"}
			}
		},
		{
			"from": [7.5, 9, 8.5],
			"to": [8.5, 16, 9.5],
			"rotation": {"angle": 45, "axis": "y", "origin": [8, 10.025, 8.75]},
			"faces": {
				"north": {"uv": [13, 9, 13.5, 12.5], "texture": "#0"},
				"east": {"uv": [13, 9, 13.5, 12.5], "texture": "#0"},
				"south": {"uv": [13, 9, 13.5, 12.5], "texture": "#0"},
				"west": {"uv": [13, 9, 13.5, 12.5], "texture": "#0"},
				"up": {"uv": [13, 9, 13.5, 9.5], "texture": "#0"},
				"down": {"uv": [13, 12, 13.5, 12.5], "texture": "#0"}
			}
		},
		{
			"from": [7.5, 2, 8.5],
			"to": [8.5, 3, 9.5],
			"rotation": {"angle": 45, "axis": "y", "origin": [8, 10.025, 8.75]},
			"faces": {
				"north": {"uv": [13, 15.5, 13.5, 16], "texture": "#0"},
				"east": {"uv": [13, 15.5, 13.5, 16], "texture": "#0"},
				"south": {"uv": [13, 15.5, 13.5, 16], "texture": "#0"},
				"west": {"uv": [13, 15.5, 13.5, 16], "texture": "#0"},
				"up": {"uv": [13, 15.5, 13.5, 16], "texture": "#0"},
				"down": {"uv": [13, 15.5, 13.5, 16], "texture": "#0"}
			}
		},
		{
			"from": [7.5, 7, 8.5],
			"to": [8.5, 8, 9.5],
			"rotation": {"angle": 45, "axis": "y", "origin": [8, 10.025, 8.75]},
			"faces": {
				"north": {"uv": [13, 13, 13.5, 13.5], "texture": "#0"},
				"east": {"uv": [13, 13, 13.5, 13.5], "texture": "#0"},
				"south": {"uv": [13, 13, 13.5, 13.5], "texture": "#0"},
				"west": {"uv": [13, 13, 13.5, 13.5], "texture": "#0"},
				"up": {"uv": [13, 13, 13.5, 13.5], "texture": "#0"},
				"down": {"uv": [13, 13, 13.5, 13.5], "texture": "#0"}
			}
		},
		{
			"from": [7.5, 10, 6.5],
			"to": [8.5, 11, 7.5],
			"rotation": {"angle": 45, "axis": "y", "origin": [8, 10.025, 8.75]},
			"faces": {
				"north": {"uv": [12, 11.5, 12.5, 12], "texture": "#0"},
				"east": {"uv": [12, 11.5, 12.5, 12], "texture": "#0"},
				"south": {"uv": [12, 11.5, 12.5, 12], "texture": "#0"},
				"west": {"uv": [12, 11.5, 12.5, 12], "texture": "#0"},
				"up": {"uv": [12, 11.5, 12.5, 12], "texture": "#0"},
				"down": {"uv": [12, 11.5, 12.5, 12], "texture": "#0"}
			}
		},
		{
			"from": [7.5, 14, 9.5],
			"to": [8.5, 15, 10.5],
			"rotation": {"angle": 45, "axis": "y", "origin": [8, 10.025, 8.75]},
			"faces": {
				"north": {"uv": [13.5, 9.5, 14, 10], "texture": "#0"},
				"east": {"uv": [13.5, 9.5, 14, 10], "texture": "#0"},
				"south": {"uv": [13.5, 9.5, 14, 10], "texture": "#0"},
				"west": {"uv": [13.5, 9.5, 14, 10], "texture": "#0"},
				"up": {"uv": [13.5, 9.5, 14, 10], "texture": "#0"},
				"down": {"uv": [13.5, 9.5, 14, 10], "texture": "#0"}
			}
		},
		{
			"from": [7.5, 14, 13.5],
			"to": [8.5, 15, 14.5],
			"rotation": {"angle": 45, "axis": "y", "origin": [8, 10.025, 8.75]},
			"faces": {
				"north": {"uv": [15.5, 9.5, 16, 10], "texture": "#0"},
				"east": {"uv": [15.5, 9.5, 16, 10], "texture": "#0"},
				"south": {"uv": [15.5, 9.5, 16, 10], "texture": "#0"},
				"west": {"uv": [15.5, 9.5, 16, 10], "texture": "#0"},
				"up": {"uv": [15.5, 9.5, 16, 10], "texture": "#0"},
				"down": {"uv": [15.5, 9.5, 16, 10], "texture": "#0"}
			}
		},
		{
			"from": [7.5, 13, 9.5],
			"to": [8.5, 14, 13.5],
			"rotation": {"angle": 45, "axis": "y", "origin": [8, 10.025, 8.75]},
			"faces": {
				"north": {"uv": [13.5, 10, 15.5, 10.5], "texture": "#0"},
				"east": {"uv": [13.5, 10, 15.5, 10.5], "texture": "#0"},
				"south": {"uv": [13.5, 10, 14, 10.5], "texture": "#0"},
				"west": {"uv": [13.5, 10, 15.5, 10.5], "texture": "#0"},
				"up": {"uv": [13.5, 10, 15.5, 10.5], "rotation": 90, "texture": "#0"},
				"down": {"uv": [15.5, 10, 13.5, 10.5], "rotation": 90, "texture": "#0"}
			}
		},
		{
			"from": [7.5, 15, 5.5],
			"to": [8.5, 16, 8.5],
			"rotation": {"angle": 45, "axis": "y", "origin": [8, 10.025, 8.75]},
			"faces": {
				"north": {"uv": [11.5, 9, 12, 9.5], "texture": "#0"},
				"east": {"uv": [11.5, 9, 13, 9.5], "texture": "#0"},
				"south": {"uv": [11.5, 9, 12, 9.5], "texture": "#0"},
				"west": {"uv": [11.5, 9, 13, 9.5], "texture": "#0"},
				"up": {"uv": [11.5, 9, 13, 9.5], "rotation": 90, "texture": "#0"},
				"down": {"uv": [13, 9, 11.5, 9.5], "rotation": 90, "texture": "#0"}
			}
		},
		{
			"from": [7.5, 16, 3.5],
			"to": [8.5, 17, 6.5],
			"rotation": {"angle": 45, "axis": "y", "origin": [8, 10.025, 8.75]},
			"faces": {
				"north": {"uv": [10.5, 8.5, 11, 9], "texture": "#0"},
				"east": {"uv": [10.5, 8.5, 12, 9], "texture": "#0"},
				"south": {"uv": [10.5, 8.5, 11, 9], "texture": "#0"},
				"west": {"uv": [10.5, 8.5, 12, 9], "texture": "#0"},
				"up": {"uv": [10.5, 8.5, 12, 9], "rotation": 90, "texture": "#0"},
				"down": {"uv": [12, 8.5, 10.5, 9], "rotation": 90, "texture": "#0"}
			}
		},
		{
			"from": [4.5, 15.025, 9.5],
			"to": [12.5, 15.025, 17.5],
			"rotation": {"angle": 45, "axis": "y", "origin": [8, 10.025, 8.75]},
			"faces": {
				"up": {"uv": [8.5, 0, 12.5, 4], "texture": "#0"},
				"down": {"uv": [12.5, 4, 8.5, 0], "texture": "#0"}
			}
		},
		{
			"from": [8, 2, 2.5],
			"to": [8, 18, 14.5],
			"rotation": {"angle": 45, "axis": "y", "origin": [8, 10.025, 8.75]},
			"faces": {
				"east": {"uv": [10, 8, 4, 16], "texture": "#0"},
				"west": {"uv": [4, 8, 10, 16], "texture": "#0"}
			}
		},
		{
			"from": [5.22703, 6.025, 5.8481],
			"to": [7.22703, 6.025, 7.8481],
			"faces": {
				"up": {"uv": [3, 9, 4, 10], "rotation": 270, "texture": "#0"},
				"down": {"uv": [3, 9, 4, 10], "rotation": 90, "texture": "#0"}
			}
		},
		{
			"from": [7.97261, 11, 8.59368],
			"to": [9.97261, 11, 10.59368],
			"faces": {
				"up": {"uv": [3, 9, 4, 10], "rotation": 270, "texture": "#0"},
				"down": {"uv": [3, 9, 4, 10], "rotation": 90, "texture": "#0"}
			}
		},
		{
			"from": [5, 18, 0],
			"to": [12, 18, 7],
			"rotation": {"angle": 45, "axis": "y", "origin": [8, 10.025, 8.75]},
			"faces": {
				"up": {"uv": [12.5, 0, 16, 3.5], "texture": "#0"},
				"down": {"uv": [16, 3.5, 12.5, 0], "texture": "#0"}
			}
		},
		{
			"from": [5, 18.05, 0],
			"to": [12, 18.05, 7],
			"rotation": {"angle": 45, "axis": "y", "origin": [8, 10.025, 8.75]},
			"faces": {
				"up": {"uv": [12.5, 0, 16, 3.5], "texture": "#0"},
				"down": {"uv": [16, 3.5, 12.5, 0], "texture": "#0"}
			}
		},
		{
			"from": [5, 17.025, 0],
			"to": [12, 18, 7],
			"rotation": {"angle": 45, "axis": "y", "origin": [8, 10.025, 8.75]},
			"faces": {
				"north": {"uv": [12.5, 1, 16, 1.5], "texture": "#0"},
				"east": {"uv": [12.5, 1.5, 16, 2], "texture": "#0"},
				"south": {"uv": [12.5, 1, 16, 1.5], "texture": "#0"},
				"west": {"uv": [12.5, 1, 16, 1.5], "texture": "#0"}
			}
		},
		{
			"from": [5, 15.025, 10],
			"to": [12, 16, 17],
			"rotation": {"angle": 45, "axis": "y", "origin": [8, 10.025, 8.75]},
			"faces": {
				"north": {"uv": [12.5, 1, 16, 1.5], "texture": "#0"},
				"east": {"uv": [12.5, 1, 16, 1.5], "texture": "#0"},
				"south": {"uv": [12.5, 1, 16, 1.5], "texture": "#0"},
				"west": {"uv": [12.5, 1, 16, 1.5], "texture": "#0"}
			}
		},
		{
			"from": [4.5, 17.025, -0.5],
			"to": [12.5, 17.025, 7.5],
			"rotation": {"angle": 45, "axis": "y", "origin": [8, 10.025, 8.75]},
			"faces": {
				"up": {"uv": [8.5, 0, 12.5, 4], "texture": "#0"},
				"down": {"uv": [12.5, 4, 8.5, 0], "texture": "#0"}
			}
		},
		{
			"from": [5, 16.025, 10],
			"to": [12, 16.025, 17],
			"rotation": {"angle": 45, "axis": "y", "origin": [8, 10.025, 8.75]},
			"faces": {
				"up": {"uv": [12.5, 0, 16, 3.5], "texture": "#0"},
				"down": {"uv": [16, 3.5, 12.5, 0], "texture": "#0"}
			}
		}
	]
}