{"credit":"Made with Blockbench by Valdr687","ambientocclusion":false,"textures":{"1":"block/red_tulip","particle":"block/flower_pot","flowerpot":"block/flower_pot","dirt":"block/podzol_top"},"elements":[{"from":[7.5,4,7.5],"to":[8.5,13,8.5],"rotation":{"angle":45,"axis":"y","origin":[8,8,8]},"faces":{"north":{"uv":[7,7,8,16],"texture":"#1"},"east":{"uv":[7,7,8,16],"texture":"#1"},"south":{"uv":[7,7,8,16],"texture":"#1"},"west":{"uv":[7,7,8,16],"texture":"#1"},"up":{"uv":[7,7,8,8],"texture":"#1"}}},{"from":[3.5,5,8],"to":[7.5,12,8],"faces":{"north":{"uv":[8,8,12,15],"texture":"#1"},"south":{"uv":[12,8,8,15],"texture":"#1"}}},{"from":[8.5,5,8],"to":[12.5,13,8],"faces":{"north":{"uv":[3,7,7,15],"texture":"#1"},"south":{"uv":[7,7,3,15],"texture":"#1"}}},{"from":[9.5,13,8],"to":[11.5,15,8],"faces":{"north":{"uv":[4,5,6,7],"texture":"#1"},"south":{"uv":[6,5,4,7],"texture":"#1"}}},{"from":[8,5,3.5],"to":[8,13,7.5],"faces":{"east":{"uv":[7,7,3,15],"texture":"#1"},"west":{"uv":[3,7,7,15],"texture":"#1"}}},{"from":[8,13,4.5],"to":[8,15,6.5],"faces":{"east":{"uv":[6,5,4,7],"texture":"#1"},"west":{"uv":[4,5,6,7],"texture":"#1"}}},{"from":[8,5,8],"to":[8,12,12],"faces":{"east":{"uv":[12,8,8,15],"texture":"#1"},"west":{"uv":[8,8,12,15],"texture":"#1"}}},{"from":[7,13,7],"to":[9,15,7],"rotation":{"angle":45,"axis":"y","origin":[8,8,8]},"faces":{"north":{"uv":[6,4,8,6],"texture":"#1"},"south":{"uv":[6,4,8,6],"texture":"#1"}}},{"from":[7,13,9],"to":[9,15,9],"rotation":{"angle":45,"axis":"y","origin":[8,8,8]},"faces":{"north":{"uv":[6,4,8,6],"texture":"#1"},"south":{"uv":[6,4,8,6],"texture":"#1"}}},{"from":[8,13,7.5],"to":[8,15,8.5],"faces":{"east":{"uv":[8,4,9,6],"texture":"#1"},"west":{"uv":[8,4,9,6],"texture":"#1"}}},{"from":[7.5,13,8],"to":[8.5,15,8],"faces":{"north":{"uv":[8,4,9,6],"texture":"#1"},"south":{"uv":[8,4,9,6],"texture":"#1"}}},{"from":[7,13,7],"to":[7,15,9],"rotation":{"angle":45,"axis":"y","origin":[8,8,8]},"faces":{"east":{"uv":[6,4,8,6],"texture":"#1"},"west":{"uv":[6,4,8,6],"texture":"#1"}}},{"from":[7,13.025,7],"to":[9,13.025,9],"rotation":{"angle":45,"axis":"y","origin":[8,8,8]},"faces":{"up":{"uv":[6,4,8,6],"rotation":90,"texture":"#1"},"down":{"uv":[6,4,8,6],"rotation":90,"texture":"#1"}}},{"from":[9,13,7],"to":[9,15,9],"rotation":{"angle":45,"axis":"y","origin":[8,8,8]},"faces":{"east":{"uv":[6,4,8,6],"texture":"#1"},"west":{"uv":[6,4,8,6],"texture":"#1"}}},{"from":[5,0,5],"to":[6,6,11],"rotation":{"angle":45,"axis":"y","origin":[8,8,8]},"faces":{"north":{"uv":[10,10,11,16],"texture":"#flowerpot"},"east":{"uv":[5,10,11,16],"texture":"#flowerpot"},"south":{"uv":[5,10,6,16],"texture":"#flowerpot"},"west":{"uv":[5,10,11,16],"texture":"#flowerpot"},"up":{"uv":[5,5,6,11],"texture":"#flowerpot"},"down":{"uv":[5,5,6,11],"texture":"#flowerpot","cullface":"down"}}},{"from":[10,0,5],"to":[11,6,11],"rotation":{"angle":45,"axis":"y","origin":[8,8,8]},"faces":{"north":{"uv":[5,10,6,16],"texture":"#flowerpot"},"east":{"uv":[5,10,11,16],"texture":"#flowerpot"},"south":{"uv":[10,10,11,16],"texture":"#flowerpot"},"west":{"uv":[5,10,11,16],"texture":"#flowerpot"},"up":{"uv":[10,5,11,11],"texture":"#flowerpot"},"down":{"uv":[10,5,11,11],"texture":"#flowerpot","cullface":"down"}}},{"from":[6,0,5],"to":[10,6,6],"rotation":{"angle":45,"axis":"y","origin":[8,8,8]},"faces":{"north":{"uv":[6,10,10,16],"texture":"#flowerpot"},"south":{"uv":[6,10,10,16],"texture":"#flowerpot"},"up":{"uv":[6,5,10,6],"texture":"#flowerpot"},"down":{"uv":[6,10,10,11],"texture":"#flowerpot","cullface":"down"}}},{"from":[6,0,10],"to":[10,6,11],"rotation":{"angle":45,"axis":"y","origin":[8,8,8]},"faces":{"north":{"uv":[6,10,10,16],"texture":"#flowerpot"},"south":{"uv":[6,10,10,16],"texture":"#flowerpot"},"up":{"uv":[6,10,10,11],"texture":"#flowerpot"},"down":{"uv":[6,5,10,6],"texture":"#flowerpot","cullface":"down"}}},{"from":[6,0,6],"to":[10,4,10],"rotation":{"angle":45,"axis":"y","origin":[8,8,8]},"faces":{"up":{"uv":[6,6,10,10],"texture":"#dirt"},"down":{"uv":[6,12,10,16],"texture":"#flowerpot","cullface":"down"}}}]}