{
	"credit": "Made with Blockbench by Valdr687",
	"parent": "minecraft:block/flower_pot_cross",
	"textures": {
		"0": "block/jungle_sapling_block",
		"particle": "block/flower_pot",
		"flowerpot": "block/flower_pot",
		"dirt": "block/podzol_top"
	},
	"elements": [
		{
			"from": [5, 0, 5],
			"to": [6, 6, 11],
			"rotation": {"angle": 45, "axis": "y", "origin": [8.02279, 9.3875, 8]},
			"faces": {
				"north": {"uv": [10, 10, 11, 16], "texture": "#flowerpot"},
				"east": {"uv": [5, 10, 11, 16], "texture": "#flowerpot"},
				"south": {"uv": [5, 10, 6, 16], "texture": "#flowerpot"},
				"west": {"uv": [5, 10, 11, 16], "texture": "#flowerpot"},
				"up": {"uv": [5, 5, 6, 11], "texture": "#flowerpot"},
				"down": {"uv": [5, 5, 6, 11], "texture": "#flowerpot", "cullface": "down"}
			}
		},
		{
			"from": [10, 0, 5],
			"to": [11, 6, 11],
			"rotation": {"angle": 45, "axis": "y", "origin": [8.02279, 9.3875, 8]},
			"faces": {
				"north": {"uv": [5, 10, 6, 16], "texture": "#flowerpot"},
				"east": {"uv": [5, 10, 11, 16], "texture": "#flowerpot"},
				"south": {"uv": [10, 10, 11, 16], "texture": "#flowerpot"},
				"west": {"uv": [5, 10, 11, 16], "texture": "#flowerpot"},
				"up": {"uv": [10, 5, 11, 11], "texture": "#flowerpot"},
				"down": {"uv": [10, 5, 11, 11], "texture": "#flowerpot", "cullface": "down"}
			}
		},
		{
			"from": [6, 0, 5],
			"to": [10, 6, 6],
			"rotation": {"angle": 45, "axis": "y", "origin": [8.02279, 9.3875, 8]},
			"faces": {
				"north": {"uv": [6, 10, 10, 16], "texture": "#flowerpot"},
				"south": {"uv": [6, 10, 10, 16], "texture": "#flowerpot"},
				"up": {"uv": [6, 5, 10, 6], "texture": "#flowerpot"},
				"down": {"uv": [6, 10, 10, 11], "texture": "#flowerpot", "cullface": "down"}
			}
		},
		{
			"from": [6, 0, 10],
			"to": [10, 6, 11],
			"rotation": {"angle": 45, "axis": "y", "origin": [8.02279, 9.3875, 8]},
			"faces": {
				"north": {"uv": [6, 10, 10, 16], "texture": "#flowerpot"},
				"south": {"uv": [6, 10, 10, 16], "texture": "#flowerpot"},
				"up": {"uv": [6, 10, 10, 11], "texture": "#flowerpot"},
				"down": {"uv": [6, 5, 10, 6], "texture": "#flowerpot", "cullface": "down"}
			}
		},
		{
			"from": [6, 0, 6],
			"to": [10, 4, 10],
			"rotation": {"angle": 45, "axis": "y", "origin": [8.02279, 9.3875, 8]},
			"faces": {
				"up": {"uv": [6, 6, 10, 10], "texture": "#dirt"},
				"down": {"uv": [6, 12, 10, 16], "texture": "#flowerpot", "cullface": "down"}
			}
		},
		{
			"from": [7.5, 4, 7.5],
			"to": [8.5, 17, 8.5],
			"rotation": {"angle": 45, "axis": "y", "origin": [8.02279, 9.3875, 8]},
			"faces": {
				"north": {"uv": [15.5, 9.5, 16, 16], "texture": "#0"},
				"east": {"uv": [15.5, 9.5, 16, 16], "texture": "#0"},
				"south": {"uv": [15.5, 9.5, 16, 16], "texture": "#0"},
				"west": {"uv": [15.5, 9.5, 16, 16], "texture": "#0"}
			}
		},
		{
			"from": [2.50668, 4, 8.01612],
			"to": [13.50668, 17, 8.01612],
			"faces": {
				"north": {"uv": [15.5, 9.5, 10, 16], "texture": "#0"},
				"south": {"uv": [10, 9.5, 15.5, 16], "texture": "#0"}
			}
		},
		{
			"from": [8.00668, 4, 2.51612],
			"to": [8.00668, 17, 13.51612],
			"faces": {
				"east": {"uv": [10, 9.5, 15.5, 16], "texture": "#0"},
				"west": {"uv": [15.5, 9.5, 10, 16], "texture": "#0"}
			}
		},
		{
			"from": [3.5, 16.5, 3.5],
			"to": [11.5, 16.5, 11.5],
			"rotation": {"angle": 45, "axis": "y", "origin": [8.02279, 9.3875, 8]},
			"faces": {
				"up": {"uv": [8.5, 0, 12.5, 4], "texture": "#0"},
				"down": {"uv": [8.5, 0, 12.5, 4], "texture": "#0"}
			}
		},
		{
			"from": [4, 16.525, 4],
			"to": [11, 17.025, 11],
			"rotation": {"angle": 45, "axis": "y", "origin": [8.02279, 9.3875, 8]},
			"faces": {
				"north": {"uv": [12.5, 0, 16, 0.5], "texture": "#0"},
				"east": {"uv": [12.5, 0, 16, 0.5], "texture": "#0"},
				"south": {"uv": [12.5, 0, 16, 0.5], "texture": "#0"},
				"west": {"uv": [12.5, 0, 16, 0.5], "texture": "#0"},
				"up": {"uv": [12.5, 0, 16, 3.5], "texture": "#0"},
				"down": {"uv": [12.5, 0, 16, 3.5], "texture": "#0"}
			}
		},
		{
			"from": [4.78363, 7, 7.17957],
			"to": [6.78363, 7, 9.17957],
			"rotation": {"angle": -22.5, "axis": "y", "origin": [8.02279, 9.3875, 8]},
			"faces": {
				"up": {"uv": [15, 4.5, 16, 5.5], "rotation": 270, "texture": "#0"},
				"down": {"uv": [15, 4.5, 16, 5.5], "rotation": 90, "texture": "#0"}
			}
		},
		{
			"from": [9.78363, 8, 6.17957],
			"to": [11.78363, 8, 8.17957],
			"rotation": {"angle": -22.5, "axis": "y", "origin": [8.02279, 9.3875, 8]},
			"faces": {
				"up": {"uv": [15, 4.5, 16, 5.5], "rotation": 270, "texture": "#0"},
				"down": {"uv": [15, 4.5, 16, 5.5], "rotation": 90, "texture": "#0"}
			}
		},
		{
			"from": [5.5, 14.04694, 9.00651],
			"to": [7.5, 14.04694, 11.00651],
			"rotation": {"angle": 45, "axis": "y", "origin": [9.52279, 9.6375, 9]},
			"faces": {
				"up": {"uv": [15, 4.5, 16, 5.5], "texture": "#0"},
				"down": {"uv": [15, 4.5, 16, 5.5], "texture": "#0"}
			}
		},
		{
			"from": [9.5, 13, 9.5],
			"to": [13.5, 13, 13.5],
			"rotation": {"angle": 45, "axis": "y", "origin": [8.02279, 9.3875, 8]},
			"faces": {
				"up": {"uv": [10, 4, 12, 6], "texture": "#0"},
				"down": {"uv": [10, 4, 12, 6], "texture": "#0"}
			}
		},
		{
			"from": [2.5, 14, 2.5],
			"to": [6.5, 14, 6.5],
			"rotation": {"angle": 45, "axis": "y", "origin": [8.02279, 9.3875, 8]},
			"faces": {
				"up": {"uv": [10, 4, 12, 6], "texture": "#0"},
				"down": {"uv": [10, 4, 12, 6], "texture": "#0"}
			}
		},
		{
			"from": [6.60668, 13, 1.6019],
			"to": [9.60668, 13, 4.6019],
			"faces": {
				"up": {"uv": [12.5, 4.5, 14, 6], "rotation": 270, "texture": "#0"},
				"down": {"uv": [14, 4.5, 12.5, 6], "rotation": 90, "texture": "#0"}
			}
		}
	]
}