{"credit":"Made with Blockbench by Valdr687","ambientocclusion":false,"textures":{"0":"block/dandelion","particle":"block/flower_pot","flowerpot":"block/flower_pot","dirt":"block/podzol_top"},"elements":[{"from":[7,4,7],"to":[9,11,9],"faces":{"north":{"uv":[7,11,9,16],"texture":"#0"},"east":{"uv":[7,11,9,16],"texture":"#0"},"south":{"uv":[7,11,9,16],"texture":"#0"},"west":{"uv":[7,11,9,16],"texture":"#0"},"up":{"uv":[7,11,9,13],"texture":"#0"}}},{"from":[4,4,8],"to":[7,10,8],"faces":{"north":{"uv":[9,11,12,16],"texture":"#0"},"south":{"uv":[12,11,9,16],"texture":"#0"}}},{"from":[9,4,8],"to":[12,9,8],"faces":{"north":{"uv":[12,11,9,16],"texture":"#0"},"south":{"uv":[9,11,12,16],"texture":"#0"}}},{"from":[8,4,9.1],"to":[8,9,12.1],"faces":{"east":{"uv":[12,11,9,16],"texture":"#0"},"west":{"uv":[9,11,12,16],"texture":"#0"}}},{"from":[8,4,4.1],"to":[8,9,7.1],"faces":{"east":{"uv":[7,11,4,16],"texture":"#0"},"west":{"uv":[4,11,7,16],"texture":"#0"}}},{"from":[6.5,11.025,6.5],"to":[9.5,11.025,9.5],"faces":{"up":{"uv":[6,8,9,11],"texture":"#0"},"down":{"uv":[7,8,10,11],"texture":"#0"}}},{"from":[6.5,2.25,11.675],"to":[9.5,2.25,14.675],"rotation":{"angle":-45,"axis":"x","origin":[0,4,0]},"faces":{"up":{"uv":[7,8,10,11],"texture":"#0"},"down":{"uv":[7,8,10,11],"texture":"#0"}}},{"from":[6.5,13.6,-3.3],"to":[9.5,13.6,-0.3],"rotation":{"angle":45,"axis":"x","origin":[0,4,0]},"faces":{"up":{"uv":[7,8,10,11],"texture":"#0"},"down":{"uv":[7,8,10,11],"texture":"#0"}}},{"from":[8.7,7.975,6.5],"to":[8.7,10.975,9.5],"rotation":{"angle":22.5,"axis":"z","origin":[0,4,0]},"faces":{"east":{"uv":[7,8,10,11],"rotation":270,"texture":"#0"},"west":{"uv":[6,8,9,11],"rotation":270,"texture":"#0"}}},{"from":[6.1,14.075,6.5],"to":[6.1,17.075,9.5],"rotation":{"angle":-22.5,"axis":"z","origin":[0,4,0]},"faces":{"east":{"uv":[6,8,9,11],"rotation":270,"texture":"#0"},"west":{"uv":[6,8,9,11],"rotation":270,"texture":"#0"}}},{"from":[8,11,7.5],"to":[8,13,8.5],"rotation":{"angle":45,"axis":"y","origin":[8,4,8]},"faces":{"east":{"uv":[9,8,10,10],"texture":"#0"},"west":{"uv":[8,8,9,10],"texture":"#0"}}},{"from":[8,11,7.5],"to":[8,13,8.5],"rotation":{"angle":-45,"axis":"y","origin":[8,4,8]},"faces":{"east":{"uv":[9,8,10,10],"texture":"#0"},"west":{"uv":[9,8,10,10],"texture":"#0"}}},{"from":[6,0,6],"to":[10,4,10],"faces":{"up":{"uv":[6,6,10,10],"texture":"#dirt"},"down":{"uv":[6,12,10,16],"texture":"#flowerpot","cullface":"down"}}},{"from":[6,0,10],"to":[10,6,11],"faces":{"north":{"uv":[6,10,10,16],"texture":"#flowerpot"},"south":{"uv":[6,10,10,16],"texture":"#flowerpot"},"up":{"uv":[6,10,10,11],"texture":"#flowerpot"},"down":{"uv":[6,5,10,6],"texture":"#flowerpot","cullface":"down"}}},{"from":[6,0,5],"to":[10,6,6],"faces":{"north":{"uv":[6,10,10,16],"texture":"#flowerpot"},"south":{"uv":[6,10,10,16],"texture":"#flowerpot"},"up":{"uv":[6,5,10,6],"texture":"#flowerpot"},"down":{"uv":[6,10,10,11],"texture":"#flowerpot","cullface":"down"}}},{"from":[10,0,5],"to":[11,6,11],"faces":{"north":{"uv":[5,10,6,16],"texture":"#flowerpot"},"east":{"uv":[5,10,11,16],"texture":"#flowerpot"},"south":{"uv":[10,10,11,16],"texture":"#flowerpot"},"west":{"uv":[5,10,11,16],"texture":"#flowerpot"},"up":{"uv":[10,5,11,11],"texture":"#flowerpot"},"down":{"uv":[10,5,11,11],"texture":"#flowerpot","cullface":"down"}}},{"from":[5,0,5],"to":[6,6,11],"faces":{"north":{"uv":[10,10,11,16],"texture":"#flowerpot"},"east":{"uv":[5,10,11,16],"texture":"#flowerpot"},"south":{"uv":[5,10,6,16],"texture":"#flowerpot"},"west":{"uv":[5,10,11,16],"texture":"#flowerpot"},"up":{"uv":[5,5,6,11],"texture":"#flowerpot"},"down":{"uv":[5,5,6,11],"texture":"#flowerpot","cullface":"down"}}}]}