{"credit":"Made with Blockbench by Valdr687","ambientocclusion":false,"textures":{"sapling":"block/mangrove_propagule","particle":"block/flower_pot","flowerpot":"block/flower_pot","dirt":"block/podzol_top"},"elements":[{"from":[8,9,4.5],"to":[8,15,11.5],"faces":{"east":{"uv":[4,1,11,7],"texture":"#sapling"},"west":{"uv":[11,1,4,7],"texture":"#sapling"}}},{"from":[4.5,9,8],"to":[11.5,15,8],"faces":{"north":{"uv":[11,1,4,7],"texture":"#sapling"},"south":{"uv":[4,1,11,7],"texture":"#sapling"}}},{"from":[7,0.025,7],"to":[9,8.975,9],"faces":{"north":{"uv":[7,7,9,16],"texture":"#sapling"},"east":{"uv":[7,7,9,16],"texture":"#sapling"},"south":{"uv":[7,7,9,16],"texture":"#sapling"},"west":{"uv":[7,7,9,16],"texture":"#sapling"},"up":{"uv":[7,7,9,9],"rotation":270,"texture":"#sapling"},"down":{"uv":[0,0,0,0],"rotation":90,"texture":"#sapling"}}},{"from":[7.5,9,7.5],"to":[8.5,12,8.5],"faces":{"north":{"uv":[7,4,8,7],"texture":"#sapling"},"east":{"uv":[7,4,8,7],"texture":"#sapling"},"south":{"uv":[7,4,8,7],"texture":"#sapling"},"west":{"uv":[7,4,8,7],"texture":"#sapling"},"up":{"uv":[7,4,8,5],"rotation":270,"texture":"#sapling"}}},{"from":[5,0,5],"to":[6,6,11],"rotation":{"angle":45,"axis":"y","origin":[8,7,8]},"faces":{"north":{"uv":[10,10,11,16],"texture":"#flowerpot"},"east":{"uv":[5,10,11,16],"texture":"#flowerpot"},"south":{"uv":[5,10,6,16],"texture":"#flowerpot"},"west":{"uv":[5,10,11,16],"texture":"#flowerpot"},"up":{"uv":[5,5,6,11],"texture":"#flowerpot"},"down":{"uv":[5,5,6,11],"texture":"#flowerpot","cullface":"down"}}},{"from":[10,0,5],"to":[11,6,11],"rotation":{"angle":45,"axis":"y","origin":[8,7,8]},"faces":{"north":{"uv":[5,10,6,16],"texture":"#flowerpot"},"east":{"uv":[5,10,11,16],"texture":"#flowerpot"},"south":{"uv":[10,10,11,16],"texture":"#flowerpot"},"west":{"uv":[5,10,11,16],"texture":"#flowerpot"},"up":{"uv":[10,5,11,11],"texture":"#flowerpot"},"down":{"uv":[10,5,11,11],"texture":"#flowerpot","cullface":"down"}}},{"from":[6,0,5],"to":[10,6,6],"rotation":{"angle":45,"axis":"y","origin":[8,7,8]},"faces":{"north":{"uv":[6,10,10,16],"texture":"#flowerpot"},"south":{"uv":[6,10,10,16],"texture":"#flowerpot"},"up":{"uv":[6,5,10,6],"texture":"#flowerpot"},"down":{"uv":[6,10,10,11],"texture":"#flowerpot","cullface":"down"}}},{"from":[6,0,10],"to":[10,6,11],"rotation":{"angle":45,"axis":"y","origin":[8,7,8]},"faces":{"north":{"uv":[6,10,10,16],"texture":"#flowerpot"},"south":{"uv":[6,10,10,16],"texture":"#flowerpot"},"up":{"uv":[6,10,10,11],"texture":"#flowerpot"},"down":{"uv":[6,5,10,6],"texture":"#flowerpot","cullface":"down"}}},{"from":[6,0,6],"to":[10,4,10],"rotation":{"angle":45,"axis":"y","origin":[8,7,8]},"faces":{"up":{"uv":[6,6,10,10],"texture":"#dirt"},"down":{"uv":[6,12,10,16],"texture":"#flowerpot","cullface":"down"}}}]}