{"credit":"Made with Blockbench by Valdr687","parent":"minecraft:block/flower_pot_cross","ambientocclusion":false,"textures":{"plant":"block/lily_of_the_valley","particle":"block/flower_pot","flowerpot":"block/flower_pot","dirt":"block/podzol_top"},"elements":[{"from":[5,0,5],"to":[6,6,11],"faces":{"north":{"uv":[10,10,11,16],"texture":"#flowerpot"},"east":{"uv":[5,10,11,16],"texture":"#flowerpot"},"south":{"uv":[5,10,6,16],"texture":"#flowerpot"},"west":{"uv":[5,10,11,16],"texture":"#flowerpot"},"up":{"uv":[5,5,6,11],"texture":"#flowerpot"},"down":{"uv":[5,5,6,11],"texture":"#flowerpot","cullface":"down"}}},{"from":[10,0,5],"to":[11,6,11],"faces":{"north":{"uv":[5,10,6,16],"texture":"#flowerpot"},"east":{"uv":[5,10,11,16],"texture":"#flowerpot"},"south":{"uv":[10,10,11,16],"texture":"#flowerpot"},"west":{"uv":[5,10,11,16],"texture":"#flowerpot"},"up":{"uv":[10,5,11,11],"texture":"#flowerpot"},"down":{"uv":[10,5,11,11],"texture":"#flowerpot","cullface":"down"}}},{"from":[6,0,5],"to":[10,6,6],"faces":{"north":{"uv":[6,10,10,16],"texture":"#flowerpot"},"south":{"uv":[6,10,10,16],"texture":"#flowerpot"},"up":{"uv":[6,5,10,6],"texture":"#flowerpot"},"down":{"uv":[6,10,10,11],"texture":"#flowerpot","cullface":"down"}}},{"from":[6,0,10],"to":[10,6,11],"faces":{"north":{"uv":[6,10,10,16],"texture":"#flowerpot"},"south":{"uv":[6,10,10,16],"texture":"#flowerpot"},"up":{"uv":[6,10,10,11],"texture":"#flowerpot"},"down":{"uv":[6,5,10,6],"texture":"#flowerpot","cullface":"down"}}},{"from":[6,0,6],"to":[10,4,10],"faces":{"up":{"uv":[6,6,10,10],"texture":"#dirt"},"down":{"uv":[6,12,10,16],"texture":"#flowerpot","cullface":"down"}}},{"from":[7.5,4,7.5],"to":[8.5,14,8.5],"faces":{"north":{"uv":[8,6,9,16],"texture":"#plant"},"east":{"uv":[8,6,9,16],"texture":"#plant"},"south":{"uv":[8,6,9,16],"texture":"#plant"},"west":{"uv":[8,6,9,16],"texture":"#plant"},"up":{"uv":[8,6,9,7],"texture":"#plant"}}},{"from":[8,5,8.5],"to":[8,13,12.5],"rotation":{"angle":-45,"axis":"y","origin":[8,4,8]},"faces":{"east":{"uv":[13,7,9,15],"texture":"#plant"},"west":{"uv":[9,7,13,15],"texture":"#plant"}}},{"from":[8,5,8.5],"to":[8,13,12.5],"rotation":{"angle":45,"axis":"y","origin":[8,4,8]},"faces":{"east":{"uv":[13,7,9,15],"texture":"#plant"},"west":{"uv":[9,7,13,15],"texture":"#plant"}}},{"from":[7.5,14,6.5],"to":[8.5,15,7.5],"faces":{"north":{"uv":[7,5,8,6],"texture":"#plant"},"east":{"uv":[7,5,8,6],"texture":"#plant"},"south":{"uv":[7,5,8,6],"texture":"#plant"},"west":{"uv":[7,5,8,6],"texture":"#plant"},"up":{"uv":[7,5,8,6],"texture":"#plant"},"down":{"uv":[7,5,8,6],"texture":"#plant"}}},{"from":[7.5,13,5.5],"to":[8.5,14,6.5],"faces":{"north":{"uv":[7,5,8,6],"texture":"#plant"},"east":{"uv":[7,5,8,6],"texture":"#plant"},"south":{"uv":[7,5,8,6],"texture":"#plant"},"west":{"uv":[7,5,8,6],"texture":"#plant"},"up":{"uv":[7,5,8,6],"texture":"#plant"},"down":{"uv":[7,5,8,6],"texture":"#plant"}}},{"from":[7.5,10,6.5],"to":[8.5,11,7.5],"faces":{"north":{"uv":[7,8,8,9],"texture":"#plant"},"east":{"uv":[7,8,8,9],"texture":"#plant"},"west":{"uv":[7,8,8,9],"texture":"#plant"},"up":{"uv":[7,8,8,9],"texture":"#plant"},"down":{"uv":[7,8,8,9],"texture":"#plant"}}},{"from":[7.5,15,3.5],"to":[8.5,16,6.5],"faces":{"north":{"uv":[6,4,7,5],"texture":"#plant"},"east":{"uv":[4,4,7,5],"texture":"#plant"},"south":{"uv":[6,4,7,5],"texture":"#plant"},"west":{"uv":[7,4,4,5],"texture":"#plant"},"up":{"uv":[7,4,4,5],"rotation":90,"texture":"#plant"},"down":{"uv":[4,4,7,5],"rotation":90,"texture":"#plant"}}},{"from":[7.5,10,6],"to":[8.5,10,7],"faces":{"up":{"uv":[3,5,4,6],"rotation":270,"texture":"#plant"},"down":{"uv":[3,5,4,6],"rotation":270,"texture":"#plant"}}},{"from":[7.5,9,6],"to":[7.5,10,7],"faces":{"east":{"uv":[3,5,4,6],"texture":"#plant"},"west":{"uv":[3,5,4,6],"texture":"#plant"}}},{"from":[8.5,9,6],"to":[8.5,10,7],"faces":{"east":{"uv":[3,5,4,6],"texture":"#plant"},"west":{"uv":[3,5,4,6],"texture":"#plant"}}},{"from":[7.5,9,7],"to":[8.5,10,7],"faces":{"north":{"uv":[3,5,4,6],"texture":"#plant"},"south":{"uv":[3,5,4,6],"texture":"#plant"}}},{"from":[7.5,9,6],"to":[8.5,10,6],"faces":{"north":{"uv":[3,5,4,6],"texture":"#plant"},"south":{"uv":[3,5,4,6],"texture":"#plant"}}},{"from":[8,11,5.5],"to":[8,13,6.5],"rotation":{"angle":45,"axis":"y","origin":[8,12,6]},"faces":{"east":{"uv":[3,5,4,7],"texture":"#plant"},"west":{"uv":[5,7,6,9],"texture":"#plant"}}},{"from":[7,11,5],"to":[9,13,5],"faces":{"north":{"uv":[3,5,5,7],"texture":"#plant"},"south":{"uv":[3,5,4,7],"texture":"#plant"}}},{"from":[7,11,7],"to":[9,13,7],"faces":{"north":{"uv":[3,5,4,7],"texture":"#plant"},"south":{"uv":[3,5,5,7],"texture":"#plant"}}},{"from":[9,11,5],"to":[9,13,7],"faces":{"east":{"uv":[3,5,5,7],"texture":"#plant"},"west":{"uv":[3,5,5,7],"texture":"#plant"}}},{"from":[7,12.975,5],"to":[9,12.975,7],"faces":{"up":{"uv":[3,5,5,7],"rotation":270,"texture":"#plant"},"down":{"uv":[3,5,5,7],"rotation":270,"texture":"#plant"}}},{"from":[7,11,5],"to":[7,13,7],"faces":{"east":{"uv":[3,5,5,7],"texture":"#plant"},"west":{"uv":[3,5,5,7],"texture":"#plant"}}},{"from":[7.5,11,6],"to":[8.5,13,6],"rotation":{"angle":22.5,"axis":"y","origin":[8,12,6]},"faces":{"north":{"uv":[5,7,6,9],"texture":"#plant"},"south":{"uv":[3,5,4,7],"texture":"#plant"}}},{"from":[8,13,3.25],"to":[8,15,4.25],"rotation":{"angle":45,"axis":"y","origin":[8,14,3.75]},"faces":{"east":{"uv":[3,5,4,7],"texture":"#plant"},"west":{"uv":[5,7,6,9],"texture":"#plant"}}},{"from":[7,13,2.75],"to":[9,15,2.75],"faces":{"north":{"uv":[3,5,5,7],"texture":"#plant"},"south":{"uv":[3,5,4,7],"texture":"#plant"}}},{"from":[7,13,4.75],"to":[9,15,4.75],"faces":{"north":{"uv":[3,5,4,7],"texture":"#plant"},"south":{"uv":[3,5,5,7],"texture":"#plant"}}},{"from":[9,13,2.75],"to":[9,15,4.75],"faces":{"east":{"uv":[3,5,5,7],"texture":"#plant"},"west":{"uv":[3,5,5,7],"texture":"#plant"}}},{"from":[7,14.975,2.75],"to":[9,14.975,4.75],"faces":{"up":{"uv":[3,5,5,7],"rotation":270,"texture":"#plant"},"down":{"uv":[3,5,5,7],"rotation":270,"texture":"#plant"}}},{"from":[7,13,2.75],"to":[7,15,4.75],"faces":{"east":{"uv":[3,5,5,7],"texture":"#plant"},"west":{"uv":[3,5,5,7],"texture":"#plant"}}},{"from":[7.5,13,3.75],"to":[8.5,15,3.75],"rotation":{"angle":22.5,"axis":"y","origin":[8,14,3.75]},"faces":{"north":{"uv":[5,7,6,9],"texture":"#plant"},"south":{"uv":[3,5,4,7],"texture":"#plant"}}}]}