{"credit":"Made with Blockbench by Valdr687","parent":"minecraft:block/flower_pot_cross","ambientocclusion":false,"textures":{"particle":"block/flower_pot","flowerpot":"block/flower_pot","dirt":"block/podzol_top","plant":"block/birch_sapling"},"elements":[{"from":[5,0,5],"to":[6,6,11],"faces":{"north":{"uv":[10,10,11,16],"texture":"#flowerpot"},"east":{"uv":[5,10,11,16],"texture":"#flowerpot"},"south":{"uv":[5,10,6,16],"texture":"#flowerpot"},"west":{"uv":[5,10,11,16],"texture":"#flowerpot"},"up":{"uv":[5,5,6,11],"texture":"#flowerpot"},"down":{"uv":[5,5,6,11],"texture":"#flowerpot","cullface":"down"}}},{"from":[10,0,5],"to":[11,6,11],"faces":{"north":{"uv":[5,10,6,16],"texture":"#flowerpot"},"east":{"uv":[5,10,11,16],"texture":"#flowerpot"},"south":{"uv":[10,10,11,16],"texture":"#flowerpot"},"west":{"uv":[5,10,11,16],"texture":"#flowerpot"},"up":{"uv":[10,5,11,11],"texture":"#flowerpot"},"down":{"uv":[10,5,11,11],"texture":"#flowerpot","cullface":"down"}}},{"from":[6,0,5],"to":[10,6,6],"faces":{"north":{"uv":[6,10,10,16],"texture":"#flowerpot"},"south":{"uv":[6,10,10,16],"texture":"#flowerpot"},"up":{"uv":[6,5,10,6],"texture":"#flowerpot"},"down":{"uv":[6,10,10,11],"texture":"#flowerpot","cullface":"down"}}},{"from":[6,0,10],"to":[10,6,11],"faces":{"north":{"uv":[6,10,10,16],"texture":"#flowerpot"},"south":{"uv":[6,10,10,16],"texture":"#flowerpot"},"up":{"uv":[6,10,10,11],"texture":"#flowerpot"},"down":{"uv":[6,5,10,6],"texture":"#flowerpot","cullface":"down"}}},{"from":[6,0,6],"to":[10,4,10],"faces":{"up":{"uv":[6,6,10,10],"texture":"#dirt"},"down":{"uv":[6,12,10,16],"texture":"#flowerpot","cullface":"down"}}},{"from":[7.5,4,7.5],"to":[8.5,18,8.5],"faces":{"north":{"uv":[8,2,9,16],"texture":"#plant"},"east":{"uv":[8,2,9,16],"texture":"#plant"},"south":{"uv":[8,2,9,16],"texture":"#plant"},"west":{"uv":[8,2,9,16],"texture":"#plant"},"up":{"uv":[8,2,9,3],"texture":"#plant"},"down":{"uv":[8,15,9,16],"texture":"#plant"}}},{"from":[8,5,8.5],"to":[8,20,13.5],"rotation":{"angle":45,"axis":"y","origin":[8,10.5,8]},"faces":{"north":{"uv":[0,0,0,0],"texture":"#plant"},"east":{"uv":[14,0,9,15],"texture":"#plant"},"south":{"uv":[0,0,0,0],"texture":"#plant"},"west":{"uv":[9,0,14,15],"texture":"#plant"},"up":{"uv":[0,0,0,0],"texture":"#plant"},"down":{"uv":[0,0,0,0],"texture":"#plant"}}},{"from":[8,5,2.5],"to":[8,20,7.5],"rotation":{"angle":45,"axis":"y","origin":[8,10.5,8]},"faces":{"north":{"uv":[0,0,0,0],"texture":"#plant"},"east":{"uv":[8,0,3,15],"texture":"#plant"},"south":{"uv":[0,0,0,0],"texture":"#plant"},"west":{"uv":[3,0,8,15],"texture":"#plant"},"up":{"uv":[0,0,0,0],"texture":"#plant"},"down":{"uv":[0,0,0,0],"texture":"#plant"}}},{"from":[8,18,7.5],"to":[8,20,8.5],"rotation":{"angle":45,"axis":"y","origin":[8,10.5,8]},"faces":{"north":{"uv":[3,0,8,15],"texture":"#plant"},"east":{"uv":[8,0,9,2],"texture":"#plant"},"south":{"uv":[3,0,8,15],"texture":"#plant"},"west":{"uv":[8,0,9,2],"texture":"#plant"},"up":{"uv":[3,0,8,15],"texture":"#plant"},"down":{"uv":[3,0,8,15],"texture":"#plant"}}},{"from":[8,18,7.5],"to":[8,20,8.5],"rotation":{"angle":-45,"axis":"y","origin":[8,10.5,8]},"faces":{"north":{"uv":[3,0,8,15],"texture":"#plant"},"east":{"uv":[8,0,9,2],"texture":"#plant"},"south":{"uv":[3,0,8,15],"texture":"#plant"},"west":{"uv":[8,0,9,2],"texture":"#plant"},"up":{"uv":[3,0,8,15],"texture":"#plant"},"down":{"uv":[3,0,8,15],"texture":"#plant"}}},{"from":[8,5,8.5],"to":[8,20,13.5],"rotation":{"angle":-45,"axis":"y","origin":[8,10.5,8]},"faces":{"north":{"uv":[0,0,0,0],"texture":"#plant"},"east":{"uv":[14,0,9,15],"texture":"#plant"},"south":{"uv":[0,0,0,0],"texture":"#plant"},"west":{"uv":[9,0,14,15],"texture":"#plant"},"up":{"uv":[0,0,0,0],"texture":"#plant"},"down":{"uv":[0,0,0,0],"texture":"#plant"}}},{"from":[8,5,2.5],"to":[8,20,7.5],"rotation":{"angle":-45,"axis":"y","origin":[8,10.5,8]},"faces":{"north":{"uv":[0,0,0,0],"texture":"#plant"},"east":{"uv":[8,0,3,15],"texture":"#plant"},"south":{"uv":[0,0,0,0],"texture":"#plant"},"west":{"uv":[3,0,8,15],"texture":"#plant"},"up":{"uv":[0,0,0,0],"texture":"#plant"},"down":{"uv":[0,0,0,0],"texture":"#plant"}}}]}