{"credit":"Made with Blockbench by Valdr687","parent":"minecraft:block/flower_pot_cross","textures":{"0":"block/oak_sapling_block","particle":"block/flower_pot","flowerpot":"block/flower_pot","dirt":"block/podzol_top"},"elements":[{"from":[7.5,3,7.5],"to":[8.5,12,8.5],"rotation":{"angle":45,"axis":"y","origin":[8,8.5,8]},"faces":{"north":{"uv":[12,3,13,12],"texture":"#0"},"east":{"uv":[12,3,13,12],"texture":"#0"},"south":{"uv":[12,3,13,12],"texture":"#0"},"west":{"uv":[12,3,13,12],"texture":"#0"},"up":{"uv":[12,3,13,4],"texture":"#0"},"down":{"uv":[12,7,13,8],"texture":"#0"}}},{"from":[5,8,5],"to":[11,14,11],"rotation":{"angle":45,"axis":"y","origin":[8,8.5,8]},"faces":{"north":{"uv":[2,3,8,9],"texture":"#0"},"east":{"uv":[2,3,8,9],"texture":"#0"},"south":{"uv":[2,3,8,9],"texture":"#0"},"west":{"uv":[2,3,8,9],"texture":"#0"},"up":{"uv":[2,3,8,9],"texture":"#0"},"down":{"uv":[2,3,8,9],"texture":"#0"}}},{"from":[5.5,8.5,5.5],"to":[10.5,13.5,10.5],"rotation":{"angle":45,"axis":"y","origin":[8,8.5,8]},"faces":{"north":{"uv":[5,4,10,9],"texture":"#0"},"east":{"uv":[5,4,10,9],"texture":"#0"},"south":{"uv":[5,4,10,9],"texture":"#0"},"west":{"uv":[5,4,10,9],"texture":"#0"},"up":{"uv":[5,4,10,9],"texture":"#0"},"down":{"uv":[5,4,10,9],"texture":"#0"}}},{"from":[6,14,6],"to":[10,16,10],"rotation":{"angle":45,"axis":"y","origin":[8,8.5,8]},"faces":{"north":{"uv":[2,3,6,5],"texture":"#0"},"east":{"uv":[2,3,6,5],"texture":"#0"},"south":{"uv":[2,3,6,5],"texture":"#0"},"west":{"uv":[2,3,6,5],"texture":"#0"},"up":{"uv":[6,3,10,7],"texture":"#0"},"down":{"uv":[6,3,10,7],"texture":"#0"}}},{"from":[5,0,5],"to":[6,6,11],"rotation":{"angle":45,"axis":"y","origin":[8,8.5,8]},"faces":{"north":{"uv":[10,10,11,16],"texture":"#flowerpot"},"east":{"uv":[5,10,11,16],"texture":"#flowerpot"},"south":{"uv":[5,10,6,16],"texture":"#flowerpot"},"west":{"uv":[5,10,11,16],"texture":"#flowerpot"},"up":{"uv":[5,5,6,11],"texture":"#flowerpot"},"down":{"uv":[5,5,6,11],"texture":"#flowerpot","cullface":"down"}}},{"from":[10,0,5],"to":[11,6,11],"rotation":{"angle":45,"axis":"y","origin":[8,8.5,8]},"faces":{"north":{"uv":[5,10,6,16],"texture":"#flowerpot"},"east":{"uv":[5,10,11,16],"texture":"#flowerpot"},"south":{"uv":[10,10,11,16],"texture":"#flowerpot"},"west":{"uv":[5,10,11,16],"texture":"#flowerpot"},"up":{"uv":[10,5,11,11],"texture":"#flowerpot"},"down":{"uv":[10,5,11,11],"texture":"#flowerpot","cullface":"down"}}},{"from":[6,0,5],"to":[10,6,6],"rotation":{"angle":45,"axis":"y","origin":[8,8.5,8]},"faces":{"north":{"uv":[6,10,10,16],"texture":"#flowerpot"},"south":{"uv":[6,10,10,16],"texture":"#flowerpot"},"up":{"uv":[6,5,10,6],"texture":"#flowerpot"},"down":{"uv":[6,10,10,11],"texture":"#flowerpot","cullface":"down"}}},{"from":[6,0,10],"to":[10,6,11],"rotation":{"angle":45,"axis":"y","origin":[8,8.5,8]},"faces":{"north":{"uv":[6,10,10,16],"texture":"#flowerpot"},"south":{"uv":[6,10,10,16],"texture":"#flowerpot"},"up":{"uv":[6,10,10,11],"texture":"#flowerpot"},"down":{"uv":[6,5,10,6],"texture":"#flowerpot","cullface":"down"}}},{"from":[6,0,6],"to":[10,4,10],"rotation":{"angle":45,"axis":"y","origin":[8,8.5,8]},"faces":{"up":{"uv":[6,6,10,10],"texture":"#dirt"},"down":{"uv":[6,12,10,16],"texture":"#flowerpot","cullface":"down"}}}]}