{"credit":"Made with Blockbench by Valdr687","parent":"minecraft:block/cross","ambientocclusion":false,"textures":{"particle":"block/flower_pot","flowerpot":"block/flower_pot","dirt":"block/podzol_top","cross":"block/red_mushroom_blocki"},"elements":[{"from":[6,0,6],"to":[10,4,10],"rotation":{"angle":45,"axis":"y","origin":[8,5.5,8]},"faces":{"up":{"uv":[6,6,10,10],"texture":"#dirt"},"down":{"uv":[6,6,10,10],"texture":"#flowerpot","cullface":"down"}}},{"from":[6,0,10],"to":[10,6,11],"rotation":{"angle":45,"axis":"y","origin":[8,5.5,8]},"faces":{"north":{"uv":[6,10,10,16],"texture":"#flowerpot"},"south":{"uv":[6,10,10,16],"texture":"#flowerpot"},"up":{"uv":[6,10,10,11],"texture":"#flowerpot"},"down":{"uv":[6,5,10,6],"texture":"#flowerpot","cullface":"down"}}},{"from":[6,0,5],"to":[10,6,6],"rotation":{"angle":45,"axis":"y","origin":[8,5.5,8]},"faces":{"north":{"uv":[6,10,10,16],"texture":"#flowerpot"},"south":{"uv":[6,10,10,16],"texture":"#flowerpot"},"up":{"uv":[6,5,10,6],"texture":"#flowerpot"},"down":{"uv":[6,10,10,11],"texture":"#flowerpot","cullface":"down"}}},{"from":[10,0,5],"to":[11,6,11],"rotation":{"angle":45,"axis":"y","origin":[8,5.5,8]},"faces":{"north":{"uv":[5,10,6,16],"texture":"#flowerpot"},"east":{"uv":[5,10,11,16],"texture":"#flowerpot"},"south":{"uv":[10,10,11,16],"texture":"#flowerpot"},"west":{"uv":[5,10,11,16],"texture":"#flowerpot"},"up":{"uv":[10,5,11,11],"texture":"#flowerpot"},"down":{"uv":[10,5,11,11],"texture":"#flowerpot","cullface":"down"}}},{"from":[5,0,5],"to":[6,6,11],"rotation":{"angle":45,"axis":"y","origin":[8,5.5,8]},"faces":{"north":{"uv":[10,10,11,16],"texture":"#flowerpot"},"east":{"uv":[5,10,11,16],"texture":"#flowerpot"},"south":{"uv":[5,10,6,16],"texture":"#flowerpot"},"west":{"uv":[5,10,11,16],"texture":"#flowerpot"},"up":{"uv":[5,5,6,11],"texture":"#flowerpot"},"down":{"uv":[5,5,6,11],"texture":"#flowerpot","cullface":"down"}}},{"from":[7,4,7],"to":[9,8,9],"rotation":{"angle":45,"axis":"y","origin":[8,5.5,8]},"faces":{"north":{"uv":[7,12,9,16],"texture":"#cross"},"east":{"uv":[7,12,9,16],"texture":"#cross"},"south":{"uv":[7,12,9,16],"texture":"#cross"},"west":{"uv":[7,12,9,16],"texture":"#cross"},"down":{"uv":[7,14,9,16],"rotation":90,"texture":"#cross"}}},{"from":[5,8,5],"to":[11,10,11],"rotation":{"angle":45,"axis":"y","origin":[8,5.5,8]},"faces":{"north":{"uv":[5,10,11,12],"texture":"#cross"},"east":{"uv":[5,10,11,12],"texture":"#cross"},"south":{"uv":[5,10,11,12],"texture":"#cross"},"west":{"uv":[5,10,11,12],"texture":"#cross"},"up":{"uv":[8,0,14,6],"rotation":270,"texture":"#cross"},"down":{"uv":[8,0,14,6],"rotation":90,"texture":"#cross"}}}]}