{
	"credit": "Made with Blockbench by Valdr687",
	"parent": "minecraft:block/flower_pot_cross",
	"ambientocclusion": false,
	"textures": {
		"0": "block/azure_bluet_block",
		"particle": "block/flower_pot",
		"flowerpot": "block/flower_pot",
		"dirt": "block/podzol_top"
	},
	"elements": [
		{
			"from": [6, 0, 6],
			"to": [10, 4, 10],
			"rotation": {"angle": 45, "axis": "y", "origin": [7.94004, 6.125, 8]},
			"faces": {
				"up": {"uv": [6, 6, 10, 10], "texture": "#dirt"},
				"down": {"uv": [6, 12, 10, 16], "texture": "#flowerpot", "cullface": "down"}
			}
		},
		{
			"from": [6, 0, 10],
			"to": [10, 6, 11],
			"rotation": {"angle": 45, "axis": "y", "origin": [7.94004, 6.125, 8]},
			"faces": {
				"north": {"uv": [6, 10, 10, 16], "texture": "#flowerpot"},
				"south": {"uv": [6, 10, 10, 16], "texture": "#flowerpot"},
				"up": {"uv": [6, 10, 10, 11], "texture": "#flowerpot"},
				"down": {"uv": [6, 5, 10, 6], "texture": "#flowerpot", "cullface": "down"}
			}
		},
		{
			"from": [6, 0, 5],
			"to": [10, 6, 6],
			"rotation": {"angle": 45, "axis": "y", "origin": [7.94004, 6.125, 8]},
			"faces": {
				"north": {"uv": [6, 10, 10, 16], "texture": "#flowerpot"},
				"south": {"uv": [6, 10, 10, 16], "texture": "#flowerpot"},
				"up": {"uv": [6, 5, 10, 6], "texture": "#flowerpot"},
				"down": {"uv": [6, 10, 10, 11], "texture": "#flowerpot", "cullface": "down"}
			}
		},
		{
			"from": [10, 0, 5],
			"to": [11, 6, 11],
			"rotation": {"angle": 45, "axis": "y", "origin": [7.94004, 6.125, 8]},
			"faces": {
				"north": {"uv": [5, 10, 6, 16], "texture": "#flowerpot"},
				"east": {"uv": [5, 10, 11, 16], "texture": "#flowerpot"},
				"south": {"uv": [10, 10, 11, 16], "texture": "#flowerpot"},
				"west": {"uv": [5, 10, 11, 16], "texture": "#flowerpot"},
				"up": {"uv": [10, 5, 11, 11], "texture": "#flowerpot"},
				"down": {"uv": [10, 5, 11, 11], "texture": "#flowerpot", "cullface": "down"}
			}
		},
		{
			"from": [5, 0, 5],
			"to": [6, 6, 11],
			"rotation": {"angle": 45, "axis": "y", "origin": [7.94004, 6.125, 8]},
			"faces": {
				"north": {"uv": [10, 10, 11, 16], "texture": "#flowerpot"},
				"east": {"uv": [5, 10, 11, 16], "texture": "#flowerpot"},
				"south": {"uv": [5, 10, 6, 16], "texture": "#flowerpot"},
				"west": {"uv": [5, 10, 11, 16], "texture": "#flowerpot"},
				"up": {"uv": [5, 5, 6, 11], "texture": "#flowerpot"},
				"down": {"uv": [5, 5, 6, 11], "texture": "#flowerpot", "cullface": "down"}
			}
		},
		{
			"from": [10.28798, 8.5, 5.9446],
			"to": [10.28798, 10.5, 7.9446],
			"rotation": {"angle": -22.5, "axis": "y", "origin": [7.94004, 6.125, 8]},
			"faces": {
				"east": {"uv": [3, 0, 5, 2], "texture": "#0"},
				"west": {"uv": [3, 0, 5, 2], "texture": "#0"}
			}
		},
		{
			"from": [11.48244, 6.75, 6.9576],
			"to": [11.48244, 8.75, 8.9576],
			"faces": {
				"east": {"uv": [0, 0, 2, 2], "texture": "#0"},
				"west": {"uv": [0, 0, 2, 2], "texture": "#0"}
			}
		},
		{
			"from": [6.98244, 9, 10.4576],
			"to": [8.98244, 11, 10.4576],
			"faces": {
				"north": {"uv": [3, 0, 5, 2], "texture": "#0"},
				"south": {"uv": [3, 0, 5, 2], "texture": "#0"}
			}
		},
		{
			"from": [6.98244, 7, 11.4576],
			"to": [8.98244, 9, 11.4576],
			"faces": {
				"north": {"uv": [0, 0, 2, 2], "texture": "#0"},
				"south": {"uv": [0, 0, 2, 2], "texture": "#0"}
			}
		},
		{
			"from": [5.48244, 9.25, 6.9576],
			"to": [5.48244, 11.25, 8.9576],
			"faces": {
				"east": {"uv": [3, 0, 5, 2], "texture": "#0"},
				"west": {"uv": [3, 0, 5, 2], "texture": "#0"}
			}
		},
		{
			"from": [4.74544, 7, 5.97705],
			"to": [4.74544, 9, 7.97705],
			"rotation": {"angle": 22.5, "axis": "y", "origin": [7.94004, 6.125, 8]},
			"faces": {
				"east": {"uv": [0, 0, 2, 2], "texture": "#0"},
				"west": {"uv": [0, 0, 2, 2], "texture": "#0"}
			}
		},
		{
			"from": [6.98244, 7, 4.4576],
			"to": [8.98244, 9, 4.4576],
			"faces": {
				"north": {"uv": [0, 0, 2, 2], "texture": "#0"},
				"south": {"uv": [0, 0, 2, 2], "texture": "#0"}
			}
		},
		{
			"from": [5.96298, 9, 5.5446],
			"to": [7.96298, 11, 5.5446],
			"rotation": {"angle": -22.5, "axis": "y", "origin": [7.94004, 6.125, 8]},
			"faces": {
				"north": {"uv": [3, 0, 5, 2], "texture": "#0"},
				"south": {"uv": [3, 0, 5, 2], "texture": "#0"}
			}
		},
		{
			"from": [4.48244, 5, 7.9576],
			"to": [8.48244, 11, 7.9576],
			"faces": {
				"north": {"uv": [13, 0, 9, 6], "texture": "#0"},
				"south": {"uv": [9, 0, 13, 6], "texture": "#0"}
			}
		},
		{
			"from": [7.5, 4.025, 7.5],
			"to": [8.5, 8.025, 8.5],
			"rotation": {"angle": 45, "axis": "y", "origin": [7.94004, 6.125, 8]},
			"faces": {
				"north": {"uv": [7, 12, 8, 16], "texture": "#0"},
				"east": {"uv": [7, 12, 8, 16], "texture": "#0"},
				"south": {"uv": [7, 12, 8, 16], "texture": "#0"},
				"west": {"uv": [7, 12, 8, 16], "texture": "#0"},
				"up": {"uv": [7, 12, 8, 13], "texture": "#0"},
				"down": {"uv": [7, 15, 8, 16], "texture": "#0"}
			}
		},
		{
			"from": [7.98244, 5, 4.4576],
			"to": [7.98244, 11, 7.4576],
			"faces": {
				"east": {"uv": [13, 0, 16, 6], "texture": "#0"},
				"west": {"uv": [16, 0, 13, 6], "texture": "#0"}
			}
		},
		{
			"from": [7.98244, 5, 7.4576],
			"to": [7.98244, 11, 11.4576],
			"faces": {
				"east": {"uv": [9, 0, 13, 6], "texture": "#0"},
				"west": {"uv": [13, 0, 9, 6], "texture": "#0"}
			}
		},
		{
			"from": [8.48244, 5, 7.9576],
			"to": [11.48244, 11, 7.9576],
			"faces": {
				"north": {"uv": [16, 0, 13, 6], "texture": "#0"},
				"south": {"uv": [13, 0, 16, 6], "texture": "#0"}
			}
		}
	]
}