{
	"credit": "Made with Blockbench by Valdr687",
	"parent": "minecraft:block/flower_pot_cross",
	"textures": {
		"0": "block/jungle_sapling_block",
		"particle": "block/flower_pot",
		"flowerpot": "block/flower_pot",
		"dirt": "block/podzol_top"
	},
	"elements": [
		{
			"from": [5, 0, 5],
			"to": [6, 6, 11],
			"faces": {
				"north": {"uv": [10, 10, 11, 16], "texture": "#flowerpot"},
				"east": {"uv": [5, 10, 11, 16], "texture": "#flowerpot"},
				"south": {"uv": [5, 10, 6, 16], "texture": "#flowerpot"},
				"west": {"uv": [5, 10, 11, 16], "texture": "#flowerpot"},
				"up": {"uv": [5, 5, 6, 11], "texture": "#flowerpot"},
				"down": {"uv": [5, 5, 6, 11], "texture": "#flowerpot", "cullface": "down"}
			}
		},
		{
			"from": [10, 0, 5],
			"to": [11, 6, 11],
			"faces": {
				"north": {"uv": [5, 10, 6, 16], "texture": "#flowerpot"},
				"east": {"uv": [5, 10, 11, 16], "texture": "#flowerpot"},
				"south": {"uv": [10, 10, 11, 16], "texture": "#flowerpot"},
				"west": {"uv": [5, 10, 11, 16], "texture": "#flowerpot"},
				"up": {"uv": [10, 5, 11, 11], "texture": "#flowerpot"},
				"down": {"uv": [10, 5, 11, 11], "texture": "#flowerpot", "cullface": "down"}
			}
		},
		{
			"from": [6, 0, 5],
			"to": [10, 6, 6],
			"faces": {
				"north": {"uv": [6, 10, 10, 16], "texture": "#flowerpot"},
				"south": {"uv": [6, 10, 10, 16], "texture": "#flowerpot"},
				"up": {"uv": [6, 5, 10, 6], "texture": "#flowerpot"},
				"down": {"uv": [6, 10, 10, 11], "texture": "#flowerpot", "cullface": "down"}
			}
		},
		{
			"from": [6, 0, 10],
			"to": [10, 6, 11],
			"faces": {
				"north": {"uv": [6, 10, 10, 16], "texture": "#flowerpot"},
				"south": {"uv": [6, 10, 10, 16], "texture": "#flowerpot"},
				"up": {"uv": [6, 10, 10, 11], "texture": "#flowerpot"},
				"down": {"uv": [6, 5, 10, 6], "texture": "#flowerpot", "cullface": "down"}
			}
		},
		{
			"from": [6, 0, 6],
			"to": [10, 4, 10],
			"faces": {
				"up": {"uv": [6, 6, 10, 10], "texture": "#dirt"},
				"down": {"uv": [6, 12, 10, 16], "texture": "#flowerpot", "cullface": "down"}
			}
		},
		{
			"from": [7.5, 4, 7.5],
			"to": [8.5, 17, 8.5],
			"faces": {
				"north": {"uv": [15.5, 9.5, 16, 16], "texture": "#0"},
				"east": {"uv": [15.5, 9.5, 16, 16], "texture": "#0"},
				"south": {"uv": [15.5, 9.5, 16, 16], "texture": "#0"},
				"west": {"uv": [15.5, 9.5, 16, 16], "texture": "#0"}
			}
		},
		{
			"from": [8, 4, 2.5],
			"to": [8, 17, 13.5],
			"rotation": {"angle": 45, "axis": "y", "origin": [8, 10.5, 8]},
			"faces": {
				"east": {"uv": [15.5, 9.5, 10, 16], "texture": "#0"},
				"west": {"uv": [10, 9.5, 15.5, 16], "texture": "#0"}
			}
		},
		{
			"from": [8, 4, 2.5],
			"to": [8, 17, 13.5],
			"rotation": {"angle": -45, "axis": "y", "origin": [8, 10.5, 8]},
			"faces": {
				"east": {"uv": [10, 9.5, 15.5, 16], "texture": "#0"},
				"west": {"uv": [15.5, 9.5, 10, 16], "texture": "#0"}
			}
		},
		{
			"from": [3.5, 16.5, 3.5],
			"to": [11.5, 16.5, 11.5],
			"faces": {
				"up": {"uv": [8.5, 0, 12.5, 4], "texture": "#0"},
				"down": {"uv": [8.5, 0, 12.5, 4], "texture": "#0"}
			}
		},
		{
			"from": [4, 16.525, 4],
			"to": [11, 17.025, 11],
			"faces": {
				"north": {"uv": [12.5, 0, 16, 0.5], "texture": "#0"},
				"east": {"uv": [12.5, 0, 16, 0.5], "texture": "#0"},
				"south": {"uv": [12.5, 0, 16, 0.5], "texture": "#0"},
				"west": {"uv": [12.5, 0, 16, 0.5], "texture": "#0"},
				"up": {"uv": [12.5, 0, 16, 3.5], "texture": "#0"},
				"down": {"uv": [12.5, 0, 16, 3.5], "texture": "#0"}
			}
		},
		{
			"from": [6, 7, 5],
			"to": [8, 7, 7],
			"rotation": {"angle": 22.5, "axis": "y", "origin": [7, 7, 6]},
			"faces": {
				"up": {"uv": [15, 4.5, 16, 5.5], "texture": "#0"},
				"down": {"uv": [15, 4.5, 16, 5.5], "texture": "#0"}
			}
		},
		{
			"from": [7, 8, 10],
			"to": [9, 8, 12],
			"rotation": {"angle": 22.5, "axis": "y", "origin": [7, 7, 6]},
			"faces": {
				"up": {"uv": [15, 4.5, 16, 5.5], "texture": "#0"},
				"down": {"uv": [15, 4.5, 16, 5.5], "texture": "#0"}
			}
		},
		{
			"from": [4, 14, 10],
			"to": [6, 14, 12],
			"rotation": {"angle": 22.5, "axis": "x", "origin": [5, 14, 11]},
			"faces": {
				"up": {"uv": [15, 4.5, 16, 5.5], "texture": "#0"},
				"down": {"uv": [15, 4.5, 16, 5.5], "texture": "#0"}
			}
		},
		{
			"from": [9.5, 13, 9.5],
			"to": [13.5, 13, 13.5],
			"faces": {
				"up": {"uv": [10, 4, 12, 6], "texture": "#0"},
				"down": {"uv": [10, 4, 12, 6], "texture": "#0"}
			}
		},
		{
			"from": [2.5, 14, 2.5],
			"to": [6.5, 14, 6.5],
			"faces": {
				"up": {"uv": [10, 4, 12, 6], "texture": "#0"},
				"down": {"uv": [10, 4, 12, 6], "texture": "#0"}
			}
		},
		{
			"from": [8.1, 13, 2.5],
			"to": [11.1, 13, 5.5],
			"rotation": {"angle": -45, "axis": "y", "origin": [9, 14, 7]},
			"faces": {
				"up": {"uv": [12.5, 4.5, 14, 6], "rotation": 270, "texture": "#0"},
				"down": {"uv": [14, 4.5, 12.5, 6], "rotation": 90, "texture": "#0"}
			}
		}
	]
}