{"credit":"Made with Blockbench by Valdr687","parent":"minecraft:block/flower_pot_cross","ambientocclusion":false,"textures":{"plant":"block/lily_of_the_valley","particle":"block/flower_pot","flowerpot":"block/flower_pot","dirt":"block/podzol_top"},"elements":[{"from":[4,0,5.5],"to":[5,6,11.5],"rotation":{"angle":45,"axis":"y","origin":[7,8.75,7.125]},"faces":{"north":{"uv":[10,10,11,16],"texture":"#flowerpot"},"east":{"uv":[5,10,11,16],"texture":"#flowerpot"},"south":{"uv":[5,10,6,16],"texture":"#flowerpot"},"west":{"uv":[5,10,11,16],"texture":"#flowerpot"},"up":{"uv":[5,5,6,11],"texture":"#flowerpot"},"down":{"uv":[5,5,6,11],"texture":"#flowerpot","cullface":"down"}}},{"from":[9,0,5.5],"to":[10,6,11.5],"rotation":{"angle":45,"axis":"y","origin":[7,8.75,7.125]},"faces":{"north":{"uv":[5,10,6,16],"texture":"#flowerpot"},"east":{"uv":[5,10,11,16],"texture":"#flowerpot"},"south":{"uv":[10,10,11,16],"texture":"#flowerpot"},"west":{"uv":[5,10,11,16],"texture":"#flowerpot"},"up":{"uv":[10,5,11,11],"texture":"#flowerpot"},"down":{"uv":[10,5,11,11],"texture":"#flowerpot","cullface":"down"}}},{"from":[5,0,5.5],"to":[9,6,6.5],"rotation":{"angle":45,"axis":"y","origin":[7,8.75,7.125]},"faces":{"north":{"uv":[6,10,10,16],"texture":"#flowerpot"},"south":{"uv":[6,10,10,16],"texture":"#flowerpot"},"up":{"uv":[6,5,10,6],"texture":"#flowerpot"},"down":{"uv":[6,10,10,11],"texture":"#flowerpot","cullface":"down"}}},{"from":[5,0,10.5],"to":[9,6,11.5],"rotation":{"angle":45,"axis":"y","origin":[7,8.75,7.125]},"faces":{"north":{"uv":[6,10,10,16],"texture":"#flowerpot"},"south":{"uv":[6,10,10,16],"texture":"#flowerpot"},"up":{"uv":[6,10,10,11],"texture":"#flowerpot"},"down":{"uv":[6,5,10,6],"texture":"#flowerpot","cullface":"down"}}},{"from":[5,0,6.5],"to":[9,4,10.5],"rotation":{"angle":45,"axis":"y","origin":[7,8.75,7.125]},"faces":{"up":{"uv":[6,6,10,10],"texture":"#dirt"},"down":{"uv":[6,12,10,16],"texture":"#flowerpot","cullface":"down"}}},{"from":[6.5,4,8],"to":[7.5,14,9],"rotation":{"angle":45,"axis":"y","origin":[7,8.75,7.125]},"faces":{"north":{"uv":[8,6,9,16],"texture":"#plant"},"east":{"uv":[8,6,9,16],"texture":"#plant"},"south":{"uv":[8,6,9,16],"texture":"#plant"},"west":{"uv":[8,6,9,16],"texture":"#plant"},"up":{"uv":[8,6,9,7],"texture":"#plant"}}},{"from":[7.97227,5,8.59727],"to":[7.97227,13,12.59727],"faces":{"east":{"uv":[13,7,9,15],"texture":"#plant"},"west":{"uv":[9,7,13,15],"texture":"#plant"}}},{"from":[8.47227,5,8.09727],"to":[12.47227,13,8.09727],"faces":{"north":{"uv":[13,7,9,15],"texture":"#plant"},"south":{"uv":[9,7,13,15],"texture":"#plant"}}},{"from":[6.5,14,7],"to":[7.5,15,8],"rotation":{"angle":45,"axis":"y","origin":[7,8.75,7.125]},"faces":{"north":{"uv":[7,5,8,6],"texture":"#plant"},"east":{"uv":[7,5,8,6],"texture":"#plant"},"south":{"uv":[7,5,8,6],"texture":"#plant"},"west":{"uv":[7,5,8,6],"texture":"#plant"},"up":{"uv":[7,5,8,6],"texture":"#plant"},"down":{"uv":[7,5,8,6],"texture":"#plant"}}},{"from":[6.5,13,6],"to":[7.5,14,7],"rotation":{"angle":45,"axis":"y","origin":[7,8.75,7.125]},"faces":{"north":{"uv":[7,5,8,6],"texture":"#plant"},"east":{"uv":[7,5,8,6],"texture":"#plant"},"south":{"uv":[7,5,8,6],"texture":"#plant"},"west":{"uv":[7,5,8,6],"texture":"#plant"},"up":{"uv":[7,5,8,6],"texture":"#plant"},"down":{"uv":[7,5,8,6],"texture":"#plant"}}},{"from":[6.5,10,7],"to":[7.5,11,8],"rotation":{"angle":45,"axis":"y","origin":[7,8.75,7.125]},"faces":{"north":{"uv":[7,8,8,9],"texture":"#plant"},"east":{"uv":[7,8,8,9],"texture":"#plant"},"west":{"uv":[7,8,8,9],"texture":"#plant"},"up":{"uv":[7,8,8,9],"texture":"#plant"},"down":{"uv":[7,8,8,9],"texture":"#plant"}}},{"from":[6.5,15,4],"to":[7.5,16,7],"rotation":{"angle":45,"axis":"y","origin":[7,8.75,7.125]},"faces":{"north":{"uv":[6,4,7,5],"texture":"#plant"},"east":{"uv":[4,4,7,5],"texture":"#plant"},"south":{"uv":[6,4,7,5],"texture":"#plant"},"west":{"uv":[7,4,4,5],"texture":"#plant"},"up":{"uv":[7,4,4,5],"rotation":90,"texture":"#plant"},"down":{"uv":[4,4,7,5],"rotation":90,"texture":"#plant"}}},{"from":[6.5,10,6.5],"to":[7.5,10,7.5],"rotation":{"angle":45,"axis":"y","origin":[7,8.75,7.125]},"faces":{"up":{"uv":[3,5,4,6],"rotation":270,"texture":"#plant"},"down":{"uv":[3,5,4,6],"rotation":270,"texture":"#plant"}}},{"from":[6.5,9,6.5],"to":[6.5,10,7.5],"rotation":{"angle":45,"axis":"y","origin":[7,8.75,7.125]},"faces":{"east":{"uv":[3,5,4,6],"texture":"#plant"},"west":{"uv":[3,5,4,6],"texture":"#plant"}}},{"from":[7.5,9,6.5],"to":[7.5,10,7.5],"rotation":{"angle":45,"axis":"y","origin":[7,8.75,7.125]},"faces":{"east":{"uv":[3,5,4,6],"texture":"#plant"},"west":{"uv":[3,5,4,6],"texture":"#plant"}}},{"from":[6.5,9,7.5],"to":[7.5,10,7.5],"rotation":{"angle":45,"axis":"y","origin":[7,8.75,7.125]},"faces":{"north":{"uv":[3,5,4,6],"texture":"#plant"},"south":{"uv":[3,5,4,6],"texture":"#plant"}}},{"from":[6.5,9,6.5],"to":[7.5,10,6.5],"rotation":{"angle":45,"axis":"y","origin":[7,8.75,7.125]},"faces":{"north":{"uv":[3,5,4,6],"texture":"#plant"},"south":{"uv":[3,5,4,6],"texture":"#plant"}}},{"from":[6.05806,11,6.68306],"to":[7.05806,13,6.68306],"faces":{"north":{"uv":[3,5,4,7],"texture":"#plant"},"south":{"uv":[5,7,6,9],"texture":"#plant"}}},{"from":[6,11,5.5],"to":[8,13,5.5],"rotation":{"angle":45,"axis":"y","origin":[7,8.75,7.125]},"faces":{"north":{"uv":[3,5,5,7],"texture":"#plant"},"south":{"uv":[3,5,4,7],"texture":"#plant"}}},{"from":[6,11,7.5],"to":[8,13,7.5],"rotation":{"angle":45,"axis":"y","origin":[7,8.75,7.125]},"faces":{"north":{"uv":[3,5,4,7],"texture":"#plant"},"south":{"uv":[3,5,5,7],"texture":"#plant"}}},{"from":[8,11,5.5],"to":[8,13,7.5],"rotation":{"angle":45,"axis":"y","origin":[7,8.75,7.125]},"faces":{"east":{"uv":[3,5,5,7],"texture":"#plant"},"west":{"uv":[3,5,5,7],"texture":"#plant"}}},{"from":[6,12.975,5.5],"to":[8,12.975,7.5],"rotation":{"angle":45,"axis":"y","origin":[7,8.75,7.125]},"faces":{"up":{"uv":[3,5,5,7],"rotation":270,"texture":"#plant"},"down":{"uv":[3,5,5,7],"rotation":270,"texture":"#plant"}}},{"from":[6,11,5.5],"to":[6,13,7.5],"rotation":{"angle":45,"axis":"y","origin":[7,8.75,7.125]},"faces":{"east":{"uv":[3,5,5,7],"texture":"#plant"},"west":{"uv":[3,5,5,7],"texture":"#plant"}}},{"from":[6.42258,11,6.38582],"to":[6.42258,13,7.38582],"rotation":{"angle":-22.5,"axis":"y","origin":[7,8.75,7.125]},"faces":{"east":{"uv":[3,5,4,7],"texture":"#plant"},"west":{"uv":[5,7,6,9],"texture":"#plant"}}},{"from":[4.46707,13,5.09207],"to":[5.46707,15,5.09207],"faces":{"north":{"uv":[3,5,4,7],"texture":"#plant"},"south":{"uv":[5,7,6,9],"texture":"#plant"}}},{"from":[6,13,3.25],"to":[8,15,3.25],"rotation":{"angle":45,"axis":"y","origin":[7,8.75,7.125]},"faces":{"north":{"uv":[3,5,5,7],"texture":"#plant"},"south":{"uv":[3,5,4,7],"texture":"#plant"}}},{"from":[6,13,5.25],"to":[8,15,5.25],"rotation":{"angle":45,"axis":"y","origin":[7,8.75,7.125]},"faces":{"north":{"uv":[3,5,4,7],"texture":"#plant"},"south":{"uv":[3,5,5,7],"texture":"#plant"}}},{"from":[8,13,3.25],"to":[8,15,5.25],"rotation":{"angle":45,"axis":"y","origin":[7,8.75,7.125]},"faces":{"east":{"uv":[3,5,5,7],"texture":"#plant"},"west":{"uv":[3,5,5,7],"texture":"#plant"}}},{"from":[6,14.975,3.25],"to":[8,14.975,5.25],"rotation":{"angle":45,"axis":"y","origin":[7,8.75,7.125]},"faces":{"up":{"uv":[3,5,5,7],"rotation":270,"texture":"#plant"},"down":{"uv":[3,5,5,7],"rotation":270,"texture":"#plant"}}},{"from":[6,13,3.25],"to":[6,15,5.25],"rotation":{"angle":45,"axis":"y","origin":[7,8.75,7.125]},"faces":{"east":{"uv":[3,5,5,7],"texture":"#plant"},"west":{"uv":[3,5,5,7],"texture":"#plant"}}},{"from":[4.34385,13,5.52479],"to":[4.34385,15,6.52479],"rotation":{"angle":-22.5,"axis":"y","origin":[7,8.75,7.125]},"faces":{"east":{"uv":[3,5,4,7],"texture":"#plant"},"west":{"uv":[5,7,6,9],"texture":"#plant"}}}]}