{"credit":"Made with Blockbench by Valdr687","parent":"minecraft:block/flower_pot_cross","textures":{"plant":"block/spruce_sapling","particle":"block/flower_pot","flowerpot":"block/flower_pot","dirt":"block/podzol_top"},"elements":[{"from":[5,0,5],"to":[6,6,11],"rotation":{"angle":45,"axis":"y","origin":[8,10,8]},"faces":{"north":{"uv":[10,10,11,16],"texture":"#flowerpot"},"east":{"uv":[5,10,11,16],"texture":"#flowerpot"},"south":{"uv":[5,10,6,16],"texture":"#flowerpot"},"west":{"uv":[5,10,11,16],"texture":"#flowerpot"},"up":{"uv":[5,5,6,11],"texture":"#flowerpot"},"down":{"uv":[5,5,6,11],"texture":"#flowerpot","cullface":"down"}}},{"from":[10,0,5],"to":[11,6,11],"rotation":{"angle":45,"axis":"y","origin":[8,10,8]},"faces":{"north":{"uv":[5,10,6,16],"texture":"#flowerpot"},"east":{"uv":[5,10,11,16],"texture":"#flowerpot"},"south":{"uv":[10,10,11,16],"texture":"#flowerpot"},"west":{"uv":[5,10,11,16],"texture":"#flowerpot"},"up":{"uv":[10,5,11,11],"texture":"#flowerpot"},"down":{"uv":[10,5,11,11],"texture":"#flowerpot","cullface":"down"}}},{"from":[6,0,5],"to":[10,6,6],"rotation":{"angle":45,"axis":"y","origin":[8,10,8]},"faces":{"north":{"uv":[6,10,10,16],"texture":"#flowerpot"},"south":{"uv":[6,10,10,16],"texture":"#flowerpot"},"up":{"uv":[6,5,10,6],"texture":"#flowerpot"},"down":{"uv":[6,10,10,11],"texture":"#flowerpot","cullface":"down"}}},{"from":[6,0,10],"to":[10,6,11],"rotation":{"angle":45,"axis":"y","origin":[8,10,8]},"faces":{"north":{"uv":[6,10,10,16],"texture":"#flowerpot"},"south":{"uv":[6,10,10,16],"texture":"#flowerpot"},"up":{"uv":[6,10,10,11],"texture":"#flowerpot"},"down":{"uv":[6,5,10,6],"texture":"#flowerpot","cullface":"down"}}},{"from":[6,0,6],"to":[10,4,10],"rotation":{"angle":45,"axis":"y","origin":[8,10,8]},"faces":{"up":{"uv":[6,6,10,10],"texture":"#dirt"},"down":{"uv":[6,12,10,16],"texture":"#flowerpot","cullface":"down"}}},{"from":[7.5,3,7.5],"to":[8.5,17,8.5],"rotation":{"angle":45,"axis":"y","origin":[8,10,8]},"faces":{"north":{"uv":[7,2,8,16],"texture":"#plant"},"east":{"uv":[7,2,8,16],"texture":"#plant"},"south":{"uv":[7,2,8,16],"texture":"#plant"},"west":{"uv":[7,2,8,16],"texture":"#plant"},"up":{"uv":[7,2,8,3],"texture":"#plant"}}},{"from":[8.5,4,8],"to":[13.5,19,8],"faces":{"north":{"uv":[14,0,9,15],"texture":"#plant"},"south":{"uv":[8,0,13,15],"texture":"#plant"}}},{"from":[2.5,4,8],"to":[7.5,19,8],"faces":{"north":{"uv":[7,0,2,15],"texture":"#plant"},"south":{"uv":[2,0,7,15],"texture":"#plant"}}},{"from":[7.5,17,8],"to":[8.5,19,8],"faces":{"north":{"uv":[7,0,8,2],"texture":"#plant"},"south":{"uv":[7,0,8,2],"texture":"#plant"}}},{"from":[8,17,7.5],"to":[8,19,8.5],"faces":{"east":{"uv":[7,0,8,2],"texture":"#plant"},"west":{"uv":[7,0,8,2],"texture":"#plant"}}},{"from":[8,4,8.5],"to":[8,19,13.5],"faces":{"east":{"uv":[14,0,9,15],"texture":"#plant"},"west":{"uv":[9,0,14,15],"texture":"#plant"}}},{"from":[8,4,2.5],"to":[8,19,7.5],"faces":{"east":{"uv":[7,0,2,15],"texture":"#plant"},"west":{"uv":[2,0,7,15],"texture":"#plant"}}}]}