{
	"credit": "Made with Blockbench by Valdr687",
	"parent": "minecraft:block/flower_pot_cross",
	"textures": {
		"0": "block/dark_oak_sapling_block",
		"particle": "block/flower_pot",
		"flowerpot": "block/flower_pot",
		"dirt": "block/podzol_top"
	},
	"elements": [
		{
			"from": [5, 0, 5],
			"to": [6, 6, 11],
			"faces": {
				"north": {"uv": [10, 10, 11, 16], "texture": "#flowerpot"},
				"east": {"uv": [5, 10, 11, 16], "texture": "#flowerpot"},
				"south": {"uv": [5, 10, 6, 16], "texture": "#flowerpot"},
				"west": {"uv": [5, 10, 11, 16], "texture": "#flowerpot"},
				"up": {"uv": [5, 5, 6, 11], "texture": "#flowerpot"},
				"down": {"uv": [5, 5, 6, 11], "texture": "#flowerpot", "cullface": "down"}
			}
		},
		{
			"from": [10, 0, 5],
			"to": [11, 6, 11],
			"faces": {
				"north": {"uv": [5, 10, 6, 16], "texture": "#flowerpot"},
				"east": {"uv": [5, 10, 11, 16], "texture": "#flowerpot"},
				"south": {"uv": [10, 10, 11, 16], "texture": "#flowerpot"},
				"west": {"uv": [5, 10, 11, 16], "texture": "#flowerpot"},
				"up": {"uv": [10, 5, 11, 11], "texture": "#flowerpot"},
				"down": {"uv": [10, 5, 11, 11], "texture": "#flowerpot", "cullface": "down"}
			}
		},
		{
			"from": [6, 0, 5],
			"to": [10, 6, 6],
			"faces": {
				"north": {"uv": [6, 10, 10, 16], "texture": "#flowerpot"},
				"south": {"uv": [6, 10, 10, 16], "texture": "#flowerpot"},
				"up": {"uv": [6, 5, 10, 6], "texture": "#flowerpot"},
				"down": {"uv": [6, 10, 10, 11], "texture": "#flowerpot", "cullface": "down"}
			}
		},
		{
			"from": [6, 0, 10],
			"to": [10, 6, 11],
			"faces": {
				"north": {"uv": [6, 10, 10, 16], "texture": "#flowerpot"},
				"south": {"uv": [6, 10, 10, 16], "texture": "#flowerpot"},
				"up": {"uv": [6, 10, 10, 11], "texture": "#flowerpot"},
				"down": {"uv": [6, 5, 10, 6], "texture": "#flowerpot", "cullface": "down"}
			}
		},
		{
			"from": [6, 0, 6],
			"to": [10, 4, 10],
			"faces": {
				"up": {"uv": [6, 6, 10, 10], "texture": "#dirt"},
				"down": {"uv": [6, 12, 10, 16], "texture": "#flowerpot", "cullface": "down"}
			}
		},
		{
			"from": [6.5, 3, 6.5],
			"to": [9.5, 10, 9.5],
			"faces": {
				"north": {"uv": [14, 12.5, 15.5, 16], "texture": "#0"},
				"east": {"uv": [14, 12.5, 15.5, 16], "texture": "#0"},
				"south": {"uv": [14, 12.5, 15.5, 16], "texture": "#0"},
				"west": {"uv": [14, 12.5, 15.5, 16], "texture": "#0"},
				"up": {"uv": [14, 10.5, 15.5, 12], "texture": "#0"},
				"down": {"uv": [14, 10.5, 15.5, 12], "texture": "#0"}
			}
		},
		{
			"from": [5.5, 10, 5.5],
			"to": [10.5, 11, 10.5],
			"faces": {
				"north": {"uv": [4.5, 4.5, 7, 5], "texture": "#0"},
				"east": {"uv": [4, 2, 4.5, 4.5], "rotation": 90, "texture": "#0"},
				"south": {"uv": [4.5, 1.5, 7, 2], "texture": "#0"},
				"west": {"uv": [7, 2, 7.5, 4.5], "rotation": 90, "texture": "#0"},
				"down": {"uv": [4.5, 2, 7, 4.5], "texture": "#0"}
			}
		},
		{
			"from": [4, 8, 4],
			"to": [4, 11, 12],
			"faces": {
				"east": {"uv": [8, 0, 4, 1.5], "texture": "#0"},
				"west": {"uv": [4, 0, 8, 1.5], "texture": "#0"}
			}
		},
		{
			"from": [12, 8, 4],
			"to": [12, 11, 12],
			"faces": {
				"east": {"uv": [4, 0, 8, 1.5], "texture": "#0"},
				"west": {"uv": [8, 0, 4, 1.5], "texture": "#0"}
			}
		},
		{
			"from": [4, 10.4, 4],
			"to": [4, 13.4, 12],
			"rotation": {"angle": -22.5, "axis": "z", "origin": [4, 12.2, 8]},
			"faces": {
				"east": {"uv": [8, 0, 4, 1.5], "texture": "#0"},
				"west": {"uv": [4, 0, 8, 1.5], "texture": "#0"}
			}
		},
		{
			"from": [4, 8, 4],
			"to": [12, 11, 4],
			"faces": {
				"north": {"uv": [4, 0, 8, 1.5], "texture": "#0"},
				"south": {"uv": [8, 0, 4, 1.5], "texture": "#0"}
			}
		},
		{
			"from": [4, 8, 12],
			"to": [12, 11, 12],
			"faces": {
				"north": {"uv": [8, 0, 4, 1.5], "texture": "#0"},
				"south": {"uv": [4, 0, 8, 1.5], "texture": "#0"}
			}
		},
		{
			"from": [4, 10.4, 4],
			"to": [12, 13.4, 4],
			"rotation": {"angle": 22.5, "axis": "x", "origin": [8, 12.1, 4]},
			"faces": {
				"north": {"uv": [8, 0, 4, 1.5], "texture": "#0"},
				"south": {"uv": [4, 0, 8, 1.5], "texture": "#0"}
			}
		},
		{
			"from": [4, 10.6, 12],
			"to": [12, 13.6, 12],
			"rotation": {"angle": -22.5, "axis": "x", "origin": [8, 12.5, 12]},
			"faces": {
				"north": {"uv": [8, 0, 4, 1.5], "texture": "#0"},
				"south": {"uv": [4, 0, 8, 1.5], "texture": "#0"}
			}
		},
		{
			"from": [12, 10.7, 4],
			"to": [12, 13.7, 12],
			"rotation": {"angle": 22.5, "axis": "z", "origin": [12, 12.5, 8]},
			"faces": {
				"east": {"uv": [4, 0, 8, 1.5], "texture": "#0"},
				"west": {"uv": [8, 0, 4, 1.5], "texture": "#0"}
			}
		},
		{
			"from": [4, 11, 4],
			"to": [12, 15, 12],
			"faces": {
				"north": {"uv": [8, 0, 12, 2], "texture": "#0"},
				"east": {"uv": [8, 0, 12, 2], "texture": "#0"},
				"south": {"uv": [8, 0, 12, 2], "texture": "#0"},
				"west": {"uv": [8, 0, 12, 2], "texture": "#0"},
				"up": {"uv": [12, 0, 16, 4], "texture": "#0"},
				"down": {"uv": [12, 0, 16, 4], "texture": "#0"}
			}
		},
		{
			"from": [9, 6.025, 5],
			"to": [11, 6.025, 7],
			"rotation": {"angle": 45, "axis": "y", "origin": [10, 6, 6]},
			"faces": {
				"up": {"uv": [8, 2.5, 9, 3.5], "texture": "#0"},
				"down": {"uv": [8, 2.5, 9, 3.5], "texture": "#0"}
			}
		},
		{
			"from": [10, 15.375, 6],
			"to": [12, 15.375, 8],
			"rotation": {"angle": 22.5, "axis": "z", "origin": [11, 15, 8]},
			"faces": {
				"up": {"uv": [8, 2.5, 9, 3.5], "texture": "#0"},
				"down": {"uv": [8, 2.5, 9, 3.5], "texture": "#0"}
			}
		},
		{
			"from": [4, 15.375, 9],
			"to": [6, 15.375, 11],
			"rotation": {"angle": -22.5, "axis": "z", "origin": [5, 15.375, 8]},
			"faces": {
				"up": {"uv": [8, 2.5, 9, 3.5], "texture": "#0"},
				"down": {"uv": [8, 2.5, 9, 3.5], "texture": "#0"}
			}
		}
	]
}