{"credit":"Made with Blockbench by Valdr687","parent":"minecraft:block/cross","textures":{"1":"block/torchflower_part1","flowerpot":"block/flower_pot","dirt":"block/dirt","2_2":"block/torchflower_part2","2_3":"block/torchflower_part3","particle":"block/torchflower"},"elements":[{"from":[5,0,5],"to":[6,6,11],"faces":{"north":{"uv":[10,10,11,16],"texture":"#flowerpot"},"east":{"uv":[5,10,11,16],"texture":"#flowerpot"},"south":{"uv":[5,10,6,16],"texture":"#flowerpot"},"west":{"uv":[5,10,11,16],"texture":"#flowerpot"},"up":{"uv":[5,5,6,11],"texture":"#flowerpot"},"down":{"uv":[5,5,6,11],"texture":"#flowerpot","cullface":"down"}}},{"from":[10,0,5],"to":[11,6,11],"faces":{"north":{"uv":[5,10,6,16],"texture":"#flowerpot"},"east":{"uv":[5,10,11,16],"texture":"#flowerpot"},"south":{"uv":[10,10,11,16],"texture":"#flowerpot"},"west":{"uv":[5,10,11,16],"texture":"#flowerpot"},"up":{"uv":[10,5,11,11],"texture":"#flowerpot"},"down":{"uv":[10,5,11,11],"texture":"#flowerpot","cullface":"down"}}},{"from":[6,0,5],"to":[10,6,6],"faces":{"north":{"uv":[6,10,10,16],"texture":"#flowerpot"},"south":{"uv":[6,10,10,16],"texture":"#flowerpot"},"up":{"uv":[6,5,10,6],"texture":"#flowerpot"},"down":{"uv":[6,10,10,11],"texture":"#flowerpot","cullface":"down"}}},{"from":[6,0,10],"to":[10,6,11],"faces":{"north":{"uv":[6,10,10,16],"texture":"#flowerpot"},"south":{"uv":[6,10,10,16],"texture":"#flowerpot"},"up":{"uv":[6,10,10,11],"texture":"#flowerpot"},"down":{"uv":[6,5,10,6],"texture":"#flowerpot","cullface":"down"}}},{"from":[6,0,6],"to":[10,4,10],"faces":{"up":{"uv":[6,6,10,10],"texture":"#dirt"},"down":{"uv":[6,12,10,16],"texture":"#dirt","cullface":"down"}}},{"from":[0,7,7.25],"to":[16,15,7.25],"shade":false,"rotation":{"angle":45,"axis":"x","origin":[8,7,7.25]},"faces":{"north":{"uv":[0,8,16,16],"texture":"#2_2"},"south":{"uv":[0,8,16,16],"texture":"#2_2"}}},{"from":[7.5,7,0],"to":[7.5,15,16],"shade":false,"rotation":{"angle":-45,"axis":"z","origin":[7.5,7,8]},"faces":{"east":{"uv":[0,8,16,16],"texture":"#2_2"},"west":{"uv":[0,8,16,16],"texture":"#2_2"}}},{"from":[8.5,7,0],"to":[8.5,15,16],"shade":false,"rotation":{"angle":45,"axis":"z","origin":[8.5,7,8]},"faces":{"east":{"uv":[0,8,16,16],"texture":"#2_2"},"west":{"uv":[0,8,16,16],"texture":"#2_2"}}},{"from":[0,7,8.5],"to":[16,15,8.5],"shade":false,"rotation":{"angle":-45,"axis":"x","origin":[8,7,8.5]},"faces":{"north":{"uv":[0,8,16,16],"texture":"#2_2"},"south":{"uv":[0,8,16,16],"texture":"#2_2"}}},{"from":[0,5,8],"to":[16,5,13],"shade":false,"rotation":{"angle":-45,"axis":"x","origin":[8,5,8]},"faces":{"up":{"uv":[0,11,16,16],"rotation":180,"texture":"#1"},"down":{"uv":[0,11,16,16],"texture":"#1"}}},{"from":[8,5,0],"to":[13,5,16],"shade":false,"rotation":{"angle":45,"axis":"z","origin":[8,5,8]},"faces":{"up":{"uv":[0,11,16,16],"rotation":90,"texture":"#1"},"down":{"uv":[0,11,16,16],"rotation":90,"texture":"#1"}}},{"from":[2,5,0],"to":[7,5,16],"shade":false,"rotation":{"angle":-45,"axis":"z","origin":[8,5,8]},"faces":{"up":{"uv":[0,11,16,16],"rotation":270,"texture":"#1"},"down":{"uv":[0,11,16,16],"rotation":270,"texture":"#1"}}},{"from":[0,5,3],"to":[16,5,8],"shade":false,"rotation":{"angle":45,"axis":"x","origin":[8,5,8]},"faces":{"up":{"uv":[0,11,16,16],"texture":"#1"},"down":{"uv":[0,11,16,16],"rotation":180,"texture":"#1"}}},{"from":[7.5,3,7.5],"to":[8.5,13,8.5],"faces":{"north":{"uv":[14,5,15,15],"texture":"#2_3"},"east":{"uv":[14,5,15,15],"texture":"#2_3"},"south":{"uv":[14,5,15,15],"texture":"#2_3"},"west":{"uv":[14,5,15,15],"texture":"#2_3"}}},{"from":[7.5,2,7.5],"to":[8.5,3,8.5],"faces":{"north":{"uv":[14,15,15,16],"texture":"#2_3"},"east":{"uv":[14,15,15,16],"texture":"#2_3"},"south":{"uv":[14,15,15,16],"texture":"#2_3"},"west":{"uv":[14,15,15,16],"texture":"#2_3"},"down":{"uv":[14,15,15,16],"texture":"#2_3"}}},{"from":[7.5,11.5,6.975],"to":[8.5,13.5,6.975],"rotation":{"angle":22.5,"axis":"x","origin":[8,13.5,6.975]},"faces":{"north":{"uv":[0,10,1,12],"texture":"#2_3"},"south":{"uv":[4,10,5,12],"texture":"#2_3"}}},{"from":[7.5,13.5,6.975],"to":[8.5,15.5,6.975],"rotation":{"angle":22.5,"axis":"x","origin":[8,15.5,6.975]},"faces":{"north":{"uv":[4,7,5,9],"texture":"#2_3"},"south":{"uv":[6,7,7,9],"texture":"#2_3"}}},{"from":[7.5,11.5,8.975],"to":[8.5,13.5,8.975],"rotation":{"angle":-22.5,"axis":"x","origin":[8,13.5,8.975]},"faces":{"north":{"uv":[4,10,5,12],"texture":"#2_3"},"south":{"uv":[4,10,5,12],"texture":"#2_3"}}},{"from":[7.5,13.5,8.975],"to":[8.5,15.5,8.975],"rotation":{"angle":-22.5,"axis":"x","origin":[8,15.5,8.975]},"faces":{"north":{"uv":[6,7,7,9],"texture":"#2_3"},"south":{"uv":[6,7,7,9],"texture":"#2_3"}}},{"from":[6.975,13.5,7.5],"to":[6.975,15.5,8.5],"rotation":{"angle":-22.5,"axis":"z","origin":[6.975,15.5,8]},"faces":{"east":{"uv":[6,7,7,9],"texture":"#2_3"},"west":{"uv":[6,7,7,9],"texture":"#2_3"}}},{"from":[6.975,11.5,7.5],"to":[6.975,13.5,8.5],"rotation":{"angle":-22.5,"axis":"z","origin":[6.975,13.5,8]},"faces":{"east":{"uv":[4,10,5,12],"texture":"#2_3"},"west":{"uv":[4,10,5,12],"texture":"#2_3"}}},{"from":[8.975,13.5,7.5],"to":[8.975,15.5,8.5],"rotation":{"angle":22.5,"axis":"z","origin":[8.975,15.5,8]},"faces":{"east":{"uv":[2,7,3,9],"texture":"#2_3"},"west":{"uv":[6,7,7,9],"texture":"#2_3"}}},{"from":[8.975,15.5,7.5],"to":[8.975,17.5,8.5],"rotation":{"angle":22.5,"axis":"z","origin":[8.975,17.5,8]},"faces":{"east":{"uv":[2,7,3,9],"texture":"#2_3"},"west":{"uv":[6,7,7,9],"texture":"#2_3"}}},{"from":[7.5,15.5,8.975],"to":[8.5,17.5,8.975],"rotation":{"angle":-22.5,"axis":"x","origin":[8,17.5,8.975]},"faces":{"north":{"uv":[6,7,7,9],"texture":"#2_3"},"south":{"uv":[6,7,7,9],"texture":"#2_3"}}},{"from":[6.975,15.5,7.5],"to":[6.975,17.5,8.5],"rotation":{"angle":-22.5,"axis":"z","origin":[6.975,17.5,8]},"faces":{"east":{"uv":[6,7,7,9],"texture":"#2_3"},"west":{"uv":[6,7,7,9],"texture":"#2_3"}}},{"from":[7.5,15.5,6.975],"to":[8.5,17.5,6.975],"rotation":{"angle":22.5,"axis":"x","origin":[8,17.5,6.975]},"faces":{"north":{"uv":[4,7,5,9],"texture":"#2_3"},"south":{"uv":[6,7,7,9],"texture":"#2_3"}}},{"from":[8.975,11.5,7.5],"to":[8.975,13.5,8.5],"rotation":{"angle":22.5,"axis":"z","origin":[8.975,13.5,8]},"faces":{"east":{"uv":[4,10,5,12],"texture":"#2_3"},"west":{"uv":[6,10,7,12],"texture":"#2_3"}}},{"from":[7,13,7],"to":[9,18,9],"faces":{"north":{"uv":[0,0,2,5],"texture":"#2_3"},"east":{"uv":[2,0,4,5],"texture":"#2_3"},"south":{"uv":[4,0,6,5],"texture":"#2_3"},"west":{"uv":[6,0,8,5],"texture":"#2_3"},"up":{"uv":[2,4,4,6],"texture":"#2_3"},"down":{"uv":[0,4,2,6],"texture":"#2_3"}}}]}