{"credit":"Made with Blockbench by Valdr687","parent":"minecraft:block/flower_pot_cross","textures":{"plant":"block/oxeye_daisy","particle":"block/flower_pot","flowerpot":"block/flower_pot","dirt":"block/podzol_top"},"elements":[{"from":[5,0,5],"to":[6,6,11],"faces":{"north":{"uv":[10,10,11,16],"texture":"#flowerpot"},"east":{"uv":[5,10,11,16],"texture":"#flowerpot"},"south":{"uv":[5,10,6,16],"texture":"#flowerpot"},"west":{"uv":[5,10,11,16],"texture":"#flowerpot"},"up":{"uv":[5,5,6,11],"texture":"#flowerpot"},"down":{"uv":[5,5,6,11],"texture":"#flowerpot","cullface":"down"}}},{"from":[10,0,5],"to":[11,6,11],"faces":{"north":{"uv":[5,10,6,16],"texture":"#flowerpot"},"east":{"uv":[5,10,11,16],"texture":"#flowerpot"},"south":{"uv":[10,10,11,16],"texture":"#flowerpot"},"west":{"uv":[5,10,11,16],"texture":"#flowerpot"},"up":{"uv":[10,5,11,11],"texture":"#flowerpot"},"down":{"uv":[10,5,11,11],"texture":"#flowerpot","cullface":"down"}}},{"from":[6,0,5],"to":[10,6,6],"faces":{"north":{"uv":[6,10,10,16],"texture":"#flowerpot"},"south":{"uv":[6,10,10,16],"texture":"#flowerpot"},"up":{"uv":[6,5,10,6],"texture":"#flowerpot"},"down":{"uv":[6,10,10,11],"texture":"#flowerpot","cullface":"down"}}},{"from":[6,0,10],"to":[10,6,11],"faces":{"north":{"uv":[6,10,10,16],"texture":"#flowerpot"},"south":{"uv":[6,10,10,16],"texture":"#flowerpot"},"up":{"uv":[6,10,10,11],"texture":"#flowerpot"},"down":{"uv":[6,5,10,6],"texture":"#flowerpot","cullface":"down"}}},{"from":[6,0,6],"to":[10,4,10],"faces":{"up":{"uv":[6,6,10,10],"texture":"#dirt"},"down":{"uv":[6,12,10,16],"texture":"#flowerpot","cullface":"down"}}},{"from":[7.5,4,7.5],"to":[8.5,10.975,8.5],"faces":{"north":{"uv":[7,9,8,16],"texture":"#plant"},"east":{"uv":[7,9,8,16],"texture":"#plant"},"south":{"uv":[7,9,8,16],"texture":"#plant"},"west":{"uv":[7,9,8,16],"texture":"#plant"},"up":{"uv":[7,9,8,10],"texture":"#plant"},"down":{"uv":[7,16,8,15],"texture":"#plant"}}},{"from":[8,4,5.5],"to":[8,11,10.5],"rotation":{"angle":45,"axis":"y","origin":[8,7.5,8]},"faces":{"north":{"uv":[0,0,0,0],"texture":"#plant"},"east":{"uv":[10,9,5,16],"texture":"#plant"},"south":{"uv":[0,0,0,0],"texture":"#plant"},"west":{"uv":[5,9,10,16],"texture":"#plant"},"up":{"uv":[0,0,0,0],"texture":"#plant"},"down":{"uv":[0,0,0,0],"texture":"#plant"}}},{"from":[8,4,5.5],"to":[8,11,10.5],"rotation":{"angle":-45,"axis":"y","origin":[8,7.5,8]},"faces":{"north":{"uv":[0,0,0,0],"texture":"#plant"},"east":{"uv":[10,9,5,16],"texture":"#plant"},"south":{"uv":[0,0,0,0],"texture":"#plant"},"west":{"uv":[5,9,10,16],"texture":"#plant"},"up":{"uv":[0,0,0,0],"texture":"#plant"},"down":{"uv":[0,0,0,0],"texture":"#plant"}}},{"from":[6.5,11,6.5],"to":[9.5,11,9.5],"faces":{"north":{"uv":[6,6,9,6.5],"texture":"#plant"},"east":{"uv":[8,4,8.5,7],"rotation":90,"texture":"#plant"},"south":{"uv":[6,5,9,5.5],"texture":"#plant"},"west":{"uv":[6,4,6.5,7],"rotation":90,"texture":"#plant"},"up":{"uv":[6,4,9,7],"texture":"#plant"},"down":{"uv":[6,4,9,7],"texture":"#plant"}}},{"from":[9.5,11.025,6.5],"to":[11.5,11.025,9.5],"rotation":{"angle":45,"axis":"y","origin":[8.05,11,8]},"faces":{"north":{"uv":[0,0,0,0],"texture":"#plant"},"east":{"uv":[0,0,0,0],"texture":"#plant"},"south":{"uv":[0,0,0,0],"texture":"#plant"},"west":{"uv":[0,0,0,0],"texture":"#plant"},"up":{"uv":[9,4,11,7],"texture":"#plant"},"down":{"uv":[9,4,11,7],"texture":"#plant"}}},{"from":[4.6,11.025,6.5],"to":[6.6,11.025,9.5],"rotation":{"angle":45,"axis":"y","origin":[8.05,11,8]},"faces":{"north":{"uv":[0,0,0,0],"texture":"#plant"},"east":{"uv":[0,0,0,0],"texture":"#plant"},"south":{"uv":[0,0,0,0],"texture":"#plant"},"west":{"uv":[0,0,0,0],"texture":"#plant"},"up":{"uv":[4,4,6,7],"texture":"#plant"},"down":{"uv":[4,4,6,7],"texture":"#plant"}}},{"from":[6.55,11.025,4.55],"to":[9.55,11.025,6.55],"rotation":{"angle":45,"axis":"y","origin":[8.05,11,8]},"faces":{"north":{"uv":[0,0,0,0],"texture":"#plant"},"east":{"uv":[0,0,0,0],"texture":"#plant"},"south":{"uv":[0,0,0,0],"texture":"#plant"},"west":{"uv":[0,0,0,0],"texture":"#plant"},"up":{"uv":[9,4,11,7],"rotation":270,"texture":"#plant"},"down":{"uv":[9,4,11,7],"rotation":90,"texture":"#plant"}}},{"from":[6.55,11.025,9.45],"to":[9.55,11.025,11.45],"rotation":{"angle":45,"axis":"y","origin":[8.05,11,8]},"faces":{"north":{"uv":[0,0,0,0],"texture":"#plant"},"east":{"uv":[0,0,0,0],"texture":"#plant"},"south":{"uv":[0,0,0,0],"texture":"#plant"},"west":{"uv":[0,0,0,0],"texture":"#plant"},"up":{"uv":[4,4,6,7],"rotation":270,"texture":"#plant"},"down":{"uv":[4,4,6,7],"rotation":90,"texture":"#plant"}}},{"from":[9.5,10.975,6.5],"to":[11.5,10.975,9.5],"rotation":{"angle":45,"axis":"y","origin":[8.05,11,8]},"faces":{"north":{"uv":[0,0,0,0],"texture":"#plant"},"east":{"uv":[0,0,0,0],"texture":"#plant"},"south":{"uv":[0,0,0,0],"texture":"#plant"},"west":{"uv":[0,0,0,0],"texture":"#plant"},"up":{"uv":[9,4,11,7],"texture":"#plant"},"down":{"uv":[9,4,11,7],"texture":"#plant"}}},{"from":[4.6,10.975,6.5],"to":[6.6,10.975,9.5],"rotation":{"angle":45,"axis":"y","origin":[8.05,11,8]},"faces":{"north":{"uv":[0,0,0,0],"texture":"#plant"},"east":{"uv":[0,0,0,0],"texture":"#plant"},"south":{"uv":[0,0,0,0],"texture":"#plant"},"west":{"uv":[0,0,0,0],"texture":"#plant"},"up":{"uv":[4,4,6,7],"texture":"#plant"},"down":{"uv":[4,4,6,7],"texture":"#plant"}}},{"from":[6.55,10.975,4.55],"to":[9.55,10.975,6.55],"rotation":{"angle":45,"axis":"y","origin":[8.05,11,8]},"faces":{"north":{"uv":[0,0,0,0],"texture":"#plant"},"east":{"uv":[0,0,0,0],"texture":"#plant"},"south":{"uv":[0,0,0,0],"texture":"#plant"},"west":{"uv":[0,0,0,0],"texture":"#plant"},"up":{"uv":[9,4,11,7],"rotation":270,"texture":"#plant"},"down":{"uv":[9,4,11,7],"rotation":90,"texture":"#plant"}}},{"from":[6.55,10.975,9.45],"to":[9.55,10.975,11.45],"rotation":{"angle":45,"axis":"y","origin":[8.05,11,8]},"faces":{"north":{"uv":[0,0,0,0],"texture":"#plant"},"east":{"uv":[0,0,0,0],"texture":"#plant"},"south":{"uv":[0,0,0,0],"texture":"#plant"},"west":{"uv":[0,0,0,0],"texture":"#plant"},"up":{"uv":[4,4,6,7],"rotation":270,"texture":"#plant"},"down":{"uv":[4,4,6,7],"rotation":90,"texture":"#plant"}}},{"from":[4.6,11,6.5],"to":[6.6,11,9.5],"rotation":{"angle":-22.5,"axis":"z","origin":[6.6,11,8]},"faces":{"north":{"uv":[0,0,0,0],"texture":"#plant"},"east":{"uv":[0,0,0,0],"texture":"#plant"},"south":{"uv":[0,0,0,0],"texture":"#plant"},"west":{"uv":[0,0,0,0],"texture":"#plant"},"up":{"uv":[9,4,11,7],"rotation":180,"texture":"#plant"},"down":{"uv":[9,4,11,7],"rotation":180,"texture":"#plant"}}},{"from":[6.55,11,9.45],"to":[9.55,11,11.45],"rotation":{"angle":-22.5,"axis":"x","origin":[8.05,11,9.45]},"faces":{"north":{"uv":[0,0,0,0],"texture":"#plant"},"east":{"uv":[0,0,0,0],"texture":"#plant"},"south":{"uv":[0,0,0,0],"texture":"#plant"},"west":{"uv":[0,0,0,0],"texture":"#plant"},"up":{"uv":[4,4,6,7],"rotation":270,"texture":"#plant"},"down":{"uv":[4,4,6,7],"rotation":90,"texture":"#plant"}}},{"from":[9.5,11,6.5],"to":[11.5,11,9.5],"rotation":{"angle":22.5,"axis":"z","origin":[9.5,11,8]},"faces":{"north":{"uv":[0,0,0,0],"texture":"#plant"},"east":{"uv":[0,0,0,0],"texture":"#plant"},"south":{"uv":[0,0,0,0],"texture":"#plant"},"west":{"uv":[0,0,0,0],"texture":"#plant"},"up":{"uv":[4,4,6,7],"rotation":180,"texture":"#plant"},"down":{"uv":[4,4,6,7],"rotation":180,"texture":"#plant"}}},{"from":[6.55,11,4.55],"to":[9.55,11,6.55],"rotation":{"angle":22.5,"axis":"x","origin":[8.05,11,6.5]},"faces":{"north":{"uv":[0,0,0,0],"texture":"#plant"},"east":{"uv":[0,0,0,0],"texture":"#plant"},"south":{"uv":[0,0,0,0],"texture":"#plant"},"west":{"uv":[0,0,0,0],"texture":"#plant"},"up":{"uv":[9,4,11,7],"rotation":270,"texture":"#plant"},"down":{"uv":[9,4,11,7],"rotation":90,"texture":"#plant"}}}]}