{
	"credit": "Made with Blockbench by Valdr687",
	"parent": "minecraft:block/flower_pot_cross",
	"ambientocclusion": false,
	"textures": {
		"0": "block/azure_bluet_block",
		"particle": "block/flower_pot",
		"flowerpot": "block/flower_pot",
		"dirt": "block/podzol_top"
	},
	"elements": [
		{
			"from": [6, 0, 6],
			"to": [10, 4, 10],
			"faces": {
				"up": {"uv": [6, 6, 10, 10], "texture": "#dirt"},
				"down": {"uv": [6, 12, 10, 16], "texture": "#flowerpot", "cullface": "down"}
			}
		},
		{
			"from": [6, 0, 10],
			"to": [10, 6, 11],
			"faces": {
				"north": {"uv": [6, 10, 10, 16], "texture": "#flowerpot"},
				"south": {"uv": [6, 10, 10, 16], "texture": "#flowerpot"},
				"up": {"uv": [6, 10, 10, 11], "texture": "#flowerpot"},
				"down": {"uv": [6, 5, 10, 6], "texture": "#flowerpot", "cullface": "down"}
			}
		},
		{
			"from": [6, 0, 5],
			"to": [10, 6, 6],
			"faces": {
				"north": {"uv": [6, 10, 10, 16], "texture": "#flowerpot"},
				"south": {"uv": [6, 10, 10, 16], "texture": "#flowerpot"},
				"up": {"uv": [6, 5, 10, 6], "texture": "#flowerpot"},
				"down": {"uv": [6, 10, 10, 11], "texture": "#flowerpot", "cullface": "down"}
			}
		},
		{
			"from": [10, 0, 5],
			"to": [11, 6, 11],
			"faces": {
				"north": {"uv": [5, 10, 6, 16], "texture": "#flowerpot"},
				"east": {"uv": [5, 10, 11, 16], "texture": "#flowerpot"},
				"south": {"uv": [10, 10, 11, 16], "texture": "#flowerpot"},
				"west": {"uv": [5, 10, 11, 16], "texture": "#flowerpot"},
				"up": {"uv": [10, 5, 11, 11], "texture": "#flowerpot"},
				"down": {"uv": [10, 5, 11, 11], "texture": "#flowerpot", "cullface": "down"}
			}
		},
		{
			"from": [5, 0, 5],
			"to": [6, 6, 11],
			"faces": {
				"north": {"uv": [10, 10, 11, 16], "texture": "#flowerpot"},
				"east": {"uv": [5, 10, 11, 16], "texture": "#flowerpot"},
				"south": {"uv": [5, 10, 6, 16], "texture": "#flowerpot"},
				"west": {"uv": [5, 10, 11, 16], "texture": "#flowerpot"},
				"up": {"uv": [5, 5, 6, 11], "texture": "#flowerpot"},
				"down": {"uv": [5, 5, 6, 11], "texture": "#flowerpot", "cullface": "down"}
			}
		},
		{
			"from": [8, 8.5, 10.325],
			"to": [10, 10.5, 10.325],
			"rotation": {"angle": 22.5, "axis": "y", "origin": [8, 4, 8]},
			"faces": {
				"north": {"uv": [3, 0, 5, 2], "texture": "#0"},
				"south": {"uv": [3, 0, 5, 2], "texture": "#0"}
			}
		},
		{
			"from": [11.5, 6.75, 7],
			"to": [11.5, 8.75, 9],
			"rotation": {"angle": -45, "axis": "y", "origin": [8, 4, 8]},
			"faces": {
				"east": {"uv": [0, 0, 2, 2], "texture": "#0"},
				"west": {"uv": [0, 0, 2, 2], "texture": "#0"}
			}
		},
		{
			"from": [5.5, 9, 7],
			"to": [5.5, 11, 9],
			"rotation": {"angle": 45, "axis": "y", "origin": [8, 4, 8]},
			"faces": {
				"east": {"uv": [3, 0, 5, 2], "texture": "#0"},
				"west": {"uv": [3, 0, 5, 2], "texture": "#0"}
			}
		},
		{
			"from": [4.5, 7, 7],
			"to": [4.5, 9, 9],
			"rotation": {"angle": 45, "axis": "y", "origin": [8, 4, 8]},
			"faces": {
				"east": {"uv": [0, 0, 2, 2], "texture": "#0"},
				"west": {"uv": [0, 0, 2, 2], "texture": "#0"}
			}
		},
		{
			"from": [7, 9.25, 5.5],
			"to": [9, 11.25, 5.5],
			"rotation": {"angle": 45, "axis": "y", "origin": [8, 4, 8]},
			"faces": {
				"north": {"uv": [3, 0, 5, 2], "texture": "#0"},
				"south": {"uv": [3, 0, 5, 2], "texture": "#0"}
			}
		},
		{
			"from": [4.75, 7, 6],
			"to": [4.75, 9, 8],
			"rotation": {"angle": -22.5, "axis": "y", "origin": [8, 4, 8]},
			"faces": {
				"east": {"uv": [0, 0, 2, 2], "texture": "#0"},
				"west": {"uv": [0, 0, 2, 2], "texture": "#0"}
			}
		},
		{
			"from": [11.5, 7, 7],
			"to": [11.5, 9, 9],
			"rotation": {"angle": 45, "axis": "y", "origin": [8, 4, 8]},
			"faces": {
				"east": {"uv": [0, 0, 2, 2], "texture": "#0"},
				"west": {"uv": [0, 0, 2, 2], "texture": "#0"}
			}
		},
		{
			"from": [10.4, 9, 6],
			"to": [10.4, 11, 8],
			"rotation": {"angle": 22.5, "axis": "y", "origin": [8, 4, 8]},
			"faces": {
				"east": {"uv": [3, 0, 5, 2], "texture": "#0"},
				"west": {"uv": [3, 0, 5, 2], "texture": "#0"}
			}
		},
		{
			"from": [4.5, 5, 8],
			"to": [8.5, 11, 8],
			"rotation": {"angle": -45, "axis": "y", "origin": [8, 8, 8]},
			"faces": {
				"north": {"uv": [13, 0, 9, 6], "texture": "#0"},
				"south": {"uv": [9, 0, 13, 6], "texture": "#0"}
			}
		},
		{
			"from": [7.5, 4.025, 7.5],
			"to": [8.5, 8.025, 8.5],
			"faces": {
				"north": {"uv": [7, 12, 8, 16], "texture": "#0"},
				"east": {"uv": [7, 12, 8, 16], "texture": "#0"},
				"south": {"uv": [7, 12, 8, 16], "texture": "#0"},
				"west": {"uv": [7, 12, 8, 16], "texture": "#0"},
				"up": {"uv": [7, 12, 8, 13], "texture": "#0"},
				"down": {"uv": [7, 15, 8, 16], "texture": "#0"}
			}
		},
		{
			"from": [8.5, 5, 8],
			"to": [11.5, 11, 8],
			"rotation": {"angle": 45, "axis": "y", "origin": [8, 8, 8]},
			"faces": {
				"north": {"uv": [16, 0, 13, 6], "texture": "#0"},
				"south": {"uv": [13, 0, 16, 6], "texture": "#0"}
			}
		},
		{
			"from": [4.5, 5, 8],
			"to": [8.5, 11, 8],
			"rotation": {"angle": 45, "axis": "y", "origin": [8, 8, 8]},
			"faces": {
				"north": {"uv": [13, 0, 9, 6], "texture": "#0"},
				"south": {"uv": [9, 0, 13, 6], "texture": "#0"}
			}
		},
		{
			"from": [8.5, 5, 8],
			"to": [11.5, 11, 8],
			"rotation": {"angle": -45, "axis": "y", "origin": [8, 8, 8]},
			"faces": {
				"north": {"uv": [16, 0, 13, 6], "texture": "#0"},
				"south": {"uv": [13, 0, 16, 6], "texture": "#0"}
			}
		}
	]
}