{
	"credit": "Made with Blockbench by Valdr687",
	"parent": "minecraft:block/flower_pot_cross",
	"textures": {
		"1": "block/poppy_block",
		"particle": "block/flower_pot",
		"flowerpot": "block/flower_pot",
		"dirt": "block/podzol_top"
	},
	"elements": [
		{
			"from": [5, 0, 5],
			"to": [6, 6, 11],
			"faces": {
				"north": {"uv": [10, 10, 11, 16], "texture": "#flowerpot"},
				"east": {"uv": [5, 10, 11, 16], "texture": "#flowerpot"},
				"south": {"uv": [5, 10, 6, 16], "texture": "#flowerpot"},
				"west": {"uv": [5, 10, 11, 16], "texture": "#flowerpot"},
				"up": {"uv": [5, 5, 6, 11], "texture": "#flowerpot"},
				"down": {"uv": [5, 5, 6, 11], "texture": "#flowerpot", "cullface": "down"}
			}
		},
		{
			"from": [10, 0, 5],
			"to": [11, 6, 11],
			"faces": {
				"north": {"uv": [5, 10, 6, 16], "texture": "#flowerpot"},
				"east": {"uv": [5, 10, 11, 16], "texture": "#flowerpot"},
				"south": {"uv": [10, 10, 11, 16], "texture": "#flowerpot"},
				"west": {"uv": [5, 10, 11, 16], "texture": "#flowerpot"},
				"up": {"uv": [10, 5, 11, 11], "texture": "#flowerpot"},
				"down": {"uv": [10, 5, 11, 11], "texture": "#flowerpot", "cullface": "down"}
			}
		},
		{
			"from": [6, 0, 5],
			"to": [10, 6, 6],
			"faces": {
				"north": {"uv": [6, 10, 10, 16], "texture": "#flowerpot"},
				"south": {"uv": [6, 10, 10, 16], "texture": "#flowerpot"},
				"up": {"uv": [6, 5, 10, 6], "texture": "#flowerpot"},
				"down": {"uv": [6, 10, 10, 11], "texture": "#flowerpot", "cullface": "down"}
			}
		},
		{
			"from": [6, 0, 10],
			"to": [10, 6, 11],
			"faces": {
				"north": {"uv": [6, 10, 10, 16], "texture": "#flowerpot"},
				"south": {"uv": [6, 10, 10, 16], "texture": "#flowerpot"},
				"up": {"uv": [6, 10, 10, 11], "texture": "#flowerpot"},
				"down": {"uv": [6, 5, 10, 6], "texture": "#flowerpot", "cullface": "down"}
			}
		},
		{
			"from": [6, 0, 6],
			"to": [10, 4, 10],
			"faces": {
				"up": {"uv": [6, 6, 10, 10], "texture": "#dirt"},
				"down": {"uv": [6, 12, 10, 16], "texture": "#flowerpot", "cullface": "down"}
			}
		},
		{
			"from": [7.5, 4, 7.5],
			"to": [8.5, 11, 8.5],
			"faces": {
				"north": {"uv": [8, 9, 9, 16], "texture": "#1"},
				"east": {"uv": [8, 9, 9, 16], "texture": "#1"},
				"south": {"uv": [8, 9, 9, 16], "texture": "#1"},
				"west": {"uv": [8, 9, 9, 16], "texture": "#1"},
				"up": {"uv": [8, 9, 9, 10], "texture": "#1"}
			}
		},
		{
			"from": [8, 4, 3.5],
			"to": [8, 11, 11.5],
			"rotation": {"angle": 45, "axis": "y", "origin": [8, 8, 8]},
			"faces": {
				"east": {"uv": [12, 9, 4, 16], "texture": "#1"},
				"west": {"uv": [4, 9, 12, 16], "texture": "#1"}
			}
		},
		{
			"from": [3.5, 4, 8],
			"to": [11.5, 11, 8],
			"rotation": {"angle": 45, "axis": "y", "origin": [8, 8, 8]},
			"faces": {
				"north": {"uv": [12, 9, 4, 16], "texture": "#1"},
				"south": {"uv": [4, 9, 12, 16], "texture": "#1"}
			}
		},
		{
			"from": [6.5, 11.025, 6.5],
			"to": [9.5, 11.025, 9.5],
			"faces": {
				"up": {"uv": [0, 0, 3, 3], "texture": "#1"},
				"down": {"uv": [0, 0, 3, 3], "texture": "#1"}
			}
		},
		{
			"from": [6.5, 11.025, 9.5],
			"to": [9.5, 11.025, 12.5],
			"rotation": {"angle": -45, "axis": "x", "origin": [8, 11.025, 9.5]},
			"faces": {
				"up": {"uv": [7, 9, 10, 6], "texture": "#1"},
				"down": {"uv": [7, 6, 10, 9], "texture": "#1"}
			}
		},
		{
			"from": [6.5, 11.025, 3.5],
			"to": [9.5, 11.025, 6.5],
			"rotation": {"angle": 45, "axis": "x", "origin": [8, 11.025, 6.5]},
			"faces": {
				"up": {"uv": [7, 9, 10, 6], "texture": "#1"},
				"down": {"uv": [7, 9, 10, 6], "texture": "#1"}
			}
		},
		{
			"from": [9.5, 11.025, 6.5],
			"to": [12.5, 11.025, 9.5],
			"rotation": {"angle": 45, "axis": "z", "origin": [9.5, 11.025, 8]},
			"faces": {
				"up": {"uv": [7, 6, 10, 9], "rotation": 90, "texture": "#1"},
				"down": {"uv": [7, 6, 10, 9], "rotation": 90, "texture": "#1"}
			}
		},
		{
			"from": [3.5, 11.025, 6.5],
			"to": [6.5, 11.025, 9.5],
			"rotation": {"angle": -45, "axis": "z", "origin": [6.5, 11.025, 8]},
			"faces": {
				"up": {"uv": [7, 6, 10, 9], "rotation": 270, "texture": "#1"},
				"down": {"uv": [7, 6, 10, 9], "rotation": 270, "texture": "#1"}
			}
		},
		{
			"from": [7.5, 11, 8],
			"to": [8.5, 13, 8],
			"rotation": {"angle": 45, "axis": "y", "origin": [8, 12, 8]},
			"faces": {
				"north": {"uv": [8, 6, 9, 8], "texture": "#1"},
				"south": {"uv": [8, 6, 9, 8], "texture": "#1"}
			}
		},
		{
			"from": [7.5, 11, 8],
			"to": [8.5, 13, 8],
			"rotation": {"angle": -45, "axis": "y", "origin": [8, 12, 8]},
			"faces": {
				"north": {"uv": [8, 6, 9, 8], "texture": "#1"},
				"south": {"uv": [8, 6, 9, 8], "texture": "#1"}
			}
		}
	]
}