{
	"credit": "Made with Blockbench by Valdr687",
	"parent": "minecraft:block/flower_pot_cross",
	"textures": {
		"1": "block/cherry_sapling1",
		"2": "block/cherry_log",
		"3": "block/cherry_sapling_blossom",
		"particle": "block/flower_pot",
		"flowerpot": "block/flower_pot",
		"dirt": "block/podzol_top"
	},
	"elements": [
		{
			"from": [5, 0, 5],
			"to": [6, 6, 11],
			"rotation": {"angle": 45, "axis": "y", "origin": [7, 7.625, 8]},
			"faces": {
				"north": {"uv": [10, 10, 11, 16], "texture": "#flowerpot"},
				"east": {"uv": [5, 10, 11, 16], "texture": "#flowerpot"},
				"south": {"uv": [5, 10, 6, 16], "texture": "#flowerpot"},
				"west": {"uv": [5, 10, 11, 16], "texture": "#flowerpot"},
				"up": {"uv": [5, 5, 6, 11], "texture": "#flowerpot"},
				"down": {"uv": [5, 5, 6, 11], "texture": "#flowerpot", "cullface": "down"}
			}
		},
		{
			"from": [10, 0, 5],
			"to": [11, 6, 11],
			"rotation": {"angle": 45, "axis": "y", "origin": [7, 7.625, 8]},
			"faces": {
				"north": {"uv": [5, 10, 6, 16], "texture": "#flowerpot"},
				"east": {"uv": [5, 10, 11, 16], "texture": "#flowerpot"},
				"south": {"uv": [10, 10, 11, 16], "texture": "#flowerpot"},
				"west": {"uv": [5, 10, 11, 16], "texture": "#flowerpot"},
				"up": {"uv": [10, 5, 11, 11], "texture": "#flowerpot"},
				"down": {"uv": [10, 5, 11, 11], "texture": "#flowerpot", "cullface": "down"}
			}
		},
		{
			"from": [6, 0, 5],
			"to": [10, 6, 6],
			"rotation": {"angle": 45, "axis": "y", "origin": [7, 7.625, 8]},
			"faces": {
				"north": {"uv": [6, 10, 10, 16], "texture": "#flowerpot"},
				"south": {"uv": [6, 10, 10, 16], "texture": "#flowerpot"},
				"up": {"uv": [6, 5, 10, 6], "texture": "#flowerpot"},
				"down": {"uv": [6, 10, 10, 11], "texture": "#flowerpot", "cullface": "down"}
			}
		},
		{
			"from": [6, 0, 10],
			"to": [10, 6, 11],
			"rotation": {"angle": 45, "axis": "y", "origin": [7, 7.625, 8]},
			"faces": {
				"north": {"uv": [6, 10, 10, 16], "texture": "#flowerpot"},
				"south": {"uv": [6, 10, 10, 16], "texture": "#flowerpot"},
				"up": {"uv": [6, 10, 10, 11], "texture": "#flowerpot"},
				"down": {"uv": [6, 5, 10, 6], "texture": "#flowerpot", "cullface": "down"}
			}
		},
		{
			"from": [6, 0, 6],
			"to": [10, 4, 10],
			"rotation": {"angle": 45, "axis": "y", "origin": [7, 7.625, 8]},
			"faces": {
				"up": {"uv": [6, 6, 10, 10], "texture": "#dirt"},
				"down": {"uv": [6, 12, 10, 16], "texture": "#flowerpot", "cullface": "down"}
			}
		},
		{
			"from": [8, 4, 7],
			"to": [10, 7, 9],
			"rotation": {"angle": 45, "axis": "y", "origin": [7, 7.625, 8]},
			"faces": {
				"north": {"uv": [10, 13, 12, 16], "texture": "#2"},
				"east": {"uv": [10, 13, 12, 16], "texture": "#2"},
				"south": {"uv": [10, 13, 12, 16], "texture": "#2"},
				"west": {"uv": [10, 13, 12, 16], "texture": "#2"},
				"up": {"uv": [10, 13, 12, 15], "texture": "#2"},
				"down": {"uv": [10, 13, 12, 15], "texture": "#2"}
			}
		},
		{
			"from": [9, 7, 7],
			"to": [11, 9, 9],
			"rotation": {"angle": 45, "axis": "y", "origin": [7, 7.625, 8]},
			"faces": {
				"north": {"uv": [6, 10, 8, 13], "texture": "#2"},
				"east": {"uv": [6, 10, 8, 13], "texture": "#2"},
				"south": {"uv": [6, 10, 8, 13], "texture": "#2"},
				"west": {"uv": [6, 10, 8, 13], "texture": "#2"},
				"up": {"uv": [6, 10, 8, 12], "texture": "#2"},
				"down": {"uv": [6, 10, 8, 12], "texture": "#2"}
			}
		},
		{
			"from": [10, 9, 7],
			"to": [11, 12, 9],
			"rotation": {"angle": 45, "axis": "y", "origin": [7, 7.625, 8]},
			"faces": {
				"north": {"uv": [6, 8, 7, 11], "texture": "#2"},
				"east": {"uv": [6, 8, 8, 11], "texture": "#2"},
				"south": {"uv": [6, 8, 7, 11], "texture": "#2"},
				"west": {"uv": [6, 8, 8, 11], "texture": "#2"},
				"up": {"uv": [6, 8, 7, 10], "texture": "#2"},
				"down": {"uv": [6, 8, 7, 10], "texture": "#2"}
			}
		},
		{
			"from": [11, 7, 7],
			"to": [12, 11, 9],
			"rotation": {"angle": 45, "axis": "y", "origin": [7, 7.625, 8]},
			"faces": {
				"north": {"uv": [4, 8, 5, 12], "texture": "#2"},
				"east": {"uv": [4, 8, 6, 12], "texture": "#2"},
				"south": {"uv": [4, 8, 5, 12], "texture": "#2"},
				"west": {"uv": [4, 8, 6, 12], "texture": "#2"},
				"up": {"uv": [4, 8, 5, 10], "texture": "#2"},
				"down": {"uv": [4, 8, 5, 10], "texture": "#2"}
			}
		},
		{
			"from": [6, 12, 7],
			"to": [10, 13, 9],
			"rotation": {"angle": 45, "axis": "y", "origin": [7, 7.625, 8]},
			"faces": {
				"north": {"uv": [6, 6, 10, 7], "texture": "#2"},
				"east": {"uv": [6, 6, 8, 7], "texture": "#2"},
				"south": {"uv": [6, 6, 10, 7], "texture": "#2"},
				"west": {"uv": [6, 6, 8, 7], "texture": "#2"},
				"up": {"uv": [6, 6, 10, 8], "texture": "#2"},
				"down": {"uv": [6, 6, 10, 8], "texture": "#2"}
			}
		},
		{
			"from": [9, 11, 7],
			"to": [10, 12, 9],
			"rotation": {"angle": 45, "axis": "y", "origin": [7, 7.625, 8]},
			"faces": {
				"north": {"uv": [6, 7, 7, 8], "texture": "#2"},
				"east": {"uv": [6, 7, 8, 8], "texture": "#2"},
				"south": {"uv": [6, 7, 7, 8], "texture": "#2"},
				"west": {"uv": [6, 7, 8, 8], "texture": "#2"},
				"up": {"uv": [6, 7, 7, 9], "texture": "#2"},
				"down": {"uv": [6, 7, 7, 9], "texture": "#2"}
			}
		},
		{
			"from": [3, 11, 7],
			"to": [7, 12, 9],
			"rotation": {"angle": 45, "axis": "y", "origin": [7, 7.625, 8]},
			"faces": {
				"north": {"uv": [8, 7, 12, 8], "texture": "#2"},
				"east": {"uv": [8, 7, 10, 8], "texture": "#2"},
				"south": {"uv": [8, 7, 12, 8], "texture": "#2"},
				"west": {"uv": [8, 7, 10, 8], "texture": "#2"},
				"up": {"uv": [8, 7, 12, 9], "texture": "#2"},
				"down": {"uv": [8, 7, 12, 9], "texture": "#2"}
			}
		},
		{
			"from": [10, 5, 7],
			"to": [10.975, 7, 9],
			"rotation": {"angle": 45, "axis": "y", "origin": [7, 7.625, 8]},
			"faces": {
				"north": {"uv": [8, 13, 9, 15], "texture": "#2"},
				"east": {"uv": [8, 13, 10, 15], "texture": "#2"},
				"south": {"uv": [8, 13, 9, 15], "texture": "#2"},
				"west": {"uv": [8, 13, 10, 15], "texture": "#2"},
				"up": {"uv": [8, 13, 9, 15], "texture": "#2"},
				"down": {"uv": [8, 13, 9, 15], "texture": "#2"}
			}
		},
		{
			"from": [6, 4, 7],
			"to": [8, 6, 9],
			"rotation": {"angle": 45, "axis": "y", "origin": [7, 7.625, 8]},
			"faces": {
				"north": {"uv": [12, 14, 14, 16], "texture": "#2"},
				"east": {"uv": [12, 14, 14, 16], "texture": "#2"},
				"south": {"uv": [12, 14, 14, 16], "texture": "#2"},
				"west": {"uv": [12, 14, 14, 16], "texture": "#2"},
				"up": {"uv": [12, 14, 14, 16], "texture": "#2"},
				"down": {"uv": [12, 14, 14, 16], "texture": "#2"}
			}
		},
		{
			"from": [5.025, 4, 7],
			"to": [6, 5, 9],
			"rotation": {"angle": 45, "axis": "y", "origin": [7, 7.625, 8]},
			"faces": {
				"north": {"uv": [14, 14, 16, 15], "texture": "#2"},
				"east": {"uv": [14, 14, 16, 15], "texture": "#2"},
				"south": {"uv": [14, 14, 16, 15], "texture": "#2"},
				"west": {"uv": [14, 14, 16, 15], "texture": "#2"},
				"up": {"uv": [14, 14, 16, 16], "texture": "#2"},
				"down": {"uv": [14, 14, 16, 16], "texture": "#2"}
			}
		},
		{
			"from": [-1, 11.5, 2],
			"to": [6, 11.5, 14],
			"rotation": {"angle": 45, "axis": "y", "origin": [7, 7.625, 8]},
			"faces": {
				"north": {"uv": [0, 0, 6, 0], "texture": "#1"},
				"east": {"uv": [0, 0, 8, 0], "texture": "#1"},
				"south": {"uv": [0, 0, 6, 0], "texture": "#1"},
				"west": {"uv": [0, 0, 8, 0], "texture": "#1"},
				"up": {"uv": [7, 12, 0, 0], "texture": "#1"},
				"down": {"uv": [7, 0, 0, 12], "texture": "#1"}
			}
		},
		{
			"from": [-1, 11.525, 2],
			"to": [6, 11.525, 14],
			"rotation": {"angle": 45, "axis": "y", "origin": [7, 7.625, 8]},
			"faces": {
				"north": {"uv": [0, 0, 6, 0], "texture": "#1"},
				"east": {"uv": [0, 0, 8, 0], "texture": "#1"},
				"south": {"uv": [0, 0, 6, 0], "texture": "#1"},
				"west": {"uv": [0, 0, 8, 0], "texture": "#1"},
				"up": {"uv": [16, 13, 9, 1], "texture": "#3"},
				"down": {"uv": [16, 1, 9, 13], "texture": "#3"}
			}
		},
		{
			"from": [6, 13, 2],
			"to": [13, 13, 14],
			"rotation": {"angle": 45, "axis": "y", "origin": [7, 7.625, 8]},
			"faces": {
				"north": {"uv": [0, 0, 6, 0], "texture": "#1"},
				"east": {"uv": [0, 0, 8, 0], "texture": "#1"},
				"south": {"uv": [0, 0, 6, 0], "texture": "#1"},
				"west": {"uv": [0, 0, 8, 0], "texture": "#1"},
				"up": {"uv": [7, 12, 0, 0], "rotation": 180, "texture": "#1"},
				"down": {"uv": [7, 0, 0, 12], "rotation": 180, "texture": "#1"}
			}
		},
		{
			"from": [-1, 13.25, 0],
			"to": [15, 13.25, 16],
			"rotation": {"angle": 45, "axis": "y", "origin": [7, 7.625, 8]},
			"faces": {
				"north": {"uv": [0, 0, 6, 0], "texture": "#1"},
				"east": {"uv": [0, 0, 8, 0], "texture": "#1"},
				"south": {"uv": [0, 0, 6, 0], "texture": "#1"},
				"west": {"uv": [0, 0, 8, 0], "texture": "#1"},
				"up": {"uv": [16, 16, 0, 0], "rotation": 180, "texture": "#3"},
				"down": {"uv": [16, 0, 0, 16], "rotation": 180, "texture": "#3"}
			}
		},
		{
			"from": [4, 13, 13],
			"to": [11, 13, 18],
			"rotation": {"angle": 45, "axis": "y", "origin": [7, 7.625, 8]},
			"faces": {
				"north": {"uv": [0, 0, 7, 0], "texture": "#missing"},
				"east": {"uv": [0, 0, 5, 0], "texture": "#missing"},
				"south": {"uv": [0, 0, 7, 0], "texture": "#missing"},
				"west": {"uv": [0, 0, 5, 0], "texture": "#missing"},
				"up": {"uv": [7, 16, 0, 11], "texture": "#1"},
				"down": {"uv": [7, 11, 0, 16], "texture": "#1"}
			}
		},
		{
			"from": [4, 13, -2],
			"to": [11, 13, 3],
			"rotation": {"angle": 45, "axis": "y", "origin": [7, 7.625, 8]},
			"faces": {
				"north": {"uv": [0, 0, 7, 0], "texture": "#missing"},
				"east": {"uv": [0, 0, 5, 0], "texture": "#missing"},
				"south": {"uv": [0, 0, 7, 0], "texture": "#missing"},
				"west": {"uv": [0, 0, 5, 0], "texture": "#missing"},
				"up": {"uv": [7, 16, 0, 11], "rotation": 180, "texture": "#1"},
				"down": {"uv": [7, 11, 0, 16], "rotation": 180, "texture": "#1"}
			}
		},
		{
			"from": [2, 13, 4],
			"to": [7, 13, 11],
			"rotation": {"angle": 45, "axis": "y", "origin": [7, 7.625, 8]},
			"faces": {
				"north": {"uv": [0, 0, 5, 0], "texture": "#missing"},
				"east": {"uv": [0, 0, 7, 0], "texture": "#missing"},
				"south": {"uv": [0, 0, 5, 0], "texture": "#missing"},
				"west": {"uv": [0, 0, 7, 0], "texture": "#missing"},
				"up": {"uv": [14, 5, 7, 0], "rotation": 90, "texture": "#1"},
				"down": {"uv": [14, 0, 7, 5], "rotation": 270, "texture": "#1"}
			}
		},
		{
			"from": [8, 10, 4],
			"to": [15, 10, 12],
			"rotation": {"angle": 45, "axis": "y", "origin": [7, 7.625, 8]},
			"faces": {
				"north": {"uv": [0, 0, 6, 0], "texture": "#1"},
				"east": {"uv": [0, 0, 8, 0], "texture": "#1"},
				"south": {"uv": [0, 0, 6, 0], "texture": "#1"},
				"west": {"uv": [0, 0, 8, 0], "texture": "#1"},
				"up": {"uv": [7, 10, 0, 2], "rotation": 180, "texture": "#1"},
				"down": {"uv": [7, 2, 0, 10], "rotation": 180, "texture": "#1"}
			}
		},
		{
			"from": [8, 10.025, 4],
			"to": [15, 10.025, 12],
			"rotation": {"angle": 45, "axis": "y", "origin": [7, 7.625, 8]},
			"faces": {
				"north": {"uv": [0, 0, 6, 0], "texture": "#1"},
				"east": {"uv": [0, 0, 8, 0], "texture": "#1"},
				"south": {"uv": [0, 0, 6, 0], "texture": "#1"},
				"west": {"uv": [0, 0, 8, 0], "texture": "#1"},
				"up": {"uv": [15, 8, 8, 0], "rotation": 180, "texture": "#3"},
				"down": {"uv": [15, 0, 8, 8], "rotation": 180, "texture": "#3"}
			}
		}
	]
}