{"credit":"Made with Blockbench by Valdr687","parent":"minecraft:block/flower_pot_cross","ambientocclusion":false,"textures":{"plant":"block/dead_bush","particle":"block/flower_pot","flowerpot":"block/flower_pot","dirt":"block/podzol_top"},"elements":[{"from":[6,0,6],"to":[10,4,10],"rotation":{"angle":45,"axis":"y","origin":[8.25,10.5,8.21967]},"faces":{"up":{"uv":[6,6,10,10],"texture":"#dirt"},"down":{"uv":[6,12,10,16],"texture":"#flowerpot","cullface":"down"}}},{"from":[6,0,10],"to":[10,6,11],"rotation":{"angle":45,"axis":"y","origin":[8.25,10.5,8.21967]},"faces":{"north":{"uv":[6,10,10,16],"texture":"#flowerpot"},"south":{"uv":[6,10,10,16],"texture":"#flowerpot"},"up":{"uv":[6,10,10,11],"texture":"#flowerpot"},"down":{"uv":[6,5,10,6],"texture":"#flowerpot","cullface":"down"}}},{"from":[6,0,5],"to":[10,6,6],"rotation":{"angle":45,"axis":"y","origin":[8.25,10.5,8.21967]},"faces":{"north":{"uv":[6,10,10,16],"texture":"#flowerpot"},"south":{"uv":[6,10,10,16],"texture":"#flowerpot"},"up":{"uv":[6,5,10,6],"texture":"#flowerpot"},"down":{"uv":[6,10,10,11],"texture":"#flowerpot","cullface":"down"}}},{"from":[10,0,5],"to":[11,6,11],"rotation":{"angle":45,"axis":"y","origin":[8.25,10.5,8.21967]},"faces":{"north":{"uv":[5,10,6,16],"texture":"#flowerpot"},"east":{"uv":[5,10,11,16],"texture":"#flowerpot"},"south":{"uv":[10,10,11,16],"texture":"#flowerpot"},"west":{"uv":[5,10,11,16],"texture":"#flowerpot"},"up":{"uv":[10,5,11,11],"texture":"#flowerpot"},"down":{"uv":[10,5,11,11],"texture":"#flowerpot","cullface":"down"}}},{"from":[5,0,5],"to":[6,6,11],"rotation":{"angle":45,"axis":"y","origin":[8.25,10.5,8.21967]},"faces":{"north":{"uv":[10,10,11,16],"texture":"#flowerpot"},"east":{"uv":[5,10,11,16],"texture":"#flowerpot"},"south":{"uv":[5,10,6,16],"texture":"#flowerpot"},"west":{"uv":[5,10,11,16],"texture":"#flowerpot"},"up":{"uv":[5,5,6,11],"texture":"#flowerpot"},"down":{"uv":[5,5,6,11],"texture":"#flowerpot","cullface":"down"}}},{"from":[6.875,4,6.84467],"to":[8.875,14,8.84467],"faces":{"north":{"uv":[8,6,10,16],"texture":"#plant"},"east":{"uv":[8,6,10,16],"texture":"#plant"},"south":{"uv":[8,6,10,16],"texture":"#plant"},"west":{"uv":[8,6,10,16],"texture":"#plant"},"up":{"uv":[8,6,10,8],"rotation":270,"texture":"#plant"},"down":{"uv":[8,14,10,16],"rotation":90,"texture":"#plant"}}},{"from":[7.875,15,7.34467],"to":[8.875,17,8.34467],"faces":{"north":{"uv":[9,3,10,5],"texture":"#plant"},"east":{"uv":[9,3,10,5],"texture":"#plant"},"south":{"uv":[9,3,10,5],"texture":"#plant"},"west":{"uv":[9,3,10,5],"texture":"#plant"},"up":{"uv":[9,3,10,4],"rotation":270,"texture":"#plant"},"down":{"uv":[9,4,10,5],"rotation":90,"texture":"#plant"}}},{"from":[4.875,18,7.34467],"to":[5.875,20,8.34467],"faces":{"north":{"uv":[11,0,12,2],"texture":"#plant"},"east":{"uv":[11,0,12,2],"texture":"#plant"},"south":{"uv":[11,0,12,2],"texture":"#plant"},"west":{"uv":[11,0,12,2],"texture":"#plant"},"up":{"uv":[11,0,12,1],"rotation":90,"texture":"#plant"},"down":{"uv":[11,1,12,2],"rotation":270,"texture":"#plant"}}},{"from":[5.875,16,7.34467],"to":[6.875,19,8.34467],"faces":{"north":{"uv":[10,1,11,4],"texture":"#plant"},"east":{"uv":[10,1,11,4],"texture":"#plant"},"south":{"uv":[10,1,11,4],"texture":"#plant"},"west":{"uv":[10,1,11,4],"texture":"#plant"},"up":{"uv":[10,1,11,2],"rotation":90,"texture":"#plant"},"down":{"uv":[10,3,11,4],"rotation":270,"texture":"#plant"}}},{"from":[5.875,10,7.34467],"to":[6.875,12,8.34467],"faces":{"north":{"uv":[10,8,11,10],"texture":"#plant"},"east":{"uv":[10,8,11,10],"texture":"#plant"},"south":{"uv":[10,8,11,10],"texture":"#plant"},"west":{"uv":[10,8,11,10],"texture":"#plant"},"up":{"uv":[10,8,11,9],"rotation":90,"texture":"#plant"},"down":{"uv":[10,9,11,10],"rotation":270,"texture":"#plant"}}},{"from":[4.875,11,7.34467],"to":[5.875,13,8.34467],"faces":{"north":{"uv":[11,7,12,9],"texture":"#plant"},"east":{"uv":[11,7,12,9],"texture":"#plant"},"south":{"uv":[11,7,12,9],"texture":"#plant"},"west":{"uv":[11,7,12,9],"texture":"#plant"},"up":{"uv":[11,7,12,8],"rotation":90,"texture":"#plant"},"down":{"uv":[11,8,12,9],"rotation":270,"texture":"#plant"}}},{"from":[6.875,14,7.34467],"to":[7.875,18,8.34467],"faces":{"north":{"uv":[8,2,9,6],"texture":"#plant"},"east":{"uv":[8,2,9,6],"texture":"#plant"},"south":{"uv":[8,2,9,6],"texture":"#plant"},"west":{"uv":[8,2,9,6],"texture":"#plant"},"up":{"uv":[8,2,9,3],"rotation":270,"texture":"#plant"},"down":{"uv":[8,5,9,6],"rotation":90,"texture":"#plant"}}},{"from":[5.875,8,7.34467],"to":[6.875,9,8.34467],"faces":{"north":{"uv":[10,11,11,12],"texture":"#plant"},"east":{"uv":[10,11,11,12],"texture":"#plant"},"south":{"uv":[10,11,11,12],"texture":"#plant"},"west":{"uv":[10,11,11,12],"texture":"#plant"},"up":{"uv":[10,11,11,12],"rotation":90,"texture":"#plant"},"down":{"uv":[10,11,11,12],"rotation":270,"texture":"#plant"}}},{"from":[4.875,15,7.34467],"to":[5.875,16,8.34467],"faces":{"north":{"uv":[11,4,12,5],"texture":"#plant"},"east":{"uv":[11,4,12,5],"texture":"#plant"},"south":{"uv":[11,4,12,5],"texture":"#plant"},"west":{"uv":[11,4,12,5],"texture":"#plant"},"up":{"uv":[11,4,12,5],"rotation":90,"texture":"#plant"},"down":{"uv":[11,4,12,5],"rotation":270,"texture":"#plant"}}},{"from":[2.875,12,7.34467],"to":[4.875,13,8.34467],"faces":{"north":{"uv":[12,7,14,8],"texture":"#plant"},"east":{"uv":[12,7,13,8],"texture":"#plant"},"south":{"uv":[12,7,14,8],"texture":"#plant"},"west":{"uv":[13,7,14,8],"texture":"#plant"},"up":{"uv":[12,7,14,8],"rotation":180,"texture":"#plant"},"down":{"uv":[14,7,12,8],"texture":"#plant"}}},{"from":[1.875,13,7.34467],"to":[3.875,14,8.34467],"faces":{"north":{"uv":[13,6,15,7],"texture":"#plant"},"east":{"uv":[13,6,14,7],"texture":"#plant"},"south":{"uv":[13,6,15,7],"texture":"#plant"},"west":{"uv":[14,6,15,7],"texture":"#plant"},"up":{"uv":[13,6,15,7],"rotation":180,"texture":"#plant"},"down":{"uv":[15,6,13,7],"texture":"#plant"}}},{"from":[7.375,10,9.84467],"to":[8.375,12,10.84467],"faces":{"north":{"uv":[6,8,7,10],"texture":"#plant"},"east":{"uv":[6,8,7,10],"texture":"#plant"},"south":{"uv":[6,8,7,10],"texture":"#plant"},"west":{"uv":[6,8,7,10],"texture":"#plant"},"up":{"uv":[6,8,7,9],"rotation":180,"texture":"#plant"},"down":{"uv":[6,9,7,10],"rotation":180,"texture":"#plant"}}},{"from":[7.375,13,9.84467],"to":[8.375,16,10.84467],"faces":{"north":{"uv":[6,4,7,7],"texture":"#plant"},"east":{"uv":[6,4,7,7],"texture":"#plant"},"south":{"uv":[6,4,7,7],"texture":"#plant"},"west":{"uv":[6,4,7,7],"texture":"#plant"},"up":{"uv":[6,4,7,5],"rotation":180,"texture":"#plant"},"down":{"uv":[6,6,7,7],"rotation":180,"texture":"#plant"}}},{"from":[7.375,14,10.84467],"to":[8.375,17,11.84467],"faces":{"north":{"uv":[5,3,6,6],"texture":"#plant"},"east":{"uv":[5,3,6,6],"texture":"#plant"},"south":{"uv":[5,3,6,6],"texture":"#plant"},"west":{"uv":[5,3,6,6],"texture":"#plant"},"up":{"uv":[5,3,6,4],"rotation":180,"texture":"#plant"},"down":{"uv":[5,5,6,6],"rotation":180,"texture":"#plant"}}},{"from":[7.375,15,11.84467],"to":[8.375,18,12.84467],"faces":{"north":{"uv":[4,1,5,4],"texture":"#plant"},"east":{"uv":[4,1,5,4],"texture":"#plant"},"south":{"uv":[4,1,5,4],"texture":"#plant"},"west":{"uv":[4,1,5,4],"texture":"#plant"},"up":{"uv":[4,1,5,2],"rotation":180,"texture":"#plant"},"down":{"uv":[4,3,5,4],"rotation":180,"texture":"#plant"}}},{"from":[7.375,11,10.84467],"to":[8.375,13,11.84467],"faces":{"north":{"uv":[5,7,6,9],"texture":"#plant"},"east":{"uv":[5,7,6,9],"texture":"#plant"},"south":{"uv":[5,7,6,9],"texture":"#plant"},"west":{"uv":[5,7,6,9],"texture":"#plant"},"up":{"uv":[5,7,6,8],"rotation":180,"texture":"#plant"},"down":{"uv":[5,8,6,9],"rotation":180,"texture":"#plant"}}},{"from":[7.375,12,11.84467],"to":[8.375,14,13.84467],"faces":{"north":{"uv":[3,6,4,8],"texture":"#plant"},"east":{"uv":[3,6,5,8],"texture":"#plant"},"south":{"uv":[3,6,4,8],"texture":"#plant"},"west":{"uv":[3,6,5,8],"texture":"#plant"},"up":{"uv":[3,6,5,7],"rotation":270,"texture":"#plant"},"down":{"uv":[5,7,3,8],"rotation":270,"texture":"#plant"}}},{"from":[7.375,15,6.84467],"to":[8.375,17,7.84467],"faces":{"north":{"uv":[9,3,10,5],"texture":"#plant"},"east":{"uv":[9,3,10,5],"texture":"#plant"},"south":{"uv":[9,3,10,5],"texture":"#plant"},"west":{"uv":[9,3,10,5],"texture":"#plant"},"up":{"uv":[9,3,10,4],"rotation":180,"texture":"#plant"},"down":{"uv":[9,4,10,5],"rotation":180,"texture":"#plant"}}},{"from":[7.375,18,4.84467],"to":[8.375,20,5.84467],"faces":{"north":{"uv":[11,0,12,2],"texture":"#plant"},"east":{"uv":[11,0,12,2],"texture":"#plant"},"south":{"uv":[11,0,12,2],"texture":"#plant"},"west":{"uv":[11,0,12,2],"texture":"#plant"},"up":{"uv":[11,0,12,1],"rotation":180,"texture":"#plant"},"down":{"uv":[11,1,12,2],"rotation":180,"texture":"#plant"}}},{"from":[7.375,16,5.84467],"to":[8.375,19,6.84467],"faces":{"north":{"uv":[10,1,11,4],"texture":"#plant"},"east":{"uv":[10,1,11,4],"texture":"#plant"},"south":{"uv":[10,1,11,4],"texture":"#plant"},"west":{"uv":[10,1,11,4],"texture":"#plant"},"up":{"uv":[10,1,11,2],"rotation":180,"texture":"#plant"},"down":{"uv":[10,3,11,4],"rotation":180,"texture":"#plant"}}},{"from":[7.375,10,5.84467],"to":[8.375,12,6.84467],"faces":{"north":{"uv":[10,8,11,10],"texture":"#plant"},"east":{"uv":[10,8,11,10],"texture":"#plant"},"south":{"uv":[10,8,11,10],"texture":"#plant"},"west":{"uv":[10,8,11,10],"texture":"#plant"},"up":{"uv":[10,8,11,9],"rotation":180,"texture":"#plant"},"down":{"uv":[10,9,11,10],"rotation":180,"texture":"#plant"}}},{"from":[7.375,11,4.84467],"to":[8.375,13,5.84467],"faces":{"north":{"uv":[11,7,12,9],"texture":"#plant"},"east":{"uv":[11,7,12,9],"texture":"#plant"},"south":{"uv":[11,7,12,9],"texture":"#plant"},"west":{"uv":[11,7,12,9],"texture":"#plant"},"up":{"uv":[11,7,12,8],"rotation":180,"texture":"#plant"},"down":{"uv":[11,8,12,9],"rotation":180,"texture":"#plant"}}},{"from":[7.375,9,8.84467],"to":[8.375,15,9.84467],"faces":{"north":{"uv":[7,5,8,11],"texture":"#plant"},"east":{"uv":[7,5,8,11],"texture":"#plant"},"south":{"uv":[7,5,8,11],"texture":"#plant"},"west":{"uv":[7,5,8,11],"texture":"#plant"},"up":{"uv":[7,5,8,6],"rotation":180,"texture":"#plant"},"down":{"uv":[7,10,8,11],"rotation":180,"texture":"#plant"}}},{"from":[7.375,14,7.84467],"to":[8.375,18,8.84467],"faces":{"north":{"uv":[8,2,9,6],"texture":"#plant"},"east":{"uv":[8,2,9,6],"texture":"#plant"},"south":{"uv":[8,2,9,6],"texture":"#plant"},"west":{"uv":[8,2,9,6],"texture":"#plant"},"up":{"uv":[8,2,9,3],"rotation":180,"texture":"#plant"},"down":{"uv":[8,5,9,6],"rotation":180,"texture":"#plant"}}},{"from":[7.375,8,5.84467],"to":[8.375,9,6.84467],"faces":{"north":{"uv":[10,11,11,12],"texture":"#plant"},"east":{"uv":[10,11,11,12],"texture":"#plant"},"south":{"uv":[10,11,11,12],"texture":"#plant"},"west":{"uv":[10,11,11,12],"texture":"#plant"},"up":{"uv":[10,11,11,12],"rotation":180,"texture":"#plant"},"down":{"uv":[10,11,11,12],"rotation":180,"texture":"#plant"}}},{"from":[7.375,15,4.84467],"to":[8.375,16,5.84467],"faces":{"north":{"uv":[11,4,12,5],"texture":"#plant"},"east":{"uv":[11,4,12,5],"texture":"#plant"},"south":{"uv":[11,4,12,5],"texture":"#plant"},"west":{"uv":[11,4,12,5],"texture":"#plant"},"up":{"uv":[11,4,12,5],"rotation":180,"texture":"#plant"},"down":{"uv":[11,4,12,5],"rotation":180,"texture":"#plant"}}},{"from":[7.375,13,13.84467],"to":[8.375,14,14.84467],"faces":{"north":{"uv":[2,6,3,7],"texture":"#plant"},"east":{"uv":[2,6,3,7],"texture":"#plant"},"south":{"uv":[2,6,3,7],"texture":"#plant"},"west":{"uv":[2,6,3,7],"texture":"#plant"},"up":{"uv":[2,6,3,7],"rotation":180,"texture":"#plant"},"down":{"uv":[2,6,3,7],"rotation":180,"texture":"#plant"}}},{"from":[7.375,12,2.84467],"to":[8.375,13,4.84467],"faces":{"north":{"uv":[13,7,14,8],"texture":"#plant"},"east":{"uv":[12,7,14,8],"texture":"#plant"},"south":{"uv":[12,7,13,8],"texture":"#plant"},"west":{"uv":[12,7,14,8],"texture":"#plant"},"up":{"uv":[12,7,14,8],"rotation":270,"texture":"#plant"},"down":{"uv":[14,7,12,8],"rotation":270,"texture":"#plant"}}},{"from":[7.375,13,1.84467],"to":[8.375,14,3.84467],"faces":{"north":{"uv":[14,6,15,7],"texture":"#plant"},"east":{"uv":[13,6,15,7],"texture":"#plant"},"south":{"uv":[13,6,14,7],"texture":"#plant"},"west":{"uv":[13,6,15,7],"texture":"#plant"},"up":{"uv":[13,6,15,7],"rotation":270,"texture":"#plant"},"down":{"uv":[15,6,13,7],"rotation":270,"texture":"#plant"}}},{"from":[11.875,15,7.34467],"to":[12.875,18,8.34467],"faces":{"north":{"uv":[4,1,5,4],"texture":"#plant"},"east":{"uv":[4,1,5,4],"texture":"#plant"},"south":{"uv":[4,1,5,4],"texture":"#plant"},"west":{"uv":[4,1,5,4],"texture":"#plant"},"up":{"uv":[4,1,5,2],"rotation":90,"texture":"#plant"},"down":{"uv":[4,3,5,4],"rotation":270,"texture":"#plant"}}},{"from":[10.875,14,7.34467],"to":[11.875,17,8.34467],"faces":{"north":{"uv":[5,3,6,6],"texture":"#plant"},"east":{"uv":[5,3,6,6],"texture":"#plant"},"south":{"uv":[5,3,6,6],"texture":"#plant"},"west":{"uv":[5,3,6,6],"texture":"#plant"},"up":{"uv":[5,3,6,4],"rotation":90,"texture":"#plant"},"down":{"uv":[5,5,6,6],"rotation":270,"texture":"#plant"}}},{"from":[9.875,13,7.34467],"to":[10.875,16,8.34467],"faces":{"north":{"uv":[6,4,7,7],"texture":"#plant"},"east":{"uv":[6,4,7,7],"texture":"#plant"},"south":{"uv":[6,4,7,7],"texture":"#plant"},"west":{"uv":[6,4,7,7],"texture":"#plant"},"up":{"uv":[6,4,7,5],"rotation":90,"texture":"#plant"},"down":{"uv":[6,6,7,7],"rotation":270,"texture":"#plant"}}},{"from":[13.875,13,7.34467],"to":[14.875,14,8.34467],"faces":{"north":{"uv":[2,6,3,7],"texture":"#plant"},"east":{"uv":[2,6,3,7],"texture":"#plant"},"south":{"uv":[2,6,3,7],"texture":"#plant"},"west":{"uv":[2,6,3,7],"texture":"#plant"},"up":{"uv":[2,6,3,7],"rotation":90,"texture":"#plant"},"down":{"uv":[2,6,3,7],"rotation":270,"texture":"#plant"}}},{"from":[11.875,12,7.34467],"to":[13.875,14,8.34467],"faces":{"north":{"uv":[3,6,5,8],"texture":"#plant"},"east":{"uv":[3,6,4,8],"texture":"#plant"},"south":{"uv":[3,6,5,8],"texture":"#plant"},"west":{"uv":[3,6,4,8],"texture":"#plant"},"up":{"uv":[3,6,5,7],"rotation":180,"texture":"#plant"},"down":{"uv":[5,7,3,8],"texture":"#plant"}}},{"from":[10.875,11,7.34467],"to":[11.875,13,8.34467],"faces":{"north":{"uv":[5,7,6,9],"texture":"#plant"},"east":{"uv":[5,7,6,9],"texture":"#plant"},"south":{"uv":[5,7,6,9],"texture":"#plant"},"west":{"uv":[5,7,6,9],"texture":"#plant"},"up":{"uv":[5,7,6,8],"rotation":90,"texture":"#plant"},"down":{"uv":[5,8,6,9],"rotation":270,"texture":"#plant"}}},{"from":[9.875,10,7.34467],"to":[10.875,12,8.34467],"faces":{"north":{"uv":[6,8,7,10],"texture":"#plant"},"east":{"uv":[6,8,7,10],"texture":"#plant"},"south":{"uv":[6,8,7,10],"texture":"#plant"},"west":{"uv":[6,8,7,10],"texture":"#plant"},"up":{"uv":[6,8,7,9],"rotation":90,"texture":"#plant"},"down":{"uv":[6,9,7,10],"rotation":270,"texture":"#plant"}}},{"from":[8.875,9,7.34467],"to":[9.875,15,8.34467],"faces":{"north":{"uv":[7,5,8,11],"texture":"#plant"},"east":{"uv":[7,5,8,11],"texture":"#plant"},"south":{"uv":[7,5,8,11],"texture":"#plant"},"west":{"uv":[7,5,8,11],"texture":"#plant"},"up":{"uv":[7,5,8,6],"rotation":90,"texture":"#plant"},"down":{"uv":[7,10,8,11],"rotation":270,"texture":"#plant"}}}]}