{"credit":"Made with Blockbench by Valdr687","textures":{"1":"block/pumpkin_top","2":"block/pumpkin_side","3":"block/pumpkin_bottom","particle":"block/pumpkin_side"},"elements":[{"from":[0,0,0],"to":[16,16,16],"faces":{"north":{"uv":[0,0,16,16],"texture":"#2"},"east":{"uv":[0,0,16,16],"texture":"#2"},"south":{"uv":[0,0,16,16],"texture":"#2"},"west":{"uv":[0,0,16,16],"texture":"#2"},"up":{"uv":[0,1,16,16],"texture":"#1"},"down":{"uv":[0,0,16,15],"texture":"#3"}}},{"from":[6,16,6],"to":[8,17.5,8],"faces":{"north":{"uv":[6,6.5,8,6],"texture":"#1"},"east":{"uv":[8,6.5,6,6],"texture":"#1"},"south":{"uv":[6,6.5,8,6],"texture":"#1"},"west":{"uv":[8,6.5,6,6],"texture":"#1"},"up":{"uv":[6,8,8,6],"texture":"#1"}}},{"from":[5,16,5],"to":[7,18,7],"faces":{"north":{"uv":[5,6,7,7],"texture":"#1"},"east":{"uv":[7,6,5,7],"texture":"#1"},"south":{"uv":[5,6,7,7],"texture":"#1"},"west":{"uv":[7,6,5,7],"texture":"#1"},"up":{"uv":[5,5,7,7],"texture":"#1"}}},{"from":[7,16,7],"to":[9,17,9],"faces":{"north":{"uv":[7,7,9,8],"texture":"#1"},"east":{"uv":[8,7,9,9],"rotation":90,"texture":"#1"},"south":{"uv":[7,8,9,9],"texture":"#1"},"west":{"uv":[7,7,8,9],"rotation":90,"texture":"#1"},"up":{"uv":[7,7,9,9],"texture":"#1"}}}],"display":{"thirdperson_righthand":{"rotation":[75,45,0],"translation":[0,2.5,0],"scale":[0.375,0.375,0.375]},"thirdperson_lefthand":{"rotation":[75,45,0],"translation":[0,2.5,0],"scale":[0.375,0.375,0.375]},"firstperson_righthand":{"rotation":[0,45,0],"scale":[0.4,0.4,0.4]},"firstperson_lefthand":{"rotation":[0,225,0],"scale":[0.4,0.4,0.4]},"ground":{"translation":[0,3,0],"scale":[0.25,0.25,0.25]},"gui":{"rotation":[30,225,0],"scale":[0.625,0.625,0.625]},"fixed":{"scale":[0.5,0.5,0.5]}}}