{"credit":"Made with Blockbench by Valdr687","textures":{"0":"block/rose_bush_top_block","1":"block/rose_bush_extra","particle":"block/rose_bush_top_block"},"elements":[{"from":[0,0,8],"to":[16,16,8],"faces":{"north":{"uv":[0,0,16,16],"texture":"#0"},"south":{"uv":[16,0,0,16],"texture":"#0"}}},{"from":[8,0,0],"to":[8,16,16],"faces":{"east":{"uv":[16,0,0,16],"texture":"#0"},"west":{"uv":[0,0,16,16],"texture":"#0"}}},{"from":[3,9,7],"to":[5,9,9],"rotation":{"angle":45,"axis":"z","origin":[4,9,8]},"faces":{"up":{"uv":[2,2,4,4],"texture":"#1"},"down":{"uv":[2,2,4,4],"texture":"#1"}}},{"from":[3,9,9],"to":[5,11,9],"rotation":{"angle":45,"axis":"z","origin":[4,9,8]},"faces":{"north":{"uv":[4,4,6,2],"texture":"#1"},"south":{"uv":[4,4,6,2],"texture":"#1"}}},{"from":[3,9,7],"to":[5,11,7],"rotation":{"angle":45,"axis":"z","origin":[4,9,8]},"faces":{"north":{"uv":[0,2,2,4],"texture":"#1"},"south":{"uv":[0,2,2,4],"texture":"#1"}}},{"from":[3.5,9,8],"to":[4.5,11,8],"rotation":{"angle":45,"axis":"z","origin":[4,9,8]},"faces":{"north":{"uv":[7,2,8,4],"texture":"#1"},"south":{"uv":[7,2,8,4],"texture":"#1"}}},{"from":[4.7,9.7,7],"to":[4.7,11.7,9],"rotation":{"angle":45,"axis":"z","origin":[4.7,9.7,8]},"faces":{"east":{"uv":[2,6,4,4],"texture":"#1"},"west":{"uv":[2,6,4,4],"texture":"#1"}}},{"from":[3.7,9.7,7.5],"to":[3.7,11.7,8.5],"rotation":{"angle":45,"axis":"z","origin":[4.7,9.7,8]},"faces":{"east":{"uv":[7,4,8,2],"texture":"#1"},"west":{"uv":[7,4,8,2],"texture":"#1"}}},{"from":[2.7,9.7,7],"to":[2.7,11.7,9],"rotation":{"angle":45,"axis":"z","origin":[4.7,9.7,8]},"faces":{"east":{"uv":[2,0,4,2],"texture":"#1"},"west":{"uv":[2,0,4,2],"texture":"#1"}}},{"from":[7,13,5],"to":[9,13,7],"rotation":{"angle":-45,"axis":"x","origin":[8,13,6]},"faces":{"up":{"uv":[2,2,4,4],"texture":"#1"},"down":{"uv":[2,2,4,4],"texture":"#1"}}},{"from":[7,13,5],"to":[7,15,7],"rotation":{"angle":-45,"axis":"x","origin":[8,13,6]},"faces":{"east":{"uv":[4,2,6,4],"texture":"#1"},"west":{"uv":[4,2,6,4],"texture":"#1"}}},{"from":[8,13,5.5],"to":[8,15,6.5],"rotation":{"angle":-45,"axis":"x","origin":[8,13,6]},"faces":{"east":{"uv":[7,2,8,4],"texture":"#1"},"west":{"uv":[7,2,8,4],"texture":"#1"}}},{"from":[9,13,5],"to":[9,15,7],"rotation":{"angle":-45,"axis":"x","origin":[10,13,6]},"faces":{"east":{"uv":[0,2,2,4],"texture":"#1"},"west":{"uv":[0,2,2,4],"texture":"#1"}}},{"from":[7,13,7],"to":[9,15,7],"rotation":{"angle":-45,"axis":"x","origin":[8,13,6]},"faces":{"north":{"uv":[4,4,6,2],"texture":"#1"},"south":{"uv":[4,4,6,2],"texture":"#1"}}},{"from":[7,13,5],"to":[9,15,5],"rotation":{"angle":-45,"axis":"x","origin":[8,13,6]},"faces":{"north":{"uv":[0,2,2,4],"texture":"#1"},"south":{"uv":[0,2,2,4],"texture":"#1"}}},{"from":[7.5,13,6],"to":[8.5,15,6],"rotation":{"angle":-45,"axis":"x","origin":[8,13,6]},"faces":{"north":{"uv":[7,2,8,4],"texture":"#1"},"south":{"uv":[7,2,8,4],"texture":"#1"}}},{"from":[7,8,1],"to":[9,8,3],"rotation":{"angle":-45,"axis":"x","origin":[8,8,2]},"faces":{"up":{"uv":[2,2,4,4],"texture":"#1"},"down":{"uv":[2,2,4,4],"texture":"#1"}}},{"from":[7,8,1],"to":[7,10,3],"rotation":{"angle":-45,"axis":"x","origin":[8,8,2]},"faces":{"east":{"uv":[4,2,6,4],"texture":"#1"},"west":{"uv":[4,2,6,4],"texture":"#1"}}},{"from":[8,8,1.5],"to":[8,10,2.5],"rotation":{"angle":-45,"axis":"x","origin":[8,8,2]},"faces":{"east":{"uv":[7,2,8,4],"texture":"#1"},"west":{"uv":[7,2,8,4],"texture":"#1"}}},{"from":[9,8,1],"to":[9,10,3],"rotation":{"angle":-45,"axis":"x","origin":[10,8,2]},"faces":{"east":{"uv":[0,2,2,4],"texture":"#1"},"west":{"uv":[0,2,2,4],"texture":"#1"}}},{"from":[7,8,3],"to":[9,10,3],"rotation":{"angle":-45,"axis":"x","origin":[8,8,2]},"faces":{"north":{"uv":[4,4,6,2],"texture":"#1"},"south":{"uv":[4,4,6,2],"texture":"#1"}}},{"from":[7,8,1],"to":[9,10,1],"rotation":{"angle":-45,"axis":"x","origin":[8,8,2]},"faces":{"north":{"uv":[0,2,2,4],"texture":"#1"},"south":{"uv":[0,2,2,4],"texture":"#1"}}},{"from":[7.5,8,2],"to":[8.5,10,2],"rotation":{"angle":-45,"axis":"x","origin":[8,8,2]},"faces":{"north":{"uv":[7,2,8,4],"texture":"#1"},"south":{"uv":[7,2,8,4],"texture":"#1"}}},{"from":[9.3,12.8,7],"to":[11.3,12.8,9],"rotation":{"angle":-45,"axis":"z","origin":[10.3,13.3,8]},"faces":{"up":{"uv":[2,2,4,4],"rotation":270,"texture":"#1"},"down":{"uv":[2,2,4,4],"rotation":90,"texture":"#1"}}},{"from":[9.3,12.8,9],"to":[11.3,14.8,9],"rotation":{"angle":-45,"axis":"z","origin":[10.3,13.3,8]},"faces":{"north":{"uv":[4,2,6,4],"texture":"#1"},"south":{"uv":[4,2,6,4],"texture":"#1"}}},{"from":[9.8,12.8,8],"to":[10.8,14.8,8],"rotation":{"angle":-45,"axis":"z","origin":[10.3,13.3,8]},"faces":{"north":{"uv":[7,2,8,4],"texture":"#1"},"south":{"uv":[7,2,8,4],"texture":"#1"}}},{"from":[9.3,12.8,7],"to":[11.3,14.8,7],"rotation":{"angle":-45,"axis":"z","origin":[10.3,13.3,8]},"faces":{"north":{"uv":[0,2,2,4],"texture":"#1"},"south":{"uv":[0,2,2,4],"texture":"#1"}}},{"from":[11.3,12.8,7],"to":[11.3,14.8,9],"rotation":{"angle":-45,"axis":"z","origin":[10.3,13.3,8]},"faces":{"east":{"uv":[4,4,6,2],"texture":"#1"},"west":{"uv":[4,4,6,2],"texture":"#1"}}},{"from":[9.3,12.8,7],"to":[9.3,14.8,9],"rotation":{"angle":-45,"axis":"z","origin":[10.3,13.3,8]},"faces":{"east":{"uv":[0,2,2,4],"texture":"#1"},"west":{"uv":[0,2,2,4],"texture":"#1"}}},{"from":[10.3,12.8,7.5],"to":[10.3,14.8,8.5],"rotation":{"angle":-45,"axis":"z","origin":[10.3,13.3,8]},"faces":{"east":{"uv":[7,2,8,4],"texture":"#1"},"west":{"uv":[7,2,8,4],"texture":"#1"}}},{"from":[13.3,7.8,7],"to":[15.3,7.8,9],"rotation":{"angle":-45,"axis":"z","origin":[14.3,8.3,8]},"faces":{"up":{"uv":[2,2,4,4],"rotation":270,"texture":"#1"},"down":{"uv":[2,2,4,4],"rotation":90,"texture":"#1"}}},{"from":[13.3,7.8,9],"to":[15.3,9.8,9],"rotation":{"angle":-45,"axis":"z","origin":[14.3,8.3,8]},"faces":{"north":{"uv":[4,2,6,4],"texture":"#1"},"south":{"uv":[4,2,6,4],"texture":"#1"}}},{"from":[13.8,7.8,8],"to":[14.8,9.8,8],"rotation":{"angle":-45,"axis":"z","origin":[14.3,8.3,8]},"faces":{"north":{"uv":[7,2,8,4],"texture":"#1"},"south":{"uv":[7,2,8,4],"texture":"#1"}}},{"from":[13.3,7.8,7],"to":[15.3,9.8,7],"rotation":{"angle":-45,"axis":"z","origin":[14.3,8.3,8]},"faces":{"north":{"uv":[0,2,2,4],"texture":"#1"},"south":{"uv":[0,2,2,4],"texture":"#1"}}},{"from":[15.3,7.8,7],"to":[15.3,9.8,9],"rotation":{"angle":-45,"axis":"z","origin":[14.3,8.3,8]},"faces":{"east":{"uv":[4,4,6,2],"texture":"#1"},"west":{"uv":[4,4,6,2],"texture":"#1"}}},{"from":[13.3,7.8,7],"to":[13.3,9.8,9],"rotation":{"angle":-45,"axis":"z","origin":[14.3,8.3,8]},"faces":{"east":{"uv":[0,2,2,4],"texture":"#1"},"west":{"uv":[0,2,2,4],"texture":"#1"}}},{"from":[14.3,7.8,7.5],"to":[14.3,9.8,8.5],"rotation":{"angle":-45,"axis":"z","origin":[14.3,8.3,8]},"faces":{"east":{"uv":[7,2,8,4],"texture":"#1"},"west":{"uv":[7,2,8,4],"texture":"#1"}}},{"from":[6.65355,9,11],"to":[8.65355,9,13],"rotation":{"angle":45,"axis":"x","origin":[7.65355,9,12]},"faces":{"up":{"uv":[2,2,4,4],"rotation":270,"texture":"#1"},"down":{"uv":[2,2,4,4],"rotation":90,"texture":"#1"}}},{"from":[6.65355,9,13],"to":[8.65355,11,13],"rotation":{"angle":45,"axis":"x","origin":[7.65355,9,12]},"faces":{"north":{"uv":[4,2,6,4],"texture":"#1"},"south":{"uv":[4,2,6,4],"texture":"#1"}}},{"from":[7.15355,9,12],"to":[8.15355,11,12],"rotation":{"angle":45,"axis":"x","origin":[7.65355,9,12]},"faces":{"north":{"uv":[7,2,8,4],"texture":"#1"},"south":{"uv":[7,2,8,4],"texture":"#1"}}},{"from":[6.65355,9,11],"to":[8.65355,11,11],"rotation":{"angle":45,"axis":"x","origin":[7.65355,9,12]},"faces":{"north":{"uv":[0,2,2,4],"texture":"#1"},"south":{"uv":[0,2,2,4],"texture":"#1"}}},{"from":[8.65355,9,11],"to":[8.65355,11,13],"rotation":{"angle":45,"axis":"x","origin":[7.65355,9,12]},"faces":{"east":{"uv":[4,4,6,2],"texture":"#1"},"west":{"uv":[4,4,6,2],"texture":"#1"}}},{"from":[6.65355,9,11],"to":[6.65355,11,13],"rotation":{"angle":45,"axis":"x","origin":[7.65355,9,12]},"faces":{"east":{"uv":[0,2,2,4],"texture":"#1"},"west":{"uv":[0,2,2,4],"texture":"#1"}}},{"from":[7.65355,9,11.5],"to":[7.65355,11,12.5],"rotation":{"angle":45,"axis":"x","origin":[7.65355,9,12]},"faces":{"east":{"uv":[7,2,8,4],"texture":"#1"},"west":{"uv":[7,2,8,4],"texture":"#1"}}}]}