{"credit":"Made with Blockbench by Valdr687","textures":{"0":"block/rose_bush_bottom","1":"block/rose_bush_extra4","particle":"block/rose_bush_bottom"},"elements":[{"from":[0,0,8],"to":[16,16,8],"faces":{"north":{"uv":[0,0,16,16],"texture":"#0"},"south":{"uv":[16,0,0,16],"texture":"#0"}}},{"from":[8,0,0],"to":[8,16,16],"faces":{"east":{"uv":[16,0,0,16],"texture":"#0"},"west":{"uv":[0,0,16,16],"texture":"#0"}}},{"from":[2,16,7],"to":[4,16,9],"rotation":{"angle":45,"axis":"z","origin":[3,16,8]},"faces":{"up":{"uv":[2,2,4,4],"texture":"#1"},"down":{"uv":[2,2,4,4],"texture":"#1"}}},{"from":[2,16,9],"to":[4,18,9],"rotation":{"angle":45,"axis":"z","origin":[3,16,8]},"faces":{"north":{"uv":[4,4,6,2],"texture":"#1"},"south":{"uv":[4,4,6,2],"texture":"#1"}}},{"from":[2,16,7],"to":[4,18,7],"rotation":{"angle":45,"axis":"z","origin":[3,16,8]},"faces":{"north":{"uv":[0,2,2,4],"texture":"#1"},"south":{"uv":[0,2,2,4],"texture":"#1"}}},{"from":[2.5,16,8],"to":[3.5,18,8],"rotation":{"angle":45,"axis":"z","origin":[3,16,8]},"faces":{"north":{"uv":[7,2,8,4],"texture":"#1"},"south":{"uv":[7,2,8,4],"texture":"#1"}}},{"from":[3.7,16.7,7],"to":[3.7,18.7,9],"rotation":{"angle":45,"axis":"z","origin":[3.7,16.7,8]},"faces":{"east":{"uv":[2,6,4,4],"texture":"#1"},"west":{"uv":[2,6,4,4],"texture":"#1"}}},{"from":[2.7,16.7,7.5],"to":[2.7,18.7,8.5],"rotation":{"angle":45,"axis":"z","origin":[3.7,16.7,8]},"faces":{"east":{"uv":[7,4,8,2],"texture":"#1"},"west":{"uv":[7,4,8,2],"texture":"#1"}}},{"from":[1.7,16.7,7],"to":[1.7,18.7,9],"rotation":{"angle":45,"axis":"z","origin":[3.7,16.7,8]},"faces":{"east":{"uv":[2,0,4,2],"texture":"#1"},"west":{"uv":[2,0,4,2],"texture":"#1"}}},{"from":[-1,8,7],"to":[1,8,9],"rotation":{"angle":45,"axis":"z","origin":[0,8,8]},"faces":{"up":{"uv":[2,2,4,4],"texture":"#1"},"down":{"uv":[2,2,4,4],"texture":"#1"}}},{"from":[-1,8,9],"to":[1,10,9],"rotation":{"angle":45,"axis":"z","origin":[0,8,8]},"faces":{"north":{"uv":[4,4,6,2],"texture":"#1"},"south":{"uv":[4,4,6,2],"texture":"#1"}}},{"from":[-1,8,7],"to":[1,10,7],"rotation":{"angle":45,"axis":"z","origin":[0,8,8]},"faces":{"north":{"uv":[0,2,2,4],"texture":"#1"},"south":{"uv":[0,2,2,4],"texture":"#1"}}},{"from":[-0.5,8,8],"to":[0.5,10,8],"rotation":{"angle":45,"axis":"z","origin":[0,8,8]},"faces":{"north":{"uv":[7,2,8,4],"texture":"#1"},"south":{"uv":[7,2,8,4],"texture":"#1"}}},{"from":[0.7,8.7,7],"to":[0.7,10.7,9],"rotation":{"angle":45,"axis":"z","origin":[0.7,8.7,8]},"faces":{"east":{"uv":[2,6,4,4],"texture":"#1"},"west":{"uv":[2,6,4,4],"texture":"#1"}}},{"from":[-0.3,8.7,7.5],"to":[-0.3,10.7,8.5],"rotation":{"angle":45,"axis":"z","origin":[0.7,8.7,8]},"faces":{"east":{"uv":[7,4,8,2],"texture":"#1"},"west":{"uv":[7,4,8,2],"texture":"#1"}}},{"from":[-1.3,8.7,7],"to":[-1.3,10.7,9],"rotation":{"angle":45,"axis":"z","origin":[0.7,8.7,8]},"faces":{"east":{"uv":[2,0,4,2],"texture":"#1"},"west":{"uv":[2,0,4,2],"texture":"#1"}}},{"from":[7,13,1],"to":[9,13,3],"rotation":{"angle":-45,"axis":"x","origin":[8,13,2]},"faces":{"up":{"uv":[2,2,4,4],"texture":"#1"},"down":{"uv":[2,2,4,4],"texture":"#1"}}},{"from":[7,13,1],"to":[7,15,3],"rotation":{"angle":-45,"axis":"x","origin":[8,13,2]},"faces":{"east":{"uv":[4,2,6,4],"texture":"#1"},"west":{"uv":[4,2,6,4],"texture":"#1"}}},{"from":[8,13,1.5],"to":[8,15,2.5],"rotation":{"angle":-45,"axis":"x","origin":[8,13,2]},"faces":{"east":{"uv":[7,2,8,4],"texture":"#1"},"west":{"uv":[7,2,8,4],"texture":"#1"}}},{"from":[9,13,1],"to":[9,15,3],"rotation":{"angle":-45,"axis":"x","origin":[10,13,2]},"faces":{"east":{"uv":[0,2,2,4],"texture":"#1"},"west":{"uv":[0,2,2,4],"texture":"#1"}}},{"from":[7,13,3],"to":[9,15,3],"rotation":{"angle":-45,"axis":"x","origin":[8,13,2]},"faces":{"north":{"uv":[4,4,6,2],"texture":"#1"},"south":{"uv":[4,4,6,2],"texture":"#1"}}},{"from":[7,13,1],"to":[9,15,1],"rotation":{"angle":-45,"axis":"x","origin":[8,13,2]},"faces":{"north":{"uv":[0,2,2,4],"texture":"#1"},"south":{"uv":[0,2,2,4],"texture":"#1"}}},{"from":[7.5,13,2],"to":[8.5,15,2],"rotation":{"angle":-45,"axis":"x","origin":[8,13,2]},"faces":{"north":{"uv":[7,2,8,4],"texture":"#1"},"south":{"uv":[7,2,8,4],"texture":"#1"}}},{"from":[7,8,0],"to":[9,8,2],"rotation":{"angle":-45,"axis":"x","origin":[8,8,1]},"faces":{"up":{"uv":[2,2,4,4],"texture":"#1"},"down":{"uv":[2,2,4,4],"texture":"#1"}}},{"from":[7,8,0],"to":[7,10,2],"rotation":{"angle":-45,"axis":"x","origin":[8,8,1]},"faces":{"east":{"uv":[4,2,6,4],"texture":"#1"},"west":{"uv":[4,2,6,4],"texture":"#1"}}},{"from":[8,8,0.5],"to":[8,10,1.5],"rotation":{"angle":-45,"axis":"x","origin":[8,8,1]},"faces":{"east":{"uv":[7,2,8,4],"texture":"#1"},"west":{"uv":[7,2,8,4],"texture":"#1"}}},{"from":[9,8,0],"to":[9,10,2],"rotation":{"angle":-45,"axis":"x","origin":[10,8,1]},"faces":{"east":{"uv":[0,2,2,4],"texture":"#1"},"west":{"uv":[0,2,2,4],"texture":"#1"}}},{"from":[7,8,2],"to":[9,10,2],"rotation":{"angle":-45,"axis":"x","origin":[8,8,1]},"faces":{"north":{"uv":[4,4,6,2],"texture":"#1"},"south":{"uv":[4,4,6,2],"texture":"#1"}}},{"from":[7,8,0],"to":[9,10,0],"rotation":{"angle":-45,"axis":"x","origin":[8,8,1]},"faces":{"north":{"uv":[0,2,2,4],"texture":"#1"},"south":{"uv":[0,2,2,4],"texture":"#1"}}},{"from":[7.5,8,1],"to":[8.5,10,1],"rotation":{"angle":-45,"axis":"x","origin":[8,8,1]},"faces":{"north":{"uv":[7,2,8,4],"texture":"#1"},"south":{"uv":[7,2,8,4],"texture":"#1"}}},{"from":[14.3,7.8,7],"to":[16.3,7.8,9],"rotation":{"angle":-45,"axis":"z","origin":[15.3,8.3,8]},"faces":{"up":{"uv":[2,2,4,4],"rotation":270,"texture":"#1"},"down":{"uv":[2,2,4,4],"rotation":90,"texture":"#1"}}},{"from":[14.3,7.8,9],"to":[16.3,9.8,9],"rotation":{"angle":-45,"axis":"z","origin":[15.3,8.3,8]},"faces":{"north":{"uv":[4,2,6,4],"texture":"#1"},"south":{"uv":[4,2,6,4],"texture":"#1"}}},{"from":[14.8,7.8,8],"to":[15.8,9.8,8],"rotation":{"angle":-45,"axis":"z","origin":[15.3,8.3,8]},"faces":{"north":{"uv":[7,2,8,4],"texture":"#1"},"south":{"uv":[7,2,8,4],"texture":"#1"}}},{"from":[14.3,7.8,7],"to":[16.3,9.8,7],"rotation":{"angle":-45,"axis":"z","origin":[15.3,8.3,8]},"faces":{"north":{"uv":[0,2,2,4],"texture":"#1"},"south":{"uv":[0,2,2,4],"texture":"#1"}}},{"from":[16.3,7.8,7],"to":[16.3,9.8,9],"rotation":{"angle":-45,"axis":"z","origin":[15.3,8.3,8]},"faces":{"east":{"uv":[4,4,6,2],"texture":"#1"},"west":{"uv":[4,4,6,2],"texture":"#1"}}},{"from":[14.3,7.8,7],"to":[14.3,9.8,9],"rotation":{"angle":-45,"axis":"z","origin":[15.3,8.3,8]},"faces":{"east":{"uv":[0,2,2,4],"texture":"#1"},"west":{"uv":[0,2,2,4],"texture":"#1"}}},{"from":[15.3,7.8,7.5],"to":[15.3,9.8,8.5],"rotation":{"angle":-45,"axis":"z","origin":[15.3,8.3,8]},"faces":{"east":{"uv":[7,2,8,4],"texture":"#1"},"west":{"uv":[7,2,8,4],"texture":"#1"}}},{"from":[13.3,12.8,7],"to":[15.3,12.8,9],"rotation":{"angle":-45,"axis":"z","origin":[14.3,13.3,8]},"faces":{"up":{"uv":[2,2,4,4],"rotation":270,"texture":"#1"},"down":{"uv":[2,2,4,4],"rotation":90,"texture":"#1"}}},{"from":[13.3,12.8,9],"to":[15.3,14.8,9],"rotation":{"angle":-45,"axis":"z","origin":[14.3,13.3,8]},"faces":{"north":{"uv":[4,2,6,4],"texture":"#1"},"south":{"uv":[4,2,6,4],"texture":"#1"}}},{"from":[13.8,12.8,8],"to":[14.8,14.8,8],"rotation":{"angle":-45,"axis":"z","origin":[14.3,13.3,8]},"faces":{"north":{"uv":[7,2,8,4],"texture":"#1"},"south":{"uv":[7,2,8,4],"texture":"#1"}}},{"from":[13.3,12.8,7],"to":[15.3,14.8,7],"rotation":{"angle":-45,"axis":"z","origin":[14.3,13.3,8]},"faces":{"north":{"uv":[0,2,2,4],"texture":"#1"},"south":{"uv":[0,2,2,4],"texture":"#1"}}},{"from":[15.3,12.8,7],"to":[15.3,14.8,9],"rotation":{"angle":-45,"axis":"z","origin":[14.3,13.3,8]},"faces":{"east":{"uv":[4,4,6,2],"texture":"#1"},"west":{"uv":[4,4,6,2],"texture":"#1"}}},{"from":[13.3,12.8,7],"to":[13.3,14.8,9],"rotation":{"angle":-45,"axis":"z","origin":[14.3,13.3,8]},"faces":{"east":{"uv":[0,2,2,4],"texture":"#1"},"west":{"uv":[0,2,2,4],"texture":"#1"}}},{"from":[14.3,12.8,7.5],"to":[14.3,14.8,8.5],"rotation":{"angle":-45,"axis":"z","origin":[14.3,13.3,8]},"faces":{"east":{"uv":[7,2,8,4],"texture":"#1"},"west":{"uv":[7,2,8,4],"texture":"#1"}}},{"from":[6.65355,16,12],"to":[8.65355,16,14],"rotation":{"angle":45,"axis":"x","origin":[7.65355,16,13]},"faces":{"up":{"uv":[2,2,4,4],"rotation":270,"texture":"#1"},"down":{"uv":[2,2,4,4],"rotation":90,"texture":"#1"}}},{"from":[6.65355,16,14],"to":[8.65355,18,14],"rotation":{"angle":45,"axis":"x","origin":[7.65355,16,13]},"faces":{"north":{"uv":[4,2,6,4],"texture":"#1"},"south":{"uv":[4,2,6,4],"texture":"#1"}}},{"from":[7.15355,16,13],"to":[8.15355,18,13],"rotation":{"angle":45,"axis":"x","origin":[7.65355,16,13]},"faces":{"north":{"uv":[7,2,8,4],"texture":"#1"},"south":{"uv":[7,2,8,4],"texture":"#1"}}},{"from":[6.65355,16,12],"to":[8.65355,18,12],"rotation":{"angle":45,"axis":"x","origin":[7.65355,16,13]},"faces":{"north":{"uv":[0,2,2,4],"texture":"#1"},"south":{"uv":[0,2,2,4],"texture":"#1"}}},{"from":[8.65355,16,12],"to":[8.65355,18,14],"rotation":{"angle":45,"axis":"x","origin":[7.65355,16,13]},"faces":{"east":{"uv":[4,4,6,2],"texture":"#1"},"west":{"uv":[4,4,6,2],"texture":"#1"}}},{"from":[6.65355,16,12],"to":[6.65355,18,14],"rotation":{"angle":45,"axis":"x","origin":[7.65355,16,13]},"faces":{"east":{"uv":[0,2,2,4],"texture":"#1"},"west":{"uv":[0,2,2,4],"texture":"#1"}}},{"from":[7.65355,16,12.5],"to":[7.65355,18,13.5],"rotation":{"angle":45,"axis":"x","origin":[7.65355,16,13]},"faces":{"east":{"uv":[7,2,8,4],"texture":"#1"},"west":{"uv":[7,2,8,4],"texture":"#1"}}},{"from":[6.65355,8,15],"to":[8.65355,8,17],"rotation":{"angle":45,"axis":"x","origin":[7.65355,8,16]},"faces":{"up":{"uv":[2,2,4,4],"rotation":270,"texture":"#1"},"down":{"uv":[2,2,4,4],"rotation":90,"texture":"#1"}}},{"from":[6.65355,8,17],"to":[8.65355,10,17],"rotation":{"angle":45,"axis":"x","origin":[7.65355,8,16]},"faces":{"north":{"uv":[4,2,6,4],"texture":"#1"},"south":{"uv":[4,2,6,4],"texture":"#1"}}},{"from":[7.15355,8,16],"to":[8.15355,10,16],"rotation":{"angle":45,"axis":"x","origin":[7.65355,8,16]},"faces":{"north":{"uv":[7,2,8,4],"texture":"#1"},"south":{"uv":[7,2,8,4],"texture":"#1"}}},{"from":[6.65355,8,15],"to":[8.65355,10,15],"rotation":{"angle":45,"axis":"x","origin":[7.65355,8,16]},"faces":{"north":{"uv":[0,2,2,4],"texture":"#1"},"south":{"uv":[0,2,2,4],"texture":"#1"}}},{"from":[8.65355,8,15],"to":[8.65355,10,17],"rotation":{"angle":45,"axis":"x","origin":[7.65355,8,16]},"faces":{"east":{"uv":[4,4,6,2],"texture":"#1"},"west":{"uv":[4,4,6,2],"texture":"#1"}}},{"from":[6.65355,8,15],"to":[6.65355,10,17],"rotation":{"angle":45,"axis":"x","origin":[7.65355,8,16]},"faces":{"east":{"uv":[0,2,2,4],"texture":"#1"},"west":{"uv":[0,2,2,4],"texture":"#1"}}},{"from":[7.65355,8,15.5],"to":[7.65355,10,16.5],"rotation":{"angle":45,"axis":"x","origin":[7.65355,8,16]},"faces":{"east":{"uv":[7,2,8,4],"texture":"#1"},"west":{"uv":[7,2,8,4],"texture":"#1"}}}]}