{"parent":"block/block","textures":{"particle":"block/small_dripleaf_top","top":"block/small_dripleaf_top","side":"block/small_dripleaf_side","stem":"block/small_dripleaf_stem_top"},"elements":[{"from":[4.5,0,8],"to":[11.5,14,8],"shade":false,"rotation":{"angle":-45,"axis":"y","origin":[8,8,8]},"faces":{"north":{"uv":[4,0,12,14],"texture":"#stem"},"south":{"uv":[4,0,12,14],"texture":"#stem"}}},{"from":[4.5,0,8],"to":[11.5,14,8],"shade":false,"rotation":{"angle":45,"axis":"y","origin":[8,8,8]},"faces":{"north":{"uv":[4,0,12,14],"texture":"#stem"},"south":{"uv":[4,0,12,14],"texture":"#stem"}}},{"from":[1.9,11,14.75],"to":[2.75,12,15],"faces":{"north":{"uv":[1,0,2,1],"texture":"#side"},"east":{"uv":[1,0,1.25,1],"texture":"#side"},"south":{"uv":[1,0,2,1],"texture":"#side"},"west":{"uv":[1,0,1.25,1],"texture":"#side"},"up":{"uv":[1,0,2,0.25],"texture":"#side"},"down":{"uv":[1,0,2,0.25],"texture":"#side"}}},{"from":[3.6,11,14.75],"to":[4.475,12,15],"faces":{"north":{"uv":[3,0,4,1],"texture":"#side"},"east":{"uv":[3,0,3.25,1],"texture":"#side"},"south":{"uv":[3,0,4,1],"texture":"#side"},"west":{"uv":[3,0,3.25,1],"texture":"#side"},"up":{"uv":[3,0,4,0.25],"texture":"#side"},"down":{"uv":[3,0,4,0.25],"texture":"#side"}}},{"from":[7.125,11,14.75],"to":[7.975,12,15],"faces":{"north":{"uv":[7,0,8,1],"texture":"#side"},"east":{"uv":[7,0,7.25,1],"texture":"#side"},"south":{"uv":[7,0,8,1],"texture":"#side"},"west":{"uv":[7,0,7.25,1],"texture":"#side"},"up":{"uv":[7,0,8,0.25],"texture":"#side"},"down":{"uv":[7,0,8,0.25],"texture":"#side"}}},{"from":[5.375,11,14.75],"to":[6.225,12,15],"faces":{"north":{"uv":[5,0,6,1],"texture":"#side"},"east":{"uv":[5,0,5.25,1],"texture":"#side"},"south":{"uv":[5,0,6,1],"texture":"#side"},"west":{"uv":[5,0,5.25,1],"texture":"#side"},"up":{"uv":[5,0,6,0.25],"texture":"#side"},"down":{"uv":[5,0,6,0.25],"texture":"#side"}}},{"from":[7.7625,11,13.2125],"to":[8.0125,12,14.0625],"faces":{"north":{"uv":[1,0,1.25,1],"texture":"#side"},"east":{"uv":[1,0,2,1],"texture":"#side"},"south":{"uv":[1,0,1.25,1],"texture":"#side"},"west":{"uv":[1,0,2,1],"texture":"#side"},"up":{"uv":[1,0,2,0.25],"rotation":270,"texture":"#side"},"down":{"uv":[1,0,2,0.25],"rotation":90,"texture":"#side"}}},{"from":[7.7625,11,11.4875],"to":[8.0125,12,12.3625],"faces":{"north":{"uv":[3,0,3.25,1],"texture":"#side"},"east":{"uv":[3,0,4,1],"texture":"#side"},"south":{"uv":[3,0,3.25,1],"texture":"#side"},"west":{"uv":[3,0,4,1],"texture":"#side"},"up":{"uv":[3,0,4,0.25],"rotation":270,"texture":"#side"},"down":{"uv":[3,0,4,0.25],"rotation":90,"texture":"#side"}}},{"from":[7.7625,11,7.9875],"to":[8.0125,12,8.8375],"faces":{"north":{"uv":[7,0,7.25,1],"texture":"#side"},"east":{"uv":[7,0,8,1],"texture":"#side"},"south":{"uv":[7,0,7.25,1],"texture":"#side"},"west":{"uv":[7,0,8,1],"texture":"#side"},"up":{"uv":[7,0,8,0.25],"rotation":270,"texture":"#side"},"down":{"uv":[7,0,8,0.25],"rotation":90,"texture":"#side"}}},{"from":[7.7625,11,9.7375],"to":[8.0125,12,10.5875],"faces":{"north":{"uv":[5,0,5.25,1],"texture":"#side"},"east":{"uv":[5,0,6,1],"texture":"#side"},"south":{"uv":[5,0,5.25,1],"texture":"#side"},"west":{"uv":[5,0,6,1],"texture":"#side"},"up":{"uv":[5,0,6,0.25],"rotation":270,"texture":"#side"},"down":{"uv":[5,0,6,0.25],"rotation":90,"texture":"#side"}}},{"from":[6.225,11,8],"to":[7.075,12,8.25],"faces":{"north":{"uv":[1,0,2,1],"texture":"#side"},"east":{"uv":[1,0,1.25,1],"texture":"#side"},"south":{"uv":[1,0,2,1],"texture":"#side"},"west":{"uv":[1,0,1.25,1],"texture":"#side"},"up":{"uv":[1,0,2,0.25],"rotation":180,"texture":"#side"},"down":{"uv":[1,0,2,0.25],"rotation":180,"texture":"#side"}}},{"from":[4.5,11,8],"to":[5.375,12,8.25],"faces":{"north":{"uv":[3,0,4,1],"texture":"#side"},"east":{"uv":[3,0,3.25,1],"texture":"#side"},"south":{"uv":[3,0,4,1],"texture":"#side"},"west":{"uv":[3,0,3.25,1],"texture":"#side"},"up":{"uv":[3,0,4,0.25],"rotation":180,"texture":"#side"},"down":{"uv":[3,0,4,0.25],"rotation":180,"texture":"#side"}}},{"from":[1,11,8],"to":[1.85,12,8.25],"faces":{"north":{"uv":[7,0,8,1],"texture":"#side"},"east":{"uv":[7,0,7.25,1],"texture":"#side"},"south":{"uv":[7,0,8,1],"texture":"#side"},"west":{"uv":[7,0,7.25,1],"texture":"#side"},"up":{"uv":[7,0,8,0.25],"rotation":180,"texture":"#side"},"down":{"uv":[7,0,8,0.25],"rotation":180,"texture":"#side"}}},{"from":[2.75,11,8],"to":[3.6,12,8.25],"faces":{"north":{"uv":[5,0,6,1],"texture":"#side"},"east":{"uv":[5,0,5.25,1],"texture":"#side"},"south":{"uv":[5,0,6,1],"texture":"#side"},"west":{"uv":[5,0,5.25,1],"texture":"#side"},"up":{"uv":[5,0,6,0.25],"rotation":180,"texture":"#side"},"down":{"uv":[5,0,6,0.25],"rotation":180,"texture":"#side"}}},{"from":[0.9875,11,8.9375],"to":[1.2375,12,9.7875],"faces":{"north":{"uv":[1,0,1.25,1],"texture":"#side"},"east":{"uv":[1,0,2,1],"texture":"#side"},"south":{"uv":[1,0,1.25,1],"texture":"#side"},"west":{"uv":[1,0,2,1],"texture":"#side"},"up":{"uv":[1,0,2,0.25],"rotation":90,"texture":"#side"},"down":{"uv":[1,0,2,0.25],"rotation":270,"texture":"#side"}}},{"from":[0.9875,11,10.6375],"to":[1.2375,12,11.5125],"faces":{"north":{"uv":[3,0,3.25,1],"texture":"#side"},"east":{"uv":[3,0,4,1],"texture":"#side"},"south":{"uv":[3,0,3.25,1],"texture":"#side"},"west":{"uv":[3,0,4,1],"texture":"#side"},"up":{"uv":[3,0,4,0.25],"rotation":90,"texture":"#side"},"down":{"uv":[3,0,4,0.25],"rotation":270,"texture":"#side"}}},{"from":[0.9875,11,14.1625],"to":[1.2375,12,15.0125],"faces":{"north":{"uv":[7,0,7.25,1],"texture":"#side"},"east":{"uv":[7,0,8,1],"texture":"#side"},"south":{"uv":[7,0,7.25,1],"texture":"#side"},"west":{"uv":[7,0,8,1],"texture":"#side"},"up":{"uv":[7,0,8,0.25],"rotation":90,"texture":"#side"},"down":{"uv":[7,0,8,0.25],"rotation":270,"texture":"#side"}}},{"from":[0.9875,11,12.4125],"to":[1.2375,12,13.2625],"faces":{"north":{"uv":[5,0,5.25,1],"texture":"#side"},"east":{"uv":[5,0,6,1],"texture":"#side"},"south":{"uv":[5,0,5.25,1],"texture":"#side"},"west":{"uv":[5,0,6,1],"texture":"#side"},"up":{"uv":[5,0,6,0.25],"rotation":90,"texture":"#side"},"down":{"uv":[5,0,6,0.25],"rotation":270,"texture":"#side"}}},{"from":[1,12,8],"to":[8,12.5,15],"faces":{"north":{"uv":[8,7,0,7.5],"texture":"#top"},"east":{"uv":[7.5,8,7,0],"rotation":90,"texture":"#top"},"south":{"uv":[0,0,8,0.5],"texture":"#top"},"west":{"uv":[0,0,0.5,8],"rotation":90,"texture":"#top"},"up":{"uv":[0,0,8,8],"rotation":270,"texture":"#top"},"down":{"uv":[0,0,8,8],"rotation":270,"texture":"#top"}}},{"from":[1,7,1.9],"to":[1.25,8,2.75],"faces":{"north":{"uv":[1,0,1.25,1],"texture":"#side"},"east":{"uv":[1,0,2,1],"texture":"#side"},"south":{"uv":[1,0,1.25,1],"texture":"#side"},"west":{"uv":[1,0,2,1],"texture":"#side"},"up":{"uv":[1,0,2,0.25],"rotation":90,"texture":"#side"},"down":{"uv":[1,0,2,0.25],"rotation":270,"texture":"#side"}}},{"from":[1,7,3.6],"to":[1.25,8,4.475],"faces":{"north":{"uv":[3,0,3.25,1],"texture":"#side"},"east":{"uv":[3,0,4,1],"texture":"#side"},"south":{"uv":[3,0,3.25,1],"texture":"#side"},"west":{"uv":[3,0,4,1],"texture":"#side"},"up":{"uv":[3,0,4,0.25],"rotation":90,"texture":"#side"},"down":{"uv":[3,0,4,0.25],"rotation":270,"texture":"#side"}}},{"from":[1,7,7.125],"to":[1.25,8,7.975],"faces":{"north":{"uv":[7,0,7.25,1],"texture":"#side"},"east":{"uv":[7,0,8,1],"texture":"#side"},"south":{"uv":[7,0,7.25,1],"texture":"#side"},"west":{"uv":[7,0,8,1],"texture":"#side"},"up":{"uv":[7,0,8,0.25],"rotation":90,"texture":"#side"},"down":{"uv":[7,0,8,0.25],"rotation":270,"texture":"#side"}}},{"from":[1,7,5.375],"to":[1.25,8,6.225],"faces":{"north":{"uv":[5,0,5.25,1],"texture":"#side"},"east":{"uv":[5,0,6,1],"texture":"#side"},"south":{"uv":[5,0,5.25,1],"texture":"#side"},"west":{"uv":[5,0,6,1],"texture":"#side"},"up":{"uv":[5,0,6,0.25],"rotation":90,"texture":"#side"},"down":{"uv":[5,0,6,0.25],"rotation":270,"texture":"#side"}}},{"from":[1.9375,7,7.7625],"to":[2.7875,8,8.0125],"faces":{"north":{"uv":[1,0,2,1],"texture":"#side"},"east":{"uv":[1,0,1.25,1],"texture":"#side"},"south":{"uv":[1,0,2,1],"texture":"#side"},"west":{"uv":[1,0,1.25,1],"texture":"#side"},"up":{"uv":[1,0,2,0.25],"texture":"#side"},"down":{"uv":[1,0,2,0.25],"texture":"#side"}}},{"from":[3.6375,7,7.7625],"to":[4.5125,8,8.0125],"faces":{"north":{"uv":[3,0,4,1],"texture":"#side"},"east":{"uv":[3,0,3.25,1],"texture":"#side"},"south":{"uv":[3,0,4,1],"texture":"#side"},"west":{"uv":[3,0,3.25,1],"texture":"#side"},"up":{"uv":[3,0,4,0.25],"texture":"#side"},"down":{"uv":[3,0,4,0.25],"texture":"#side"}}},{"from":[7.1625,7,7.7625],"to":[8.0125,8,8.0125],"faces":{"north":{"uv":[7,0,8,1],"texture":"#side"},"east":{"uv":[7,0,7.25,1],"texture":"#side"},"south":{"uv":[7,0,8,1],"texture":"#side"},"west":{"uv":[7,0,7.25,1],"texture":"#side"},"up":{"uv":[7,0,8,0.25],"texture":"#side"},"down":{"uv":[7,0,8,0.25],"texture":"#side"}}},{"from":[5.4125,7,7.7625],"to":[6.2625,8,8.0125],"faces":{"north":{"uv":[5,0,6,1],"texture":"#side"},"east":{"uv":[5,0,5.25,1],"texture":"#side"},"south":{"uv":[5,0,6,1],"texture":"#side"},"west":{"uv":[5,0,5.25,1],"texture":"#side"},"up":{"uv":[5,0,6,0.25],"texture":"#side"},"down":{"uv":[5,0,6,0.25],"texture":"#side"}}},{"from":[7.75,7,6.225],"to":[8,8,7.075],"faces":{"north":{"uv":[1,0,1.25,1],"texture":"#side"},"east":{"uv":[1,0,2,1],"texture":"#side"},"south":{"uv":[1,0,1.25,1],"texture":"#side"},"west":{"uv":[1,0,2,1],"texture":"#side"},"up":{"uv":[1,0,2,0.25],"rotation":270,"texture":"#side"},"down":{"uv":[1,0,2,0.25],"rotation":90,"texture":"#side"}}},{"from":[7.75,7,4.5],"to":[8,8,5.375],"faces":{"north":{"uv":[3,0,3.25,1],"texture":"#side"},"east":{"uv":[3,0,4,1],"texture":"#side"},"south":{"uv":[3,0,3.25,1],"texture":"#side"},"west":{"uv":[3,0,4,1],"texture":"#side"},"up":{"uv":[3,0,4,0.25],"rotation":270,"texture":"#side"},"down":{"uv":[3,0,4,0.25],"rotation":90,"texture":"#side"}}},{"from":[7.75,7,1],"to":[8,8,1.85],"faces":{"north":{"uv":[7,0,7.25,1],"texture":"#side"},"east":{"uv":[7,0,8,1],"texture":"#side"},"south":{"uv":[7,0,7.25,1],"texture":"#side"},"west":{"uv":[7,0,8,1],"texture":"#side"},"up":{"uv":[7,0,8,0.25],"rotation":270,"texture":"#side"},"down":{"uv":[7,0,8,0.25],"rotation":90,"texture":"#side"}}},{"from":[7.75,7,2.75],"to":[8,8,3.6],"faces":{"north":{"uv":[5,0,5.25,1],"texture":"#side"},"east":{"uv":[5,0,6,1],"texture":"#side"},"south":{"uv":[5,0,5.25,1],"texture":"#side"},"west":{"uv":[5,0,6,1],"texture":"#side"},"up":{"uv":[5,0,6,0.25],"rotation":270,"texture":"#side"},"down":{"uv":[5,0,6,0.25],"rotation":90,"texture":"#side"}}},{"from":[6.2125,7,0.9875],"to":[7.0625,8,1.2375],"faces":{"north":{"uv":[1,0,2,1],"texture":"#side"},"east":{"uv":[1,0,1.25,1],"texture":"#side"},"south":{"uv":[1,0,2,1],"texture":"#side"},"west":{"uv":[1,0,1.25,1],"texture":"#side"},"up":{"uv":[1,0,2,0.25],"rotation":180,"texture":"#side"},"down":{"uv":[1,0,2,0.25],"rotation":180,"texture":"#side"}}},{"from":[4.4875,7,0.9875],"to":[5.3625,8,1.2375],"faces":{"north":{"uv":[3,0,4,1],"texture":"#side"},"east":{"uv":[3,0,3.25,1],"texture":"#side"},"south":{"uv":[3,0,4,1],"texture":"#side"},"west":{"uv":[3,0,3.25,1],"texture":"#side"},"up":{"uv":[3,0,4,0.25],"rotation":180,"texture":"#side"},"down":{"uv":[3,0,4,0.25],"rotation":180,"texture":"#side"}}},{"from":[0.9875,7,0.9875],"to":[1.8375,8,1.2375],"faces":{"north":{"uv":[7,0,8,1],"texture":"#side"},"east":{"uv":[7,0,7.25,1],"texture":"#side"},"south":{"uv":[7,0,8,1],"texture":"#side"},"west":{"uv":[7,0,7.25,1],"texture":"#side"},"up":{"uv":[7,0,8,0.25],"rotation":180,"texture":"#side"},"down":{"uv":[7,0,8,0.25],"rotation":180,"texture":"#side"}}},{"from":[2.7375,7,0.9875],"to":[3.5875,8,1.2375],"faces":{"north":{"uv":[5,0,6,1],"texture":"#side"},"east":{"uv":[5,0,5.25,1],"texture":"#side"},"south":{"uv":[5,0,6,1],"texture":"#side"},"west":{"uv":[5,0,5.25,1],"texture":"#side"},"up":{"uv":[5,0,6,0.25],"rotation":180,"texture":"#side"},"down":{"uv":[5,0,6,0.25],"rotation":180,"texture":"#side"}}},{"from":[1,8,1],"to":[8,8.5,8],"faces":{"north":{"uv":[0,0,0.5,8],"rotation":90,"texture":"#top"},"east":{"uv":[8,7,0,7.5],"texture":"#top"},"south":{"uv":[7.5,8,7,0],"rotation":90,"texture":"#top"},"west":{"uv":[0,0,8,0.5],"texture":"#top"},"up":{"uv":[0,0,8,8],"texture":"#top"},"down":{"uv":[0,0,8,8],"rotation":180,"texture":"#top"}}},{"from":[14.75,2,13.25],"to":[15,3,14.1],"faces":{"north":{"uv":[1,0,1.25,1],"texture":"#side"},"east":{"uv":[1,0,2,1],"texture":"#side"},"south":{"uv":[1,0,1.25,1],"texture":"#side"},"west":{"uv":[1,0,2,1],"texture":"#side"},"up":{"uv":[1,0,2,0.25],"rotation":270,"texture":"#side"},"down":{"uv":[1,0,2,0.25],"rotation":90,"texture":"#side"}}},{"from":[14.75,2,11.525],"to":[15,3,12.4],"faces":{"north":{"uv":[3,0,3.25,1],"texture":"#side"},"east":{"uv":[3,0,4,1],"texture":"#side"},"south":{"uv":[3,0,3.25,1],"texture":"#side"},"west":{"uv":[3,0,4,1],"texture":"#side"},"up":{"uv":[3,0,4,0.25],"rotation":270,"texture":"#side"},"down":{"uv":[3,0,4,0.25],"rotation":90,"texture":"#side"}}},{"from":[14.75,2,8.025],"to":[15,3,8.875],"faces":{"north":{"uv":[7,0,7.25,1],"texture":"#side"},"east":{"uv":[7,0,8,1],"texture":"#side"},"south":{"uv":[7,0,7.25,1],"texture":"#side"},"west":{"uv":[7,0,8,1],"texture":"#side"},"up":{"uv":[7,0,8,0.25],"rotation":270,"texture":"#side"},"down":{"uv":[7,0,8,0.25],"rotation":90,"texture":"#side"}}},{"from":[14.75,2,9.775],"to":[15,3,10.625],"faces":{"north":{"uv":[5,0,5.25,1],"texture":"#side"},"east":{"uv":[5,0,6,1],"texture":"#side"},"south":{"uv":[5,0,5.25,1],"texture":"#side"},"west":{"uv":[5,0,6,1],"texture":"#side"},"up":{"uv":[5,0,6,0.25],"rotation":270,"texture":"#side"},"down":{"uv":[5,0,6,0.25],"rotation":90,"texture":"#side"}}},{"from":[13.2125,2,7.9875],"to":[14.0625,3,8.2375],"faces":{"north":{"uv":[1,0,2,1],"texture":"#side"},"east":{"uv":[1,0,1.25,1],"texture":"#side"},"south":{"uv":[1,0,2,1],"texture":"#side"},"west":{"uv":[1,0,1.25,1],"texture":"#side"},"up":{"uv":[1,0,2,0.25],"rotation":180,"texture":"#side"},"down":{"uv":[1,0,2,0.25],"rotation":180,"texture":"#side"}}},{"from":[11.4875,2,7.9875],"to":[12.3625,3,8.2375],"faces":{"north":{"uv":[3,0,4,1],"texture":"#side"},"east":{"uv":[3,0,3.25,1],"texture":"#side"},"south":{"uv":[3,0,4,1],"texture":"#side"},"west":{"uv":[3,0,3.25,1],"texture":"#side"},"up":{"uv":[3,0,4,0.25],"rotation":180,"texture":"#side"},"down":{"uv":[3,0,4,0.25],"rotation":180,"texture":"#side"}}},{"from":[7.9875,2,7.9875],"to":[8.8375,3,8.2375],"faces":{"north":{"uv":[7,0,8,1],"texture":"#side"},"east":{"uv":[7,0,7.25,1],"texture":"#side"},"south":{"uv":[7,0,8,1],"texture":"#side"},"west":{"uv":[7,0,7.25,1],"texture":"#side"},"up":{"uv":[7,0,8,0.25],"rotation":180,"texture":"#side"},"down":{"uv":[7,0,8,0.25],"rotation":180,"texture":"#side"}}},{"from":[9.7375,2,7.9875],"to":[10.5875,3,8.2375],"faces":{"north":{"uv":[5,0,6,1],"texture":"#side"},"east":{"uv":[5,0,5.25,1],"texture":"#side"},"south":{"uv":[5,0,6,1],"texture":"#side"},"west":{"uv":[5,0,5.25,1],"texture":"#side"},"up":{"uv":[5,0,6,0.25],"rotation":180,"texture":"#side"},"down":{"uv":[5,0,6,0.25],"rotation":180,"texture":"#side"}}},{"from":[8,2,8.925],"to":[8.25,3,9.775],"faces":{"north":{"uv":[1,0,1.25,1],"texture":"#side"},"east":{"uv":[1,0,2,1],"texture":"#side"},"south":{"uv":[1,0,1.25,1],"texture":"#side"},"west":{"uv":[1,0,2,1],"texture":"#side"},"up":{"uv":[1,0,2,0.25],"rotation":90,"texture":"#side"},"down":{"uv":[1,0,2,0.25],"rotation":270,"texture":"#side"}}},{"from":[8,2,10.625],"to":[8.25,3,11.5],"faces":{"north":{"uv":[3,0,3.25,1],"texture":"#side"},"east":{"uv":[3,0,4,1],"texture":"#side"},"south":{"uv":[3,0,3.25,1],"texture":"#side"},"west":{"uv":[3,0,4,1],"texture":"#side"},"up":{"uv":[3,0,4,0.25],"rotation":90,"texture":"#side"},"down":{"uv":[3,0,4,0.25],"rotation":270,"texture":"#side"}}},{"from":[8,2,14.15],"to":[8.25,3,15],"faces":{"north":{"uv":[7,0,7.25,1],"texture":"#side"},"east":{"uv":[7,0,8,1],"texture":"#side"},"south":{"uv":[7,0,7.25,1],"texture":"#side"},"west":{"uv":[7,0,8,1],"texture":"#side"},"up":{"uv":[7,0,8,0.25],"rotation":90,"texture":"#side"},"down":{"uv":[7,0,8,0.25],"rotation":270,"texture":"#side"}}},{"from":[8,2,12.4],"to":[8.25,3,13.25],"faces":{"north":{"uv":[5,0,5.25,1],"texture":"#side"},"east":{"uv":[5,0,6,1],"texture":"#side"},"south":{"uv":[5,0,5.25,1],"texture":"#side"},"west":{"uv":[5,0,6,1],"texture":"#side"},"up":{"uv":[5,0,6,0.25],"rotation":90,"texture":"#side"},"down":{"uv":[5,0,6,0.25],"rotation":270,"texture":"#side"}}},{"from":[8.9375,2,14.7625],"to":[9.7875,3,15.0125],"faces":{"north":{"uv":[1,0,2,1],"texture":"#side"},"east":{"uv":[1,0,1.25,1],"texture":"#side"},"south":{"uv":[1,0,2,1],"texture":"#side"},"west":{"uv":[1,0,1.25,1],"texture":"#side"},"up":{"uv":[1,0,2,0.25],"texture":"#side"},"down":{"uv":[1,0,2,0.25],"texture":"#side"}}},{"from":[10.6375,2,14.7625],"to":[11.5125,3,15.0125],"faces":{"north":{"uv":[3,0,4,1],"texture":"#side"},"east":{"uv":[3,0,3.25,1],"texture":"#side"},"south":{"uv":[3,0,4,1],"texture":"#side"},"west":{"uv":[3,0,3.25,1],"texture":"#side"},"up":{"uv":[3,0,4,0.25],"texture":"#side"},"down":{"uv":[3,0,4,0.25],"texture":"#side"}}},{"from":[14.1625,2,14.7625],"to":[15.0125,3,15.0125],"faces":{"north":{"uv":[7,0,8,1],"texture":"#side"},"east":{"uv":[7,0,7.25,1],"texture":"#side"},"south":{"uv":[7,0,8,1],"texture":"#side"},"west":{"uv":[7,0,7.25,1],"texture":"#side"},"up":{"uv":[7,0,8,0.25],"texture":"#side"},"down":{"uv":[7,0,8,0.25],"texture":"#side"}}},{"from":[12.4125,2,14.7625],"to":[13.2625,3,15.0125],"faces":{"north":{"uv":[5,0,6,1],"texture":"#side"},"east":{"uv":[5,0,5.25,1],"texture":"#side"},"south":{"uv":[5,0,6,1],"texture":"#side"},"west":{"uv":[5,0,5.25,1],"texture":"#side"},"up":{"uv":[5,0,6,0.25],"texture":"#side"},"down":{"uv":[5,0,6,0.25],"texture":"#side"}}},{"from":[8,3,8],"to":[15,3.5,15],"faces":{"north":{"uv":[7.5,8,7,0],"rotation":90,"texture":"#top"},"east":{"uv":[0,0,8,0.5],"texture":"#top"},"south":{"uv":[0,0,0.5,8],"rotation":90,"texture":"#top"},"west":{"uv":[8,7,0,7.5],"texture":"#top"},"up":{"uv":[0,0,8,8],"rotation":180,"texture":"#top"},"down":{"uv":[0,0,8,8],"texture":"#top"}}}]}