{"credit":"Made with Blockbench by Valdr687","textures":{"0":"block/spruce_sapling","particle":"block/spruce_sapling"},"elements":[{"from":[7.5,0,7.5],"to":[8.5,14,8.5],"faces":{"north":{"uv":[7,2,8,16],"texture":"#0"},"east":{"uv":[7,2,8,16],"texture":"#0"},"south":{"uv":[7,2,8,16],"texture":"#0"},"west":{"uv":[7,2,8,16],"texture":"#0"},"up":{"uv":[7,2,8,3],"texture":"#0"},"down":{"uv":[7,15,8,16],"texture":"#0"}}},{"from":[8,1,8.5],"to":[8,16,13.5],"rotation":{"angle":45,"axis":"y","origin":[8,10.66667,8]},"faces":{"east":{"uv":[14,0,9,15],"texture":"#0"},"west":{"uv":[8,0,13,15],"texture":"#0"}}},{"from":[8,1,2.5],"to":[8,16,7.5],"rotation":{"angle":45,"axis":"y","origin":[8,10.66667,8]},"faces":{"east":{"uv":[7,0,2,15],"texture":"#0"},"west":{"uv":[2,0,7,15],"texture":"#0"}}},{"from":[8,14,7.5],"to":[8,16,8.5],"rotation":{"angle":45,"axis":"y","origin":[8,10.66667,8]},"faces":{"north":{"uv":[3,0,8,15],"texture":"#0"},"east":{"uv":[7,0,8,2],"texture":"#0"},"south":{"uv":[3,0,8,15],"texture":"#0"},"west":{"uv":[7,0,8,2],"texture":"#0"},"up":{"uv":[3,0,8,15],"texture":"#0"},"down":{"uv":[3,0,8,15],"texture":"#0"}}},{"from":[8,14,7.5],"to":[8,16,8.5],"rotation":{"angle":-45,"axis":"y","origin":[8,10.66667,8]},"faces":{"east":{"uv":[7,0,8,2],"texture":"#0"},"west":{"uv":[7,0,8,2],"texture":"#0"}}},{"from":[8,1,8.5],"to":[8,16,13.5],"rotation":{"angle":-45,"axis":"y","origin":[8,10.66667,8]},"faces":{"east":{"uv":[14,0,9,15],"texture":"#0"},"west":{"uv":[9,0,14,15],"texture":"#0"}}},{"from":[8,1,2.5],"to":[8,16,7.5],"rotation":{"angle":-45,"axis":"y","origin":[8,10.66667,8]},"faces":{"east":{"uv":[7,0,2,15],"texture":"#0"},"west":{"uv":[2,0,7,15],"texture":"#0"}}}]}