{
	"credit": "Made with Blockbench",
	"ambientocclusion": false,
	"textures": {
		"particle": "#stem"
	},
	"elements": [
		{
			"from": [7, 1, 6],
			"to": [9, 3, 8],
			"faces": {
				"north": {"uv": [6, 2, 8, 4], "texture": "#stem", "tintindex": 0},
				"east": {"uv": [6, 2, 8, 4], "texture": "#stem", "tintindex": 0},
				"south": {"uv": [6, 2, 8, 4], "texture": "#stem", "tintindex": 0},
				"west": {"uv": [6, 2, 8, 4], "texture": "#stem", "tintindex": 0},
				"up": {"uv": [6, 2, 8, 4], "texture": "#stem", "tintindex": 0},
				"down": {"uv": [6, 2, 8, 4], "texture": "#stem", "tintindex": 0}
			}
		},
		{
			"from": [7, -1, 7],
			"to": [9, 0, 9],
			"faces": {
				"north": {"uv": [7, 9, 9, 10], "texture": "#stem", "tintindex": 0},
				"east": {"uv": [7, 9, 9, 10], "texture": "#stem", "tintindex": 0},
				"south": {"uv": [7, 9, 9, 10], "texture": "#stem", "tintindex": 0},
				"west": {"uv": [7, 9, 9, 10], "texture": "#stem", "tintindex": 0},
				"up": {"uv": [7, 9, 9, 11], "texture": "#stem", "tintindex": 0},
				"down": {"uv": [7, 9, 9, 11], "texture": "#stem", "tintindex": 0}
			}
		},
		{
			"from": [7, 3, 6],
			"to": [9, 4, 7],
			"faces": {
				"north": {"uv": [7, 6, 9, 7], "texture": "#stem", "tintindex": 0},
				"east": {"uv": [7, 6, 8, 7], "texture": "#stem", "tintindex": 0},
				"south": {"uv": [7, 6, 9, 7], "texture": "#stem", "tintindex": 0},
				"west": {"uv": [7, 6, 8, 7], "texture": "#stem", "tintindex": 0},
				"up": {"uv": [7, 6, 9, 7], "texture": "#stem", "tintindex": 0}
			}
		},
		{
			"from": [7, 0, 7],
			"to": [9, 1, 8],
			"faces": {
				"north": {"uv": [7, 8, 9, 9], "texture": "#stem", "tintindex": 0},
				"east": {"uv": [7, 8, 8, 9], "texture": "#stem", "tintindex": 0},
				"south": {"uv": [7, 8, 9, 9], "texture": "#stem", "tintindex": 0},
				"west": {"uv": [7, 8, 8, 9], "texture": "#stem", "tintindex": 0},
				"up": {"uv": [7, 8, 9, 9], "texture": "#stem", "tintindex": 0},
				"down": {"uv": [7, 8, 9, 9], "texture": "#stem"}
			}
		}
	]
}