{
	"credit": "Made with Blockbench",
	"ambientocclusion": false,
	"textures": {
		"particle": "#stem"
	},
	"elements": [
		{
			"from": [0, -1, 8],
			"to": [16, 2, 8],
			"rotation": {"angle": 45, "axis": "y", "origin": [8, 8, 8]},
			"faces": {
				"north": {"uv": [0, 5, 16, 8], "texture": "#stem", "tintindex": 0},
				"south": {"uv": [16, 5, 0, 8], "texture": "#stem", "tintindex": 0}
			}
		},
		{
			"from": [8, -1, 0],
			"to": [8, 2, 16],
			"rotation": {"angle": 45, "axis": "y", "origin": [8, 8, 8]},
			"faces": {
				"east": {"uv": [16, 5, 0, 8], "texture": "#stem", "tintindex": 0},
				"west": {"uv": [0, 5, 16, 8], "texture": "#stem", "tintindex": 0}
			}
		},
		{
			"from": [7, 3, 6],
			"to": [9, 5, 8],
			"faces": {
				"north": {"uv": [6, 2, 8, 4], "texture": "#stem", "tintindex": 0},
				"east": {"uv": [6, 2, 8, 4], "texture": "#stem", "tintindex": 0},
				"south": {"uv": [6, 2, 8, 4], "texture": "#stem", "tintindex": 0},
				"west": {"uv": [6, 2, 8, 4], "texture": "#stem", "tintindex": 0},
				"up": {"uv": [6, 2, 8, 4], "texture": "#stem", "tintindex": 0},
				"down": {"uv": [6, 2, 8, 4], "texture": "#stem", "tintindex": 0}
			}
		},
		{
			"from": [7, -1, 7],
			"to": [9, 2, 9],
			"faces": {
				"north": {"uv": [7, 11, 9, 14], "texture": "#stem", "tintindex": 0},
				"east": {"uv": [7, 11, 9, 14], "texture": "#stem", "tintindex": 0},
				"south": {"uv": [7, 11, 9, 14], "texture": "#stem", "tintindex": 0},
				"west": {"uv": [7, 11, 9, 14], "texture": "#stem", "tintindex": 0},
				"up": {"uv": [7, 11, 9, 13], "texture": "#stem", "tintindex": 0},
				"down": {"uv": [7, 11, 9, 13], "texture": "#stem", "tintindex": 0}
			}
		},
		{
			"from": [7, 5, 6],
			"to": [9, 6, 7],
			"faces": {
				"north": {"uv": [7, 6, 9, 7], "texture": "#stem", "tintindex": 0},
				"east": {"uv": [7, 6, 8, 7], "texture": "#stem", "tintindex": 0},
				"south": {"uv": [7, 6, 9, 7], "texture": "#stem", "tintindex": 0},
				"west": {"uv": [7, 6, 8, 7], "texture": "#stem", "tintindex": 0},
				"up": {"uv": [7, 6, 9, 7], "texture": "#stem", "tintindex": 0}
			}
		},
		{
			"from": [7, 2, 7],
			"to": [9, 3, 8],
			"faces": {
				"north": {"uv": [7, 8, 9, 9], "texture": "#stem", "tintindex": 0},
				"east": {"uv": [7, 8, 8, 9], "texture": "#stem", "tintindex": 0},
				"south": {"uv": [7, 8, 9, 9], "texture": "#stem", "tintindex": 0},
				"west": {"uv": [7, 8, 8, 9], "texture": "#stem", "tintindex": 0},
				"up": {"uv": [7, 8, 9, 9], "texture": "#stem", "tintindex": 0},
				"down": {"uv": [7, 8, 9, 9], "texture": "#stem"}
			}
		}
	]
}