{
	"credit": "Made with Blockbench",
	"ambientocclusion": false,
	"textures": {
		"particle": "#stem"
	},
	"elements": [
		{
			"from": [0, -1, 8],
			"to": [16, 7, 8],
			"rotation": {"angle": 45, "axis": "y", "origin": [8, 8, 8], "rescale": true},
			"faces": {
				"north": {"uv": [0, 0, 16, 8], "texture": "#stem", "tintindex": 0},
				"south": {"uv": [16, 0, 0, 8], "texture": "#stem", "tintindex": 0}
			}
		},
		{
			"from": [8, -1, 0],
			"to": [8, 7, 16],
			"rotation": {"angle": 45, "axis": "y", "origin": [8, 8, 8], "rescale": true},
			"faces": {
				"east": {"uv": [16, 0, 0, 8], "texture": "#stem", "tintindex": 0},
				"west": {"uv": [0, 0, 16, 8], "texture": "#stem", "tintindex": 0}
			}
		},
		{
			"from": [0, -1, 8],
			"to": [9, 15, 8],
			"faces": {
				"north": {"uv": [9, 0, 0, 16], "texture": "#upperstem", "tintindex": 0},
				"south": {"uv": [0, 0, 9, 16], "texture": "#upperstem", "tintindex": 0}
			}
		},
		{
			"from": [7, -1, 7],
			"to": [9, 5, 9],
			"faces": {
				"north": {"uv": [7, 10, 9, 16], "texture": "#upperstem", "tintindex": 0},
				"east": {"uv": [7, 10, 9, 16], "texture": "#upperstem", "tintindex": 0},
				"south": {"uv": [7, 10, 9, 16], "texture": "#upperstem", "tintindex": 0},
				"west": {"uv": [7, 10, 9, 16], "texture": "#upperstem", "tintindex": 0},
				"up": {"uv": [7, 10, 9, 12], "texture": "#upperstem", "tintindex": 0},
				"down": {"uv": [7, 14, 9, 16], "texture": "#upperstem", "tintindex": 0}
			}
		},
		{
			"from": [4, 5, 7],
			"to": [8, 7, 9],
			"faces": {
				"north": {"uv": [4, 8, 8, 10], "texture": "#upperstem", "tintindex": 0},
				"east": {"uv": [6, 8, 8, 10], "texture": "#upperstem", "tintindex": 0},
				"south": {"uv": [4, 8, 8, 10], "texture": "#upperstem", "tintindex": 0},
				"west": {"uv": [4, 8, 6, 10], "texture": "#upperstem", "tintindex": 0},
				"up": {"uv": [4, 8, 8, 10], "texture": "#upperstem", "tintindex": 0},
				"down": {"uv": [4, 8, 8, 10], "texture": "#upperstem", "tintindex": 0}
			}
		},
		{
			"from": [0, 7, 7],
			"to": [5, 8, 9],
			"faces": {
				"north": {"uv": [0, 7, 5, 8], "texture": "#upperstem", "tintindex": 0},
				"east": {"uv": [2, 7, 4, 8], "texture": "#upperstem", "tintindex": 0},
				"south": {"uv": [0, 7, 5, 8], "texture": "#upperstem", "tintindex": 0},
				"west": {"uv": [0, 7, 2, 8], "texture": "#upperstem", "tintindex": 0},
				"up": {"uv": [7, 11, 9, 16], "rotation": 90, "texture": "#upperstem", "tintindex": 0},
				"down": {"uv": [7, 10, 9, 15], "rotation": 90, "texture": "#upperstem", "tintindex": 0}
			}
		},
		{
			"from": [0, 8, 7],
			"to": [3, 9, 9],
			"faces": {
				"north": {"uv": [0, 6, 3, 7], "texture": "#upperstem", "tintindex": 0},
				"east": {"uv": [1, 6, 3, 7], "texture": "#upperstem", "tintindex": 0},
				"south": {"uv": [0, 6, 3, 7], "texture": "#upperstem", "tintindex": 0},
				"west": {"uv": [0, 6, 2, 7], "texture": "#upperstem", "tintindex": 0},
				"up": {"uv": [7, 11, 9, 14], "rotation": 90, "texture": "#upperstem", "tintindex": 0},
				"down": {"uv": [7, 10, 9, 13], "rotation": 90, "texture": "#upperstem", "tintindex": 0}
			}
		}
	]
}