{
	"credit": "Made with Blockbench",
	"ambientocclusion": false,
	"textures": {
		"particle": "#stem"
	},
	"elements": [
		{
			"from": [7, -1, 6],
			"to": [9, 1, 8],
			"faces": {
				"north": {"uv": [6, 2, 8, 4], "texture": "#stem", "tintindex": 0},
				"east": {"uv": [6, 2, 8, 4], "texture": "#stem", "tintindex": 0},
				"south": {"uv": [6, 2, 8, 4], "texture": "#stem", "tintindex": 0},
				"west": {"uv": [6, 2, 8, 4], "texture": "#stem", "tintindex": 0},
				"up": {"uv": [6, 2, 8, 4], "texture": "#stem", "tintindex": 0},
				"down": {"uv": [6, 2, 8, 4], "texture": "#stem", "tintindex": 0}
			}
		},
		{
			"from": [7, 1, 6],
			"to": [9, 2, 7],
			"faces": {
				"north": {"uv": [7, 6, 9, 7], "texture": "#stem", "tintindex": 0},
				"east": {"uv": [7, 6, 8, 7], "texture": "#stem", "tintindex": 0},
				"south": {"uv": [7, 6, 9, 7], "texture": "#stem", "tintindex": 0},
				"west": {"uv": [7, 6, 8, 7], "texture": "#stem", "tintindex": 0},
				"up": {"uv": [7, 6, 9, 7], "texture": "#stem", "tintindex": 0}
			}
		}
	]
}