{
	"credit": "Made with Blockbench by Valdr687",
	"parent": "minecraft:block/tinted_cross",
	"textures": {
		"particle": "block/sugar_cane",
		"cross": "block/sugar_cane"
	},
	"elements": [
		{
			"from": [2, 0, 3],
			"to": [4, 16, 5],
			"faces": {
				"north": {"uv": [1, 0, 3, 16], "texture": "#cross"},
				"east": {"uv": [1, 0, 3, 16], "texture": "#cross"},
				"south": {"uv": [1, 0, 3, 16], "texture": "#cross"},
				"west": {"uv": [1, 0, 3, 16], "texture": "#cross"},
				"up": {"uv": [1, 0, 3, 2], "texture": "#cross"},
				"down": {"uv": [1, 14, 3, 16], "texture": "#cross"}
			}
		},
		{
			"from": [3, 6, 2],
			"to": [3, 8, 3],
			"faces": {
				"north": {"uv": [0, 8, 1, 10], "texture": "#cross"},
				"east": {"uv": [0, 8, 1, 10], "texture": "#cross"},
				"south": {"uv": [0, 8, 1, 10], "texture": "#cross"},
				"west": {"uv": [0, 8, 1, 10], "texture": "#cross"},
				"up": {"uv": [0, 8, 1, 9], "texture": "#cross"},
				"down": {"uv": [0, 8, 1, 9], "texture": "#cross"}
			}
		},
		{
			"from": [3, 12, 5],
			"to": [3, 14, 6],
			"faces": {
				"north": {"uv": [0, 8, 1, 10], "texture": "#cross"},
				"east": {"uv": [0, 8, 1, 10], "texture": "#cross"},
				"south": {"uv": [0, 8, 1, 10], "texture": "#cross"},
				"west": {"uv": [0, 8, 1, 10], "texture": "#cross"},
				"up": {"uv": [0, 8, 1, 9], "texture": "#cross"},
				"down": {"uv": [0, 8, 1, 9], "texture": "#cross"}
			}
		},
		{
			"from": [1, 5, 4],
			"to": [2, 6, 4],
			"faces": {
				"north": {"uv": [0, 8, 1, 9], "texture": "#cross"},
				"east": {"uv": [0, 8, 1, 9], "texture": "#cross"},
				"south": {"uv": [0, 8, 1, 9], "texture": "#cross"},
				"west": {"uv": [0, 8, 1, 9], "texture": "#cross"},
				"up": {"uv": [0, 8, 1, 9], "rotation": 270, "texture": "#cross"},
				"down": {"uv": [0, 8, 1, 9], "rotation": 90, "texture": "#cross"}
			}
		},
		{
			"from": [2, 0, 11],
			"to": [4, 16, 13],
			"faces": {
				"north": {"uv": [5, 0, 7, 16], "texture": "#cross"},
				"east": {"uv": [5, 0, 7, 16], "texture": "#cross"},
				"south": {"uv": [5, 0, 7, 16], "texture": "#cross"},
				"west": {"uv": [5, 0, 7, 16], "texture": "#cross"},
				"up": {"uv": [5, 0, 7, 2], "texture": "#cross"},
				"down": {"uv": [5, 14, 7, 16], "texture": "#cross"}
			}
		},
		{
			"from": [1, 14, 12],
			"to": [2, 15, 12],
			"faces": {
				"north": {"uv": [0, 8, 1, 9], "texture": "#cross"},
				"east": {"uv": [0, 8, 1, 9], "texture": "#cross"},
				"south": {"uv": [0, 8, 1, 9], "texture": "#cross"},
				"west": {"uv": [0, 8, 1, 9], "texture": "#cross"},
				"up": {"uv": [0, 8, 1, 9], "rotation": 270, "texture": "#cross"},
				"down": {"uv": [0, 8, 1, 9], "rotation": 90, "texture": "#cross"}
			}
		},
		{
			"from": [3, 11, 13],
			"to": [3, 13, 14],
			"faces": {
				"north": {"uv": [0, 8, 1, 10], "texture": "#cross"},
				"east": {"uv": [0, 8, 1, 10], "texture": "#cross"},
				"south": {"uv": [0, 8, 1, 10], "texture": "#cross"},
				"west": {"uv": [0, 8, 1, 10], "texture": "#cross"},
				"up": {"uv": [0, 8, 1, 9], "texture": "#cross"},
				"down": {"uv": [0, 8, 1, 9], "texture": "#cross"}
			}
		},
		{
			"from": [4, 6, 11.5],
			"to": [5, 8, 11.5],
			"faces": {
				"north": {"uv": [0, 8, 1, 10], "texture": "#cross"},
				"east": {"uv": [0, 8, 1, 10], "texture": "#cross"},
				"south": {"uv": [0, 8, 1, 10], "texture": "#cross"},
				"west": {"uv": [0, 8, 1, 10], "texture": "#cross"},
				"up": {"uv": [0, 8, 1, 9], "rotation": 90, "texture": "#cross"},
				"down": {"uv": [0, 8, 1, 9], "rotation": 270, "texture": "#cross"}
			}
		},
		{
			"from": [3, 5, 10],
			"to": [3, 6, 11],
			"faces": {
				"north": {"uv": [4, 10, 5, 11], "texture": "#cross"},
				"east": {"uv": [4, 10, 5, 11], "texture": "#cross"},
				"south": {"uv": [4, 10, 5, 11], "texture": "#cross"},
				"west": {"uv": [4, 10, 5, 11], "texture": "#cross"},
				"up": {"uv": [0, 8, 1, 9], "texture": "#cross"},
				"down": {"uv": [0, 8, 1, 9], "texture": "#cross"}
			}
		},
		{
			"from": [10, 0, 11],
			"to": [12, 16, 13],
			"faces": {
				"north": {"uv": [9, 0, 11, 16], "texture": "#cross"},
				"east": {"uv": [9, 0, 11, 16], "texture": "#cross"},
				"south": {"uv": [9, 0, 11, 16], "texture": "#cross"},
				"west": {"uv": [9, 0, 11, 16], "texture": "#cross"},
				"up": {"uv": [9, 0, 11, 2], "texture": "#cross"},
				"down": {"uv": [9, 14, 11, 16], "texture": "#cross"}
			}
		},
		{
			"from": [11, 4, 13],
			"to": [11, 6, 14],
			"faces": {
				"north": {"uv": [0, 8, 1, 10], "texture": "#cross"},
				"east": {"uv": [0, 8, 1, 10], "texture": "#cross"},
				"south": {"uv": [0, 8, 1, 10], "texture": "#cross"},
				"west": {"uv": [0, 8, 1, 10], "texture": "#cross"},
				"up": {"uv": [0, 8, 1, 9], "texture": "#cross"},
				"down": {"uv": [0, 8, 1, 9], "texture": "#cross"}
			}
		},
		{
			"from": [11, 13, 10],
			"to": [11, 14, 11],
			"faces": {
				"north": {"uv": [0, 8, 1, 9], "texture": "#cross"},
				"east": {"uv": [0, 8, 1, 9], "texture": "#cross"},
				"south": {"uv": [0, 8, 1, 9], "texture": "#cross"},
				"west": {"uv": [0, 8, 1, 9], "texture": "#cross"},
				"up": {"uv": [0, 8, 1, 9], "texture": "#cross"},
				"down": {"uv": [0, 8, 1, 9], "texture": "#cross"}
			}
		},
		{
			"from": [9, 5, 12],
			"to": [10, 6, 12],
			"faces": {
				"north": {"uv": [0, 8, 1, 9], "texture": "#cross"},
				"east": {"uv": [0, 8, 1, 9], "texture": "#cross"},
				"south": {"uv": [0, 8, 1, 9], "texture": "#cross"},
				"west": {"uv": [0, 8, 1, 9], "texture": "#cross"},
				"up": {"uv": [0, 8, 1, 9], "rotation": 270, "texture": "#cross"},
				"down": {"uv": [0, 8, 1, 9], "rotation": 90, "texture": "#cross"}
			}
		},
		{
			"from": [12, 12, 12],
			"to": [13, 14, 12],
			"faces": {
				"north": {"uv": [0, 8, 1, 10], "texture": "#cross"},
				"east": {"uv": [0, 8, 1, 10], "texture": "#cross"},
				"south": {"uv": [0, 8, 1, 10], "texture": "#cross"},
				"west": {"uv": [0, 8, 1, 10], "texture": "#cross"},
				"up": {"uv": [0, 8, 1, 9], "rotation": 270, "texture": "#cross"},
				"down": {"uv": [0, 8, 1, 9], "rotation": 90, "texture": "#cross"}
			}
		},
		{
			"from": [11, 3, 10],
			"to": [11, 5, 11],
			"faces": {
				"north": {"uv": [0, 8, 1, 10], "texture": "#cross"},
				"east": {"uv": [0, 8, 1, 10], "texture": "#cross"},
				"south": {"uv": [0, 8, 1, 10], "texture": "#cross"},
				"west": {"uv": [0, 8, 1, 10], "texture": "#cross"},
				"up": {"uv": [0, 8, 1, 9], "texture": "#cross"},
				"down": {"uv": [0, 8, 1, 9], "texture": "#cross"}
			}
		},
		{
			"from": [9, 0, 3],
			"to": [11, 16, 5],
			"faces": {
				"north": {"uv": [13, 0, 15, 16], "texture": "#cross"},
				"east": {"uv": [13, 0, 15, 16], "texture": "#cross"},
				"south": {"uv": [13, 0, 15, 16], "texture": "#cross"},
				"west": {"uv": [13, 0, 15, 16], "texture": "#cross"},
				"up": {"uv": [13, 0, 15, 2], "texture": "#cross"},
				"down": {"uv": [13, 14, 15, 16], "texture": "#cross"}
			}
		},
		{
			"from": [10, 5, 5],
			"to": [10, 6, 6],
			"faces": {
				"north": {"uv": [0, 8, 1, 9], "texture": "#cross"},
				"east": {"uv": [0, 8, 1, 9], "texture": "#cross"},
				"south": {"uv": [0, 8, 1, 9], "texture": "#cross"},
				"west": {"uv": [0, 8, 1, 9], "texture": "#cross"},
				"up": {"uv": [0, 8, 1, 9], "texture": "#cross"},
				"down": {"uv": [0, 8, 1, 9], "texture": "#cross"}
			}
		},
		{
			"from": [10, 8, 2],
			"to": [10, 10, 3],
			"faces": {
				"north": {"uv": [0, 8, 1, 10], "texture": "#cross"},
				"east": {"uv": [0, 8, 1, 10], "texture": "#cross"},
				"south": {"uv": [0, 8, 1, 10], "texture": "#cross"},
				"west": {"uv": [0, 8, 1, 10], "texture": "#cross"},
				"up": {"uv": [0, 8, 1, 9], "texture": "#cross"},
				"down": {"uv": [0, 8, 1, 9], "texture": "#cross"}
			}
		},
		{
			"from": [11, 11, 4],
			"to": [12, 13, 4],
			"faces": {
				"north": {"uv": [0, 8, 1, 10], "texture": "#cross"},
				"east": {"uv": [0, 8, 1, 10], "texture": "#cross"},
				"south": {"uv": [0, 8, 1, 10], "texture": "#cross"},
				"west": {"uv": [0, 8, 1, 10], "texture": "#cross"},
				"up": {"uv": [0, 8, 1, 9], "rotation": 270, "texture": "#cross"},
				"down": {"uv": [0, 8, 1, 9], "rotation": 90, "texture": "#cross"}
			}
		},
		{
			"from": [8, 4, 4],
			"to": [9, 6, 4],
			"faces": {
				"north": {"uv": [0, 8, 1, 10], "texture": "#cross"},
				"east": {"uv": [0, 8, 1, 10], "texture": "#cross"},
				"south": {"uv": [0, 8, 1, 10], "texture": "#cross"},
				"west": {"uv": [0, 8, 1, 10], "texture": "#cross"},
				"up": {"uv": [0, 8, 1, 9], "rotation": 270, "texture": "#cross"},
				"down": {"uv": [0, 8, 1, 9], "rotation": 90, "texture": "#cross"}
			}
		}
	]
}