{"credit":"Made with Blockbench by Valdr687","ambientocclusion":false,"textures":{"cross":"block/sunflower_top","back":"block/sunflower_back","particle":"block/sunflower_front","front":"block/sunflower_front"},"elements":[{"from":[8,0,4],"to":[8,8,7],"shade":false,"rotation":{"angle":45,"axis":"y","origin":[8,8,8]},"faces":{"east":{"uv":[7,8,4,16],"texture":"#cross"},"west":{"uv":[4,8,7,16],"texture":"#cross"}}},{"from":[8,0,9],"to":[8,8,12],"shade":false,"rotation":{"angle":45,"axis":"y","origin":[8,8,8]},"faces":{"east":{"uv":[12,8,9,16],"texture":"#cross"},"west":{"uv":[9,8,12,16],"texture":"#cross"}}},{"from":[9,0,8],"to":[12,8,8],"shade":false,"rotation":{"angle":45,"axis":"y","origin":[8,8,8]},"faces":{"north":{"uv":[12,8,9,16],"texture":"#cross"},"south":{"uv":[9,8,12,16],"texture":"#cross"}}},{"from":[4,0,8],"to":[7,8,8],"shade":false,"rotation":{"angle":45,"axis":"y","origin":[8,8,8]},"faces":{"north":{"uv":[7,8,4,16],"texture":"#cross"},"south":{"uv":[4,8,7,16],"texture":"#cross"}}},{"from":[7,0,7],"to":[9,10,9],"faces":{"north":{"uv":[7,6,9,16],"texture":"#cross"},"east":{"uv":[7,6,9,16],"texture":"#cross"},"south":{"uv":[7,6,9,16],"texture":"#cross"},"west":{"uv":[7,6,9,16],"texture":"#cross"},"up":{"uv":[7,6,9,8],"texture":"#cross"},"down":{"uv":[7,14,9,16],"texture":"#cross"}}},{"from":[12,5,4],"to":[12.5,9,5],"rotation":{"angle":22.5,"axis":"z","origin":[0,0,0]},"faces":{"north":{"uv":[11,6,11.5,10],"texture":"#back"},"east":{"uv":[11,6,12,10],"texture":"#front"},"west":{"uv":[11,6,12,10],"texture":"#back"},"up":{"uv":[11,6,12,6.5],"rotation":90,"texture":"#back"},"down":{"uv":[11,9,12,10],"rotation":90,"texture":"#back"}}},{"from":[12,4,5],"to":[12.5,10,6],"rotation":{"angle":22.5,"axis":"z","origin":[0,0,0]},"faces":{"north":{"uv":[10,5,10.5,11],"texture":"#back"},"east":{"uv":[10,5,11,11],"texture":"#front"},"west":{"uv":[10,5,11,11],"texture":"#back"},"up":{"uv":[10,5,11,5.5],"rotation":90,"texture":"#back"},"down":{"uv":[10,10,11,10.5],"rotation":90,"texture":"#back"}}},{"from":[12,3,6],"to":[12.5,11,10],"rotation":{"angle":22.5,"axis":"z","origin":[0,0,0]},"faces":{"north":{"uv":[9,4,9.5,12],"texture":"#back"},"east":{"uv":[6,4,10,12],"texture":"#front"},"south":{"uv":[6,4,6.5,12],"texture":"#back"},"west":{"uv":[6,4,10,12],"texture":"#back"},"up":{"uv":[6,4,10,5],"rotation":90,"texture":"#back"},"down":{"uv":[6,11,10,12],"rotation":90,"texture":"#back"}}},{"from":[12,4,10],"to":[12.5,10,11],"rotation":{"angle":22.5,"axis":"z","origin":[0,0,0]},"faces":{"east":{"uv":[5,5,6,11],"texture":"#front"},"south":{"uv":[5,5,5.5,11],"texture":"#back"},"west":{"uv":[5,5,6,11],"texture":"#back"},"up":{"uv":[5,5,6,5.5],"rotation":90,"texture":"#back"},"down":{"uv":[5,10,6,10.5],"rotation":90,"texture":"#back"}}},{"from":[12,5,11],"to":[12.5,9,12],"rotation":{"angle":22.5,"axis":"z","origin":[0,0,0]},"faces":{"east":{"uv":[4,6,5,10],"texture":"#front"},"south":{"uv":[4,6,4.5,10],"texture":"#back"},"west":{"uv":[4,6,5,10],"texture":"#back"},"up":{"uv":[4,6,5,6.5],"rotation":90,"texture":"#back"},"down":{"uv":[4,9,5,10],"rotation":90,"texture":"#back"}}}]}