{"credit":"Made with Blockbench by Valdr687","parent":"minecraft:block/cross","textures":{"cross":"block/sunflower_bottom"},"elements":[{"from":[7,0,7],"to":[9,16,9],"faces":{"north":{"uv":[7,0,9,16],"texture":"#cross"},"east":{"uv":[7,0,9,16],"texture":"#cross"},"south":{"uv":[7,0,9,16],"texture":"#cross"},"west":{"uv":[7,0,9,16],"texture":"#cross"},"up":{"uv":[7,0,9,2],"texture":"#cross"},"down":{"uv":[7,14,9,16],"texture":"#cross"}}},{"from":[9,0,8],"to":[12,16,8],"rotation":{"angle":45,"axis":"y","origin":[8,0,8]},"faces":{"north":{"uv":[12,0,9,16],"texture":"#cross"},"south":{"uv":[9,0,12,16],"texture":"#cross"}}},{"from":[4,0,8],"to":[7,16,8],"rotation":{"angle":45,"axis":"y","origin":[8,0,8]},"faces":{"north":{"uv":[7,0,4,16],"texture":"#cross"},"south":{"uv":[4,0,7,16],"texture":"#cross"}}},{"from":[8,0,4],"to":[8,16,7],"rotation":{"angle":45,"axis":"y","origin":[8,0,8]},"faces":{"east":{"uv":[9,0,12,16],"texture":"#cross"},"west":{"uv":[12,0,9,16],"texture":"#cross"}}},{"from":[8,0,9],"to":[8,16,12],"rotation":{"angle":45,"axis":"y","origin":[8,0,8]},"faces":{"east":{"uv":[4,0,7,16],"texture":"#cross"},"west":{"uv":[7,0,4,16],"texture":"#cross"}}}]}