{
	"credit": "Made with Blockbench by Valdr687",
	"parent": "minecraft:block/cross",
	"textures": {
		"particle": "block/sweet_berry_bush_stage0",
		"cross": "block/sweet_berry_bush_stage0"
	},
	"elements": [
		{
			"from": [4.5, 1, 4.5],
			"to": [11.5, 6, 11.5],
			"faces": {
				"north": {"uv": [5, 10, 12, 15], "texture": "#cross"},
				"west": {"uv": [5, 10, 12, 15], "texture": "#cross"},
				"up": {"uv": [0, 0, 7, 7], "texture": "#cross"},
				"down": {"uv": [0, 0, 7, 7], "texture": "#cross"}
			}
		},
		{
			"from": [11.5, 0, 3.5],
			"to": [11.5, 8, 13.5],
			"faces": {
				"east": {"uv": [3, 8, 13, 16], "texture": "#cross"},
				"west": {"uv": [3, 8, 13, 16], "texture": "#cross"}
			}
		},
		{
			"from": [4.475, 0, 3.5],
			"to": [4.475, 8, 13.5],
			"faces": {
				"east": {"uv": [3, 8, 13, 16], "texture": "#cross"},
				"west": {"uv": [3, 8, 13, 16], "texture": "#cross"}
			}
		},
		{
			"from": [3.5, 0, 11.5],
			"to": [13.5, 8, 11.5],
			"faces": {
				"north": {"uv": [3, 8, 13, 16], "texture": "#cross"},
				"south": {"uv": [3, 8, 13, 16], "texture": "#cross"}
			}
		},
		{
			"from": [3.5, 0, 4.475],
			"to": [13.5, 8, 4.475],
			"faces": {
				"north": {"uv": [3, 8, 13, 16], "texture": "#cross"},
				"south": {"uv": [3, 8, 13, 16], "texture": "#cross"}
			}
		}
	]
}