{"credit":"Made with Blockbench by Valdr687","parent":"block/block","ambientocclusion":false,"textures":{"particle":"block/flower_pot","flowerpot":"block/flower_pot","dirt":"block/podzol_top","azalea_plant":"block/potted_azalea_bush_plant"},"elements":[{"from":[5,0,5],"to":[6,6,11],"faces":{"north":{"uv":[10,10,11,16],"texture":"#flowerpot"},"east":{"uv":[5,10,11,16],"texture":"#flowerpot"},"south":{"uv":[5,10,6,16],"texture":"#flowerpot"},"west":{"uv":[5,10,11,16],"texture":"#flowerpot"},"up":{"uv":[5,5,6,11],"texture":"#flowerpot"},"down":{"uv":[5,5,6,11],"texture":"#flowerpot","cullface":"down"}}},{"from":[10,0,5],"to":[11,6,11],"faces":{"north":{"uv":[5,10,6,16],"texture":"#flowerpot"},"east":{"uv":[5,10,11,16],"texture":"#flowerpot"},"south":{"uv":[10,10,11,16],"texture":"#flowerpot"},"west":{"uv":[5,10,11,16],"texture":"#flowerpot"},"up":{"uv":[10,5,11,11],"texture":"#flowerpot"},"down":{"uv":[10,5,11,11],"texture":"#flowerpot","cullface":"down"}}},{"from":[6,0,5],"to":[10,6,6],"faces":{"north":{"uv":[6,10,10,16],"texture":"#flowerpot"},"south":{"uv":[6,10,10,16],"texture":"#flowerpot"},"up":{"uv":[6,5,10,6],"texture":"#flowerpot"},"down":{"uv":[6,10,10,11],"texture":"#flowerpot","cullface":"down"}}},{"from":[6,0,10],"to":[10,6,11],"faces":{"north":{"uv":[6,10,10,16],"texture":"#flowerpot"},"south":{"uv":[6,10,10,16],"texture":"#flowerpot"},"up":{"uv":[6,10,10,11],"texture":"#flowerpot"},"down":{"uv":[6,5,10,6],"texture":"#flowerpot","cullface":"down"}}},{"from":[6,0,6],"to":[10,4,10],"faces":{"up":{"uv":[6,6,10,10],"texture":"#dirt"},"down":{"uv":[6,12,10,16],"texture":"#flowerpot","cullface":"down"}}},{"from":[4,15.9,4],"to":[12,16,12],"faces":{"up":{"uv":[4,4,12,12],"texture":"#top","cullface":"up"},"down":{"uv":[4,12,12,4],"texture":"#top"}}},{"from":[4,8,4],"to":[12,16,4],"faces":{"north":{"uv":[4,5,12,13],"texture":"#side"},"south":{"uv":[12,5,4,13],"texture":"#side"}}},{"from":[4,8,12],"to":[12,16,12],"faces":{"north":{"uv":[12,5,4,13],"texture":"#side"},"south":{"uv":[4,5,12,13],"texture":"#side"}}},{"from":[4,8,4],"to":[4,16,12],"faces":{"east":{"uv":[12,5,4,13],"texture":"#side"},"west":{"uv":[4,5,12,13],"texture":"#side"}}},{"from":[12,8,4],"to":[12,16,12],"faces":{"east":{"uv":[4,5,12,13],"texture":"#side"},"west":{"uv":[12,5,4,13],"texture":"#side"}}},{"from":[2.6,4,8],"to":[13.4,16,8],"rotation":{"angle":45,"axis":"y","origin":[8,8,8],"rescale":true},"faces":{"north":{"uv":[16,4,0,16],"texture":"#azalea_plant"},"south":{"uv":[0,4,16,16],"texture":"#azalea_plant"}}},{"from":[8,4,2.6],"to":[8,16,13.4],"rotation":{"angle":45,"axis":"y","origin":[8,8,8],"rescale":true},"faces":{"east":{"uv":[0,4,16,16],"texture":"#azalea_plant"},"west":{"uv":[16,4,0,16],"texture":"#azalea_plant"}}},{"from":[7,4,7],"to":[9,8,9],"rotation":{"angle":45,"axis":"y","origin":[8,0,8]},"faces":{"north":{"uv":[7,12,9,16],"texture":"#azalea_plant"},"east":{"uv":[7,12,9,16],"texture":"#azalea_plant"},"south":{"uv":[7,12,9,16],"texture":"#azalea_plant"},"west":{"uv":[7,12,9,16],"texture":"#azalea_plant"},"up":{"uv":[7,12,9,14],"texture":"#azalea_plant"},"down":{"uv":[7,12,9,14],"texture":"#azalea_plant"}}},{"from":[7.5,6,9],"to":[8.5,8,10],"rotation":{"angle":-45,"axis":"y","origin":[8,0,8]},"faces":{"east":{"uv":[6,12,7,14],"texture":"#azalea_plant"},"south":{"uv":[6,12,7,14],"texture":"#azalea_plant"},"west":{"uv":[6,12,7,14],"texture":"#azalea_plant"},"up":{"uv":[6,12,7,13],"rotation":90,"texture":"#azalea_plant"},"down":{"uv":[6,12,7,13],"rotation":270,"texture":"#azalea_plant"}}},{"from":[5,8,7.5],"to":[6,10,8.5],"rotation":{"angle":-45,"axis":"y","origin":[8,0,8]},"faces":{"north":{"uv":[10,10,11,12],"texture":"#azalea_plant"},"east":{"uv":[10,10,11,12],"texture":"#azalea_plant"},"south":{"uv":[10,10,11,12],"texture":"#azalea_plant"},"west":{"uv":[10,10,11,12],"texture":"#azalea_plant"},"up":{"uv":[10,10,11,11],"rotation":90,"texture":"#azalea_plant"},"down":{"uv":[10,10,11,11],"rotation":270,"texture":"#azalea_plant"}}},{"from":[6,8,7.5],"to":[7,9,8.5],"rotation":{"angle":-45,"axis":"y","origin":[8,0,8]},"faces":{"north":{"uv":[9,11,10,12],"rotation":90,"texture":"#azalea_plant"},"east":{"uv":[9,11,10,12],"rotation":90,"texture":"#azalea_plant"},"south":{"uv":[9,11,10,12],"rotation":90,"texture":"#azalea_plant"},"up":{"uv":[9,11,10,12],"rotation":90,"texture":"#azalea_plant"},"down":{"uv":[9,11,10,12],"rotation":90,"texture":"#azalea_plant"}}},{"from":[9,8,7.5],"to":[10,9,8.5],"rotation":{"angle":45,"axis":"y","origin":[8,0,8]},"faces":{"north":{"uv":[9,11,10,12],"rotation":90,"texture":"#azalea_plant"},"south":{"uv":[9,11,10,12],"rotation":90,"texture":"#azalea_plant"},"west":{"uv":[9,11,10,12],"rotation":90,"texture":"#azalea_plant"},"up":{"uv":[9,11,10,12],"rotation":270,"texture":"#azalea_plant"},"down":{"uv":[9,11,10,12],"rotation":270,"texture":"#azalea_plant"}}},{"from":[10,8,7.5],"to":[11,10,8.5],"rotation":{"angle":45,"axis":"y","origin":[8,0,8]},"faces":{"north":{"uv":[10,10,11,12],"texture":"#azalea_plant"},"east":{"uv":[10,10,11,12],"texture":"#azalea_plant"},"south":{"uv":[10,10,11,12],"texture":"#azalea_plant"},"west":{"uv":[10,10,11,12],"texture":"#azalea_plant"},"up":{"uv":[10,10,11,11],"rotation":270,"texture":"#azalea_plant"},"down":{"uv":[10,10,11,11],"rotation":90,"texture":"#azalea_plant"}}},{"from":[7.5,7,10],"to":[8.5,8,11],"rotation":{"angle":-45,"axis":"y","origin":[8,0,8]},"faces":{"east":{"uv":[5,12,6,13],"texture":"#azalea_plant"},"south":{"uv":[5,12,6,13],"texture":"#azalea_plant"},"west":{"uv":[5,12,6,13],"texture":"#azalea_plant"},"up":{"uv":[5,12,6,13],"rotation":90,"texture":"#azalea_plant"},"down":{"uv":[5,12,6,13],"rotation":270,"texture":"#azalea_plant"}}},{"from":[10,7,7.5],"to":[11,8,8.5],"rotation":{"angle":-45,"axis":"y","origin":[8,0,8]},"faces":{"north":{"uv":[5,12,6,13],"texture":"#azalea_plant"},"east":{"uv":[5,12,6,13],"texture":"#azalea_plant"},"south":{"uv":[5,12,6,13],"texture":"#azalea_plant"},"up":{"uv":[5,12,6,13],"texture":"#azalea_plant"},"down":{"uv":[5,12,6,13],"texture":"#azalea_plant"}}},{"from":[9,6,7.5],"to":[10,8,8.5],"rotation":{"angle":-45,"axis":"y","origin":[8,0,8]},"faces":{"north":{"uv":[6,12,7,14],"texture":"#azalea_plant"},"east":{"uv":[6,12,7,14],"texture":"#azalea_plant"},"south":{"uv":[6,12,7,14],"texture":"#azalea_plant"},"up":{"uv":[6,12,7,13],"texture":"#azalea_plant"},"down":{"uv":[6,12,7,13],"texture":"#azalea_plant"}}}]}