{"credit":"Made with Blockbench by Valdr687","parent":"block/block","ambientocclusion":false,"textures":{"particle":"block/azalea_plant","plant":"block/azalea_plant"},"elements":[{"from":[0,16,0],"to":[16,16,16],"faces":{"up":{"uv":[0,0,16,16],"texture":"#top","cullface":"up"},"down":{"uv":[0,16,16,0],"texture":"#top"}}},{"from":[0,5,0],"to":[16,16,0.01],"faces":{"north":{"uv":[0,0,16,11],"texture":"#side","cullface":"north"},"south":{"uv":[16,0,0,11],"texture":"#side"}}},{"from":[0,5,15.99],"to":[16,16,16],"faces":{"north":{"uv":[16,0,0,11],"texture":"#side"},"south":{"uv":[0,0,16,11],"texture":"#side","cullface":"south"}}},{"from":[0,5,0],"to":[0.01,16,16],"faces":{"east":{"uv":[16,0,0,11],"texture":"#side"},"west":{"uv":[0,0,16,11],"texture":"#side","cullface":"west"}}},{"from":[15.99,5,0],"to":[16,16,16],"faces":{"east":{"uv":[0,0,16,11],"texture":"#side","cullface":"east"},"west":{"uv":[16,0,0,11],"texture":"#side"}}},{"from":[0.1,0,8],"to":[15.9,15.9,8],"rotation":{"angle":45,"axis":"y","origin":[8,8,8],"rescale":true},"faces":{"north":{"uv":[16,0,0,16],"texture":"#plant"},"south":{"uv":[0,0,16,16],"texture":"#plant"}}},{"from":[8,0,0.1],"to":[8,15.9,15.9],"rotation":{"angle":45,"axis":"y","origin":[8,8,8],"rescale":true},"faces":{"east":{"uv":[0,0,16,16],"texture":"#plant"},"west":{"uv":[16,0,0,16],"texture":"#plant"}}},{"from":[7,0,7],"to":[9,5,9],"rotation":{"angle":-45,"axis":"y","origin":[8,0,8],"rescale":true},"faces":{"north":{"uv":[7,11,9,16],"texture":"#plant"},"east":{"uv":[7,11,9,16],"texture":"#plant"},"south":{"uv":[7,11,9,16],"texture":"#plant"},"west":{"uv":[7,11,9,16],"texture":"#plant"},"up":{"uv":[7,11,9,13],"rotation":270,"texture":"#plant"},"down":{"uv":[7,11,9,13],"rotation":90,"texture":"#plant"}}},{"from":[7.5,3,9],"to":[8.5,5,10],"rotation":{"angle":45,"axis":"y","origin":[8,0,8],"rescale":true},"faces":{"east":{"uv":[6,11,7,13],"texture":"#plant"},"south":{"uv":[6,11,7,13],"texture":"#plant"},"west":{"uv":[6,11,7,13],"texture":"#plant"},"up":{"uv":[6,11,7,12],"texture":"#plant"},"down":{"uv":[6,12,7,13],"texture":"#plant"}}},{"from":[7.5,5,5],"to":[8.5,7,6],"rotation":{"angle":45,"axis":"y","origin":[8,0,8],"rescale":true},"faces":{"north":{"uv":[10,9,11,11],"texture":"#plant"},"east":{"uv":[10,9,11,11],"texture":"#plant"},"south":{"uv":[10,9,11,11],"texture":"#plant"},"west":{"uv":[10,9,11,11],"texture":"#plant"},"up":{"uv":[10,9,11,10],"texture":"#plant"},"down":{"uv":[10,10,11,11],"texture":"#plant"}}},{"from":[7.5,4,6],"to":[8.5,6,7],"rotation":{"angle":45,"axis":"y","origin":[8,0,8],"rescale":true},"faces":{"north":{"uv":[9,10,10,12],"texture":"#plant"},"east":{"uv":[9,10,10,12],"texture":"#plant"},"south":{"uv":[9,10,10,12],"texture":"#plant"},"west":{"uv":[9,10,10,12],"texture":"#plant"},"up":{"uv":[9,10,10,11],"texture":"#plant"},"down":{"uv":[9,11,10,12],"texture":"#plant"}}},{"from":[7.5,2,5],"to":[8.5,3,7],"rotation":{"angle":45,"axis":"y","origin":[8,0,8],"rescale":true},"faces":{"north":{"uv":[10,13,11,14],"texture":"#plant"},"east":{"uv":[9,13,11,14],"texture":"#plant"},"west":{"uv":[9,13,11,14],"texture":"#plant"},"up":{"uv":[11,13,9,14],"rotation":90,"texture":"#plant"},"down":{"uv":[11,13,9,14],"rotation":90,"texture":"#plant"}}},{"from":[7.5,3,4],"to":[8.5,4,6],"rotation":{"angle":45,"axis":"y","origin":[8,0,8],"rescale":true},"faces":{"north":{"uv":[10,13,11,14],"texture":"#plant"},"east":{"uv":[9,13,11,14],"texture":"#plant"},"south":{"uv":[9,13,10,14],"texture":"#plant"},"west":{"uv":[9,13,11,14],"texture":"#plant"},"up":{"uv":[11,13,9,14],"rotation":90,"texture":"#plant"},"down":{"uv":[11,13,9,14],"rotation":90,"texture":"#plant"}}},{"from":[7.5,4,10],"to":[8.5,7,11],"rotation":{"angle":45,"axis":"y","origin":[8,0,8],"rescale":true},"faces":{"north":{"uv":[5,9,6,12],"texture":"#plant"},"east":{"uv":[5,9,6,12],"texture":"#plant"},"south":{"uv":[5,9,6,12],"texture":"#plant"},"west":{"uv":[5,9,6,12],"texture":"#plant"},"up":{"uv":[5,9,6,10],"texture":"#plant"},"down":{"uv":[5,11,6,12],"texture":"#plant"}}},{"from":[7.5,3,9],"to":[8.5,5,10],"rotation":{"angle":-45,"axis":"y","origin":[8,0,8],"rescale":true},"faces":{"east":{"uv":[6,11,7,13],"texture":"#plant"},"south":{"uv":[6,11,7,13],"texture":"#plant"},"west":{"uv":[6,11,7,13],"texture":"#plant"},"up":{"uv":[6,11,7,12],"texture":"#plant"},"down":{"uv":[6,12,7,13],"texture":"#plant"}}},{"from":[7.5,5,5],"to":[8.5,7,6],"rotation":{"angle":-45,"axis":"y","origin":[8,0,8],"rescale":true},"faces":{"north":{"uv":[10,9,11,11],"texture":"#plant"},"east":{"uv":[10,9,11,11],"texture":"#plant"},"south":{"uv":[10,9,11,11],"texture":"#plant"},"west":{"uv":[10,9,11,11],"texture":"#plant"},"up":{"uv":[10,9,11,10],"texture":"#plant"},"down":{"uv":[10,10,11,11],"texture":"#plant"}}},{"from":[7.5,4,6],"to":[8.5,6,7],"rotation":{"angle":-45,"axis":"y","origin":[8,0,8],"rescale":true},"faces":{"north":{"uv":[9,10,10,12],"texture":"#plant"},"east":{"uv":[9,10,10,12],"texture":"#plant"},"south":{"uv":[9,10,10,12],"texture":"#plant"},"west":{"uv":[9,10,10,12],"texture":"#plant"},"up":{"uv":[9,10,10,11],"texture":"#plant"},"down":{"uv":[9,11,10,12],"texture":"#plant"}}},{"from":[7.5,2,5],"to":[8.5,3,7],"rotation":{"angle":-45,"axis":"y","origin":[8,0,8],"rescale":true},"faces":{"north":{"uv":[10,13,11,14],"texture":"#plant"},"east":{"uv":[9,13,11,14],"texture":"#plant"},"west":{"uv":[9,13,11,14],"texture":"#plant"},"up":{"uv":[11,13,9,14],"rotation":90,"texture":"#plant"},"down":{"uv":[11,13,9,14],"rotation":90,"texture":"#plant"}}},{"from":[7.5,3,4],"to":[8.5,4,6],"rotation":{"angle":-45,"axis":"y","origin":[8,0,8],"rescale":true},"faces":{"north":{"uv":[10,13,11,14],"texture":"#plant"},"east":{"uv":[9,13,11,14],"texture":"#plant"},"south":{"uv":[9,13,10,14],"texture":"#plant"},"west":{"uv":[9,13,11,14],"texture":"#plant"},"up":{"uv":[11,13,9,14],"rotation":90,"texture":"#plant"},"down":{"uv":[11,13,9,14],"rotation":90,"texture":"#plant"}}},{"from":[7.5,4,10],"to":[8.5,7,11],"rotation":{"angle":-45,"axis":"y","origin":[8,0,8],"rescale":true},"faces":{"north":{"uv":[5,9,6,12],"texture":"#plant"},"east":{"uv":[5,9,6,12],"texture":"#plant"},"south":{"uv":[5,9,6,12],"texture":"#plant"},"west":{"uv":[5,9,6,12],"texture":"#plant"},"up":{"uv":[5,9,6,10],"texture":"#plant"},"down":{"uv":[5,11,6,12],"texture":"#plant"}}}]}