{"credit":"Made with Blockbench by Valdr687","parent":"minecraft:block/cross","textures":{"1":"block/torchflower_crop_stage1_part1","2":"block/torchflower_crop_stage1_part2","3":"block/torchflower_crop_stage1_part3","particle":"block/torchflower_crop_stage1_part1"},"elements":[{"from":[0,-1,7.25],"to":[16,7,7.25],"shade":false,"rotation":{"angle":45,"axis":"x","origin":[8,-1,7.25]},"faces":{"north":{"uv":[0,8,16,16],"texture":"#2"},"south":{"uv":[0,8,16,16],"texture":"#2"}}},{"from":[7.5,-1,0],"to":[7.5,7,16],"shade":false,"rotation":{"angle":-45,"axis":"z","origin":[7.5,-1,8]},"faces":{"east":{"uv":[0,8,16,16],"texture":"#2"},"west":{"uv":[0,8,16,16],"texture":"#2"}}},{"from":[8.5,-1,0],"to":[8.5,7,16],"shade":false,"rotation":{"angle":45,"axis":"z","origin":[8.5,-1,8]},"faces":{"east":{"uv":[0,8,16,16],"texture":"#2"},"west":{"uv":[0,8,16,16],"texture":"#2"}}},{"from":[0,-1,8.5],"to":[16,7,8.5],"shade":false,"rotation":{"angle":-45,"axis":"x","origin":[8,-1,8.5]},"faces":{"north":{"uv":[0,8,16,16],"texture":"#2"},"south":{"uv":[0,8,16,16],"texture":"#2"}}},{"from":[0,-1,8],"to":[16,-1,13],"shade":false,"rotation":{"angle":-22.5,"axis":"x","origin":[8,-1,8]},"faces":{"up":{"uv":[0,11,16,16],"rotation":180,"texture":"#1"},"down":{"uv":[0,11,16,16],"texture":"#1"}}},{"from":[8,-1,0],"to":[13,-1,16],"shade":false,"rotation":{"angle":22.5,"axis":"z","origin":[8,-1,8]},"faces":{"up":{"uv":[0,11,16,16],"rotation":90,"texture":"#1"},"down":{"uv":[0,11,16,16],"rotation":90,"texture":"#1"}}},{"from":[2,-1,0],"to":[7,-1,16],"shade":false,"rotation":{"angle":-22.5,"axis":"z","origin":[8,-1,8]},"faces":{"up":{"uv":[0,11,16,16],"rotation":270,"texture":"#1"},"down":{"uv":[0,11,16,16],"rotation":270,"texture":"#1"}}},{"from":[0,-1,3],"to":[16,-1,8],"shade":false,"rotation":{"angle":22.5,"axis":"x","origin":[8,-1,8]},"faces":{"up":{"uv":[0,11,16,16],"texture":"#1"},"down":{"uv":[0,11,16,16],"rotation":180,"texture":"#1"}}},{"from":[7.5,-1,7.5],"to":[8.5,9,8.5],"faces":{"north":{"uv":[14,5,15,15],"texture":"#3"},"east":{"uv":[14,5,15,15],"texture":"#3"},"south":{"uv":[14,5,15,15],"texture":"#3"},"west":{"uv":[14,5,15,15],"texture":"#3"},"down":{"uv":[14,15,15,16],"texture":"#3"}}},{"from":[7.5,7.5,6.975],"to":[8.5,9.5,6.975],"rotation":{"angle":22.5,"axis":"x","origin":[8,9.5,6.975]},"faces":{"north":{"uv":[0,7,1,9],"texture":"#3"},"south":{"uv":[4,7,5,9],"texture":"#3"}}},{"from":[7.5,9.5,6.975],"to":[8.5,11.5,6.975],"rotation":{"angle":22.5,"axis":"x","origin":[8,11.5,6.975]},"faces":{"north":{"uv":[4,7,5,9],"texture":"#3"},"south":{"uv":[6,7,7,9],"texture":"#3"}}},{"from":[7.5,7.5,8.975],"to":[8.5,9.5,8.975],"rotation":{"angle":-22.5,"axis":"x","origin":[8,9.5,8.975]},"faces":{"north":{"uv":[4,7,5,9],"texture":"#3"},"south":{"uv":[4,7,5,9],"texture":"#3"}}},{"from":[7.5,9.5,8.975],"to":[8.5,11.5,8.975],"rotation":{"angle":-22.5,"axis":"x","origin":[8,11.5,8.975]},"faces":{"north":{"uv":[6,7,7,9],"texture":"#3"},"south":{"uv":[6,7,7,9],"texture":"#3"}}},{"from":[6.975,9.5,7.5],"to":[6.975,11.5,8.5],"rotation":{"angle":-22.5,"axis":"z","origin":[6.975,11.5,8]},"faces":{"east":{"uv":[6,7,7,9],"texture":"#3"},"west":{"uv":[6,7,7,9],"texture":"#3"}}},{"from":[6.975,7.5,7.5],"to":[6.975,9.5,8.5],"rotation":{"angle":-22.5,"axis":"z","origin":[6.975,9.5,8]},"faces":{"east":{"uv":[4,7,5,9],"texture":"#3"},"west":{"uv":[4,7,5,9],"texture":"#3"}}},{"from":[8.975,9.5,7.5],"to":[8.975,11.5,8.5],"rotation":{"angle":22.5,"axis":"z","origin":[8.975,11.5,8]},"faces":{"east":{"uv":[2,7,3,9],"texture":"#3"},"west":{"uv":[6,7,7,9],"texture":"#3"}}},{"from":[8.975,7.5,7.5],"to":[8.975,9.5,8.5],"rotation":{"angle":22.5,"axis":"z","origin":[8.975,9.5,8]},"faces":{"east":{"uv":[2,7,3,9],"texture":"#3"},"west":{"uv":[4,7,5,9],"texture":"#3"}}},{"from":[7,8,7],"to":[9,12,9],"faces":{"north":{"uv":[0,0,2,4],"texture":"#3"},"east":{"uv":[2,0,4,4],"texture":"#3"},"south":{"uv":[4,0,6,4],"texture":"#3"},"west":{"uv":[6,0,8,4],"texture":"#3"},"up":{"uv":[2,4,4,6],"texture":"#3"},"down":{"uv":[0,4,2,6],"texture":"#3"}}}]}