{"ambientocclusion":false,"textures":{"particle":"block/vine","vine":"block/vine"},"elements":[{"from":[0,8,0],"to":[16,12,0],"shade":false,"rotation":{"angle":-22.5,"axis":"x","origin":[8,12,0]},"faces":{"north":{"uv":[16,4,0,8],"texture":"#vine","tintindex":0},"south":{"uv":[0,4,16,8],"texture":"#vine","tintindex":0}}},{"from":[0,4,0],"to":[16,8,0],"shade":false,"rotation":{"angle":-22.5,"axis":"x","origin":[8,8,0]},"faces":{"north":{"uv":[16,8,0,12],"texture":"#vine","tintindex":0},"south":{"uv":[0,8,16,12],"texture":"#vine","tintindex":0}}},{"from":[0,0,0],"to":[16,4,0],"shade":false,"rotation":{"angle":-22.5,"axis":"x","origin":[8,4,0]},"faces":{"north":{"uv":[16,12,0,16],"texture":"#vine","tintindex":0},"south":{"uv":[0,12,16,16],"texture":"#vine","tintindex":0}}},{"from":[0,12,0],"to":[16,16,0],"shade":false,"rotation":{"angle":-22.5,"axis":"x","origin":[8,16,0]},"faces":{"north":{"uv":[16,0,0,4],"texture":"#vine","tintindex":0},"south":{"uv":[0,0,16,4],"texture":"#vine","tintindex":0}}}]}