{"credit":"Made with Blockbench by Valdr687","parent":"minecraft:block/cross","textures":{"0":"block/warped_fungus_block","particle":"block/warped_fungus_block"},"elements":[{"from":[7,0,7],"to":[9,5,9],"faces":{"north":{"uv":[14,11,16,16],"texture":"#0"},"east":{"uv":[14,11,16,16],"texture":"#0"},"south":{"uv":[14,11,16,16],"texture":"#0"},"west":{"uv":[14,11,16,16],"texture":"#0"},"down":{"uv":[14,14,16,16],"texture":"#0"}}},{"from":[3,5,3],"to":[13,7,13],"faces":{"north":{"uv":[0,8,10,10],"texture":"#0"},"east":{"uv":[0,8,10,10],"texture":"#0"},"south":{"uv":[0,8,10,10],"texture":"#0"},"west":{"uv":[0,8,10,10],"texture":"#0"},"up":{"uv":[0,0,10,10],"texture":"#0"},"down":{"uv":[0,0,10,10],"texture":"#0"}}},{"from":[4,7,4],"to":[12,8,12],"faces":{"north":{"uv":[0,1,1,9],"rotation":90,"texture":"#0"},"east":{"uv":[0,1,1,9],"rotation":90,"texture":"#0"},"south":{"uv":[0,1,1,9],"rotation":90,"texture":"#0"},"west":{"uv":[0,1,1,9],"rotation":90,"texture":"#0"},"up":{"uv":[1,1,9,9],"texture":"#0"}}}]}