{
	"credit": "Made with Blockbench by Valdr687",
	"parent": "minecraft:block/cross",
	"textures": {
		"particle": "block/warped_fungus_block",
		"cross": "block/warped_fungus_block"
	},
	"elements": [
		{
			"from": [7, 0, 7],
			"to": [9, 4, 9],
			"rotation": {"angle": 22.5, "axis": "y", "origin": [8, 0, 8]},
			"faces": {
				"north": {"uv": [14, 12, 16, 16], "texture": "#cross"},
				"east": {"uv": [14, 12, 16, 16], "texture": "#cross"},
				"south": {"uv": [14, 12, 16, 16], "texture": "#cross"},
				"west": {"uv": [14, 12, 16, 16], "texture": "#cross"},
				"down": {"uv": [14, 14, 16, 16], "texture": "#cross"}
			}
		},
		{
			"from": [5, 4, 5],
			"to": [11, 6, 11],
			"rotation": {"angle": 22.5, "axis": "y", "origin": [8, 0, 8]},
			"faces": {
				"north": {"uv": [10, 6, 16, 8], "texture": "#cross"},
				"east": {"uv": [10, 6, 16, 8], "texture": "#cross"},
				"south": {"uv": [10, 6, 16, 8], "texture": "#cross"},
				"west": {"uv": [10, 6, 16, 8], "texture": "#cross"},
				"up": {"uv": [10, 0, 16, 6], "texture": "#cross"},
				"down": {"uv": [10, 0, 16, 6], "texture": "#cross"}
			}
		}
	]
}