{"credit":"Made with Blockbench by Valdr687","parent":"minecraft:block/cross","textures":{"particle":"block/warped_roots","cross":"block/warped_roots"},"elements":[{"from":[0,0,8],"to":[16,16,8],"rotation":{"angle":45,"axis":"y","origin":[8,0,8]},"faces":{"north":{"uv":[16,0,0,16],"texture":"#cross"},"east":{"uv":[0,0,0,16],"texture":"#cross"},"south":{"uv":[0,0,16,16],"texture":"#cross"},"west":{"uv":[0,0,0,16],"texture":"#cross"},"up":{"uv":[0,0,16,0],"texture":"#cross"},"down":{"uv":[0,0,16,0],"texture":"#cross"}}},{"from":[8,0,0],"to":[8,16,16],"rotation":{"angle":45,"axis":"y","origin":[8,0,8]},"faces":{"north":{"uv":[0,0,0,16],"texture":"#cross"},"east":{"uv":[16,0,0,16],"texture":"#cross"},"south":{"uv":[0,0,0,16],"texture":"#cross"},"west":{"uv":[0,0,16,16],"texture":"#cross"},"up":{"uv":[0,0,16,0],"rotation":270,"texture":"#cross"},"down":{"uv":[0,0,16,0],"rotation":90,"texture":"#cross"}}},{"from":[7.5,9,11],"to":[8.5,12,14],"rotation":{"angle":-45,"axis":"y","origin":[8,0,8]},"faces":{"north":{"uv":[4,4,5,7],"texture":"#cross"},"east":{"uv":[2,4,5,7],"texture":"#cross"},"south":{"uv":[2,4,3,7],"texture":"#cross"},"west":{"uv":[2,4,5,7],"texture":"#cross"},"up":{"uv":[2,4,5,5],"rotation":270,"texture":"#cross"},"down":{"uv":[5,6,2,7],"rotation":90,"texture":"#cross"}}},{"from":[7.5,12,6],"to":[8.5,15.025,9],"rotation":{"angle":-45,"axis":"y","origin":[8,0,8]},"faces":{"north":{"uv":[9,1,10,4],"texture":"#cross"},"east":{"uv":[7,1,10,4],"texture":"#cross"},"south":{"uv":[7,1,8,4],"texture":"#cross"},"west":{"uv":[7,1,10,4],"texture":"#cross"},"up":{"uv":[7,1,10,2],"rotation":270,"texture":"#cross"},"down":{"uv":[10,3,7,4],"rotation":90,"texture":"#cross"}}},{"from":[7.5,10,2],"to":[8.5,13,5],"rotation":{"angle":-45,"axis":"y","origin":[8,0,8]},"faces":{"north":{"uv":[13,3,14,6],"texture":"#cross"},"east":{"uv":[11,3,14,6],"texture":"#cross"},"south":{"uv":[11,3,12,6],"texture":"#cross"},"west":{"uv":[11,3,14,6],"texture":"#cross"},"up":{"uv":[11,3,14,4],"rotation":270,"texture":"#cross"},"down":{"uv":[14,5,11,6],"rotation":90,"texture":"#cross"}}},{"from":[2,9,7.5],"to":[5,12,8.5],"rotation":{"angle":-45,"axis":"y","origin":[8,0,8]},"faces":{"north":{"uv":[2,4,5,7],"texture":"#cross"},"east":{"uv":[4,4,5,7],"texture":"#cross"},"south":{"uv":[2,4,5,7],"texture":"#cross"},"west":{"uv":[2,4,3,7],"texture":"#cross"},"up":{"uv":[2,4,5,5],"texture":"#cross"},"down":{"uv":[5,6,2,7],"texture":"#cross"}}},{"from":[7,12,7.5],"to":[10,15,8.5],"rotation":{"angle":-45,"axis":"y","origin":[8,0,8]},"faces":{"north":{"uv":[7,1,10,4],"texture":"#cross"},"east":{"uv":[9,1,10,4],"texture":"#cross"},"south":{"uv":[7,1,10,4],"texture":"#cross"},"west":{"uv":[7,1,8,4],"texture":"#cross"},"up":{"uv":[7,1,10,2],"texture":"#cross"},"down":{"uv":[10,3,7,4],"texture":"#cross"}}},{"from":[11,10,7.5],"to":[14,13,8.5],"rotation":{"angle":-45,"axis":"y","origin":[8,0,8]},"faces":{"north":{"uv":[11,3,14,6],"texture":"#cross"},"east":{"uv":[13,3,14,6],"texture":"#cross"},"south":{"uv":[11,3,14,6],"texture":"#cross"},"west":{"uv":[11,3,12,6],"texture":"#cross"},"up":{"uv":[11,3,14,4],"texture":"#cross"},"down":{"uv":[14,5,11,6],"texture":"#cross"}}}]}