{"parent":"minecraft:block/cross","textures":{"1":"block/crimson_fungus_block","particle":"block/weeping_vines_plant","cross":"block/weeping_vines_plant"},"elements":[{"from":[8,0,0],"to":[8,16,16],"shade":false,"faces":{"east":{"uv":[0,0,16,16],"texture":"#cross"},"west":{"uv":[16,0,0,16],"texture":"#cross"}}},{"from":[0,0,8],"to":[16,16,8],"shade":false,"faces":{"north":{"uv":[16,0,0,16],"texture":"#cross"},"south":{"uv":[0,0,16,16],"texture":"#cross"}}},{"from":[1,3,5.5],"to":[6,4,10.5],"faces":{"north":{"uv":[14,14,9,15],"texture":"#1"},"east":{"uv":[9,14,14,15],"texture":"#1"},"south":{"uv":[9,15,10,10],"rotation":90,"texture":"#1"},"west":{"uv":[9,10,14,11],"texture":"#1"},"up":{"uv":[9,10,14,15],"texture":"#1"},"down":{"uv":[9,15,14,10],"texture":"#1"}}},{"from":[6.5,12,13],"to":[9.5,13,16],"faces":{"north":{"uv":[4,10,7,11],"texture":"#1"},"east":{"uv":[6,10,7,13],"rotation":90,"texture":"#1"},"south":{"uv":[4,12,7,13],"texture":"#1"},"west":{"uv":[4,10,7,11],"texture":"#1"},"up":{"uv":[4,10,7,13],"texture":"#1"},"down":{"uv":[4,10,7,13],"texture":"#1"}}},{"from":[6,2,1],"to":[10,3,5],"faces":{"north":{"uv":[0,10,4,11],"texture":"#1"},"east":{"uv":[0,10,4,11],"texture":"#1"},"south":{"uv":[0,10,4,11],"texture":"#1"},"west":{"uv":[0,14,1,10],"rotation":90,"texture":"#1"},"up":{"uv":[0,10,4,14],"texture":"#1"},"down":{"uv":[0,10,4,14],"texture":"#1"}}},{"from":[11,1,6],"to":[15,3,10],"faces":{"north":{"uv":[0,14,4,16],"texture":"#1"},"east":{"uv":[0,14,4,16],"texture":"#1"},"south":{"uv":[0,14,4,16],"texture":"#1"},"west":{"uv":[0,14,4,16],"texture":"#1"},"up":{"uv":[0,10,4,14],"texture":"#1"},"down":{"uv":[0,14,4,10],"texture":"#1"}}},{"from":[11,13,6],"to":[15,15,10],"faces":{"north":{"uv":[0,14,4,16],"texture":"#1"},"east":{"uv":[0,14,4,16],"texture":"#1"},"south":{"uv":[0,14,4,16],"texture":"#1"},"west":{"uv":[0,14,4,16],"texture":"#1"},"up":{"uv":[0,10,4,14],"texture":"#1"},"down":{"uv":[0,10,4,14],"texture":"#1"}}},{"from":[5,8,7],"to":[9,10,11],"faces":{"north":{"uv":[0,14,4,16],"texture":"#1"},"east":{"uv":[0,14,4,16],"texture":"#1"},"south":{"uv":[0,14,4,16],"texture":"#1"},"west":{"uv":[0,14,4,16],"texture":"#1"},"up":{"uv":[0,10,4,14],"texture":"#1"},"down":{"uv":[0,10,4,14],"texture":"#1"}}}]}