{"credit":"Made with Blockbench by Valdr687","textures":{"1":"block/white_tulip","particle":"block/white_tulip"},"elements":[{"from":[7.5,0,7.5],"to":[8.5,9,8.5],"faces":{"north":{"uv":[7,7,8,16],"texture":"#1"},"east":{"uv":[7,7,8,16],"texture":"#1"},"south":{"uv":[7,7,8,16],"texture":"#1"},"west":{"uv":[7,7,8,16],"texture":"#1"},"up":{"uv":[7,7,8,8],"texture":"#1"},"down":{"uv":[7,15,8,16],"texture":"#1"}}},{"from":[8,1,8.5],"to":[8,8,12.5],"rotation":{"angle":45,"axis":"y","origin":[8,0,8]},"faces":{"east":{"uv":[3,8,7,15],"texture":"#1"},"west":{"uv":[7,8,3,15],"texture":"#1"}}},{"from":[8,0,3.5],"to":[8,8,7.5],"rotation":{"angle":45,"axis":"y","origin":[8,0,8]},"faces":{"east":{"uv":[8,7,12,15],"texture":"#1"},"west":{"uv":[12,7,8,15],"texture":"#1"}}},{"from":[8,8,4.5],"to":[8,10,6.5],"rotation":{"angle":45,"axis":"y","origin":[8,0,8]},"faces":{"east":{"uv":[9,6,11,8],"texture":"#1"},"west":{"uv":[11,6,9,8],"texture":"#1"}}},{"from":[8,0,3.5],"to":[8,8,7.5],"rotation":{"angle":-45,"axis":"y","origin":[8,0,8]},"faces":{"east":{"uv":[8,7,12,15],"texture":"#1"},"west":{"uv":[12,7,8,15],"texture":"#1"}}},{"from":[8,8,4.5],"to":[8,10,6.5],"rotation":{"angle":-45,"axis":"y","origin":[8,0,8]},"faces":{"east":{"uv":[4,5,6,7],"texture":"#1"},"west":{"uv":[11,6,9,8],"texture":"#1"}}},{"from":[8,1,8.5],"to":[8,8,12.5],"rotation":{"angle":-45,"axis":"y","origin":[8,0,8]},"faces":{"east":{"uv":[3,8,7,15],"texture":"#1"},"west":{"uv":[7,8,3,15],"texture":"#1"}}},{"from":[9.5,8,8],"to":[11.5,10,8],"rotation":{"angle":45,"axis":"y","origin":[8,0,8]},"faces":{"north":{"uv":[4,5,6,7],"texture":"#1"},"south":{"uv":[9,6,11,8],"texture":"#1"}}},{"from":[7,9,7],"to":[9,11,7],"faces":{"north":{"uv":[6,4,8,6],"texture":"#1"},"south":{"uv":[6,4,8,6],"texture":"#1"}}},{"from":[7,9,9],"to":[9,11,9],"faces":{"north":{"uv":[6,4,8,6],"texture":"#1"},"south":{"uv":[6,4,8,6],"texture":"#1"}}},{"from":[7.5,9,8],"to":[8.5,11,8],"rotation":{"angle":45,"axis":"y","origin":[8,0,8]},"faces":{"north":{"uv":[8,4,9,6],"texture":"#1"},"south":{"uv":[8,4,9,6],"texture":"#1"}}},{"from":[7.5,9,8],"to":[8.5,11,8],"rotation":{"angle":-45,"axis":"y","origin":[8,0,8]},"faces":{"north":{"uv":[8,4,9,6],"texture":"#1"},"south":{"uv":[8,4,9,6],"texture":"#1"}}},{"from":[7,9,7],"to":[7,11,9],"faces":{"east":{"uv":[6,4,8,6],"texture":"#1"},"west":{"uv":[6,4,8,6],"texture":"#1"}}},{"from":[7,9.025,7],"to":[9,9.025,9],"faces":{"up":{"uv":[6,4,8,6],"rotation":90,"texture":"#1"},"down":{"uv":[6,4,8,6],"rotation":90,"texture":"#1"}}},{"from":[9,9,7],"to":[9,11,9],"faces":{"east":{"uv":[6,4,8,6],"texture":"#1"},"west":{"uv":[6,4,8,6],"texture":"#1"}}}]}