{"credit":"Made with Blockbench by Valdr687","textures":{"0":"block/wither_rose","particle":"block/wither_rose"},"elements":[{"from":[7.5,0,7.5],"to":[8.5,7,8.5],"faces":{"north":{"uv":[8,9,9,16],"texture":"#0"},"east":{"uv":[8,9,9,16],"texture":"#0"},"south":{"uv":[8,9,9,16],"texture":"#0"},"west":{"uv":[8,9,9,16],"texture":"#0"},"up":{"uv":[8,9,9,10],"texture":"#0"},"down":{"uv":[8,15,9,16],"texture":"#0"}}},{"from":[4.5,0,8],"to":[7.5,6,8],"faces":{"north":{"uv":[9,10,12,16],"texture":"#0"},"south":{"uv":[12,10,9,16],"texture":"#0"}}},{"from":[8.5,0,8],"to":[11.5,6,8],"faces":{"north":{"uv":[5,10,8,16],"texture":"#0"},"south":{"uv":[8,10,5,16],"texture":"#0"}}},{"from":[8,0,8.5],"to":[8,6,11.5],"faces":{"east":{"uv":[12,10,9,16],"texture":"#0"},"west":{"uv":[9,10,12,16],"texture":"#0"}}},{"from":[8,0,4.5],"to":[8,6,7.5],"faces":{"east":{"uv":[8,10,5,16],"texture":"#0"},"west":{"uv":[5,10,8,16],"texture":"#0"}}},{"from":[6.5,7.025,6.5],"to":[9.5,7.025,9.5],"faces":{"up":{"uv":[7,6,10,9],"texture":"#0"},"down":{"uv":[7,6,10,9],"texture":"#0"}}},{"from":[6.5,-1.75,11.675],"to":[9.5,-1.75,14.675],"rotation":{"angle":-45,"axis":"x","origin":[0,0,0]},"faces":{"up":{"uv":[7,6,10,9],"texture":"#0"},"down":{"uv":[7,6,10,9],"texture":"#0"}}},{"from":[6.5,9.6,-3.3],"to":[9.5,9.6,-0.3],"rotation":{"angle":45,"axis":"x","origin":[0,0,0]},"faces":{"up":{"uv":[7,6,10,9],"texture":"#0"},"down":{"uv":[7,6,10,9],"texture":"#0"}}},{"from":[8.7,3.975,6.5],"to":[8.7,6.975,9.5],"rotation":{"angle":22.5,"axis":"z","origin":[0,0,0]},"faces":{"east":{"uv":[7,6,10,9],"rotation":270,"texture":"#0"},"west":{"uv":[7,6,10,9],"rotation":270,"texture":"#0"}}},{"from":[6.1,10.075,6.5],"to":[6.1,13.075,9.5],"rotation":{"angle":-22.5,"axis":"z","origin":[0,0,0]},"faces":{"east":{"uv":[7,6,10,9],"rotation":270,"texture":"#0"},"west":{"uv":[7,6,10,9],"rotation":270,"texture":"#0"}}},{"from":[8,7,7.5],"to":[8,9,8.5],"rotation":{"angle":45,"axis":"y","origin":[8,0,8]},"faces":{"east":{"uv":[10,6,11,8],"texture":"#0"},"west":{"uv":[10,6,11,8],"texture":"#0"}}},{"from":[8,7,7.5],"to":[8,9,8.5],"rotation":{"angle":-45,"axis":"y","origin":[8,0,8]},"faces":{"east":{"uv":[10,6,11,8],"texture":"#0"},"west":{"uv":[10,6,11,8],"texture":"#0"}}}]}