{"credit":"Made with Blockbench by Valdr687","texture_size":[32,32],"textures":{"1":"block/star_sea1","2":"block/seagrass","3":"block/shell","4":"block/star_sea2","particle":"block/star_sea1"},"elements":[{"from":[0.7,0,13],"to":[5.7,6,13],"rotation":{"angle":22.5,"axis":"x","origin":[3.2,0,13]},"faces":{"north":{"uv":[4.5,13,7,16],"texture":"#2"},"south":{"uv":[4.5,13,7,16],"texture":"#2"}}},{"from":[1,0,3],"to":[6,8,3],"rotation":{"angle":45,"axis":"y","origin":[2.5,3,3]},"faces":{"north":{"uv":[6,11.5,8.5,15.5],"texture":"#2"},"south":{"uv":[6,11.5,8.5,15.5],"texture":"#2"}}},{"from":[7,0,13],"to":[14,6,13],"rotation":{"angle":22.5,"axis":"y","origin":[10.5,3,12]},"faces":{"north":{"uv":[1,10,4.5,13],"texture":"#2"},"south":{"uv":[4.5,10,1,13],"texture":"#2"}}},{"from":[8,0,4],"to":[14,4,4],"rotation":{"angle":-45,"axis":"x","origin":[11,0,4]},"faces":{"north":{"uv":[2,14,5,16],"texture":"#2"},"south":{"uv":[2,14,5,16],"texture":"#2"}}},{"from":[13.5,0,5.5],"to":[13.5,7,10.5],"rotation":{"angle":-22.5,"axis":"z","origin":[13.5,0,7]},"faces":{"east":{"uv":[5.5,12.5,3,16],"texture":"#2"},"west":{"uv":[3,12.5,5.5,16],"texture":"#2"}}},{"from":[2.5,0,6.5],"to":[2.5,4,9.5],"rotation":{"angle":22.5,"axis":"z","origin":[2.5,2,8]},"faces":{"east":{"uv":[3,10.5,4.5,12.5],"texture":"#2"},"west":{"uv":[3,12.5,4.5,10.5],"rotation":180,"texture":"#2"}}},{"from":[4.01545,0,9.8147],"to":[6.01545,1,10.8147],"rotation":{"angle":-22.5,"axis":"y","origin":[10.07611,0.5,11.37536]},"faces":{"north":{"uv":[7,3,8,5],"rotation":90,"texture":"#4"},"south":{"uv":[7,3,8,5],"rotation":90,"texture":"#4"},"west":{"uv":[7,3,8,4],"texture":"#4"},"up":{"uv":[7,3,8,5],"rotation":270,"texture":"#4"},"down":{"uv":[7,3,8,5],"rotation":90,"texture":"#4","cullface":"down"}}},{"from":[12.01545,0,6.8147],"to":[14.01545,1,7.8147],"rotation":{"angle":-22.5,"axis":"y","origin":[10.07611,0.5,11.37536]},"faces":{"north":{"uv":[10,11,11,13],"rotation":90,"texture":"#4"},"east":{"uv":[10,12,11,13],"texture":"#4"},"south":{"uv":[10,11,11,13],"rotation":90,"texture":"#4"},"west":{"uv":[10,11,11,12],"texture":"#4"},"up":{"uv":[10,11,11,13],"rotation":270,"texture":"#4"},"down":{"uv":[10,11,11,13],"rotation":90,"texture":"#4","cullface":"down"}}},{"from":[11.01545,0,7.8147],"to":[13.01545,1,8.8147],"rotation":{"angle":-22.5,"axis":"y","origin":[10.07611,0.5,11.37536]},"faces":{"north":{"uv":[9,10,10,12],"rotation":90,"texture":"#4"},"east":{"uv":[9,11,10,12],"texture":"#4"},"south":{"uv":[9,10,10,12],"rotation":90,"texture":"#4"},"up":{"uv":[9,10,10,12],"rotation":270,"texture":"#4"},"down":{"uv":[9,10,10,12],"rotation":90,"texture":"#4","cullface":"down"}}},{"from":[11.01545,0,11.8147],"to":[13.01545,1,12.8147],"rotation":{"angle":-22.5,"axis":"y","origin":[10.07611,0.5,11.37536]},"faces":{"north":{"uv":[5,10,6,12],"rotation":90,"texture":"#4"},"east":{"uv":[5,11,6,12],"texture":"#4"},"south":{"uv":[5,10,6,12],"rotation":90,"texture":"#4"},"up":{"uv":[5,10,6,12],"rotation":270,"texture":"#4"},"down":{"uv":[5,10,6,12],"rotation":90,"texture":"#4","cullface":"down"}}},{"from":[11.01545,0,10.8147],"to":[12.01545,1,11.8147],"rotation":{"angle":-22.5,"axis":"y","origin":[10.07611,0.5,11.37536]},"faces":{"north":{"uv":[6,10,7,11],"rotation":90,"texture":"#4"},"east":{"uv":[6,10,7,11],"rotation":90,"texture":"#4"},"up":{"uv":[6,10,7,11],"texture":"#4"},"down":{"uv":[6,10,7,11],"rotation":180,"texture":"#4","cullface":"down"}}},{"from":[11.01545,0,8.8147],"to":[12.01545,1,9.8147],"rotation":{"angle":-22.5,"axis":"y","origin":[10.07611,0.5,11.37536]},"faces":{"east":{"uv":[8,10,9,11],"rotation":90,"texture":"#4"},"south":{"uv":[8,10,9,11],"rotation":90,"texture":"#4"},"up":{"uv":[8,10,9,11],"texture":"#4"},"down":{"uv":[8,10,9,11],"rotation":180,"texture":"#4","cullface":"down"}}},{"from":[12.01545,0,12.8147],"to":[14.01545,1,13.8147],"rotation":{"angle":-22.5,"axis":"y","origin":[10.07611,0.5,11.37536]},"faces":{"north":{"uv":[4,11,5,13],"rotation":90,"texture":"#4"},"east":{"uv":[4,12,5,13],"texture":"#4"},"south":{"uv":[4,11,5,13],"rotation":90,"texture":"#4"},"west":{"uv":[4,11,5,12],"texture":"#4"},"up":{"uv":[4,11,5,13],"rotation":270,"texture":"#4"},"down":{"uv":[4,11,5,13],"rotation":90,"texture":"#4","cullface":"down"}}},{"from":[9.01545,0,7.8147],"to":[11.01545,1,12.8147],"rotation":{"angle":-22.5,"axis":"y","origin":[10.07611,0.5,11.37536]},"faces":{"north":{"uv":[9,8,10,10],"rotation":90,"texture":"#4"},"east":{"uv":[5,9,10,10],"texture":"#4"},"south":{"uv":[5,8,6,10],"rotation":90,"texture":"#4"},"up":{"uv":[5,8,10,10],"rotation":270,"texture":"#4"},"down":{"uv":[5,8,10,10],"rotation":90,"texture":"#4","cullface":"down"}}},{"from":[8.01545,0,6.8147],"to":[9.01545,1,13.8147],"rotation":{"angle":-22.5,"axis":"y","origin":[10.07611,0.5,11.37536]},"faces":{"north":{"uv":[10,7,11,8],"rotation":90,"texture":"#4"},"east":{"uv":[4,7,11,8],"texture":"#4"},"south":{"uv":[4,7,5,8],"rotation":90,"texture":"#4"},"up":{"uv":[4,7,11,8],"rotation":270,"texture":"#4"},"down":{"uv":[4,7,11,8],"rotation":90,"texture":"#4","cullface":"down"}}},{"from":[7.01545,0,5.8147],"to":[8.01545,1,14.8147],"rotation":{"angle":-22.5,"axis":"y","origin":[10.07611,0.5,11.37536]},"faces":{"north":{"uv":[11,6,12,7],"rotation":90,"texture":"#4"},"east":{"uv":[3,6,12,7],"texture":"#4"},"south":{"uv":[3,6,4,7],"rotation":90,"texture":"#4"},"west":{"uv":[3,6,12,7],"texture":"#4"},"up":{"uv":[3,6,12,7],"rotation":270,"texture":"#4"},"down":{"uv":[3,6,12,7],"rotation":90,"texture":"#4","cullface":"down"}}},{"from":[6.01545,0,8.8147],"to":[7.01545,1,11.8147],"rotation":{"angle":-22.5,"axis":"y","origin":[10.07611,0.5,11.37536]},"faces":{"north":{"uv":[8,5,9,6],"rotation":90,"texture":"#4"},"south":{"uv":[6,5,7,6],"rotation":90,"texture":"#4"},"west":{"uv":[6,5,9,6],"texture":"#4"},"up":{"uv":[6,5,9,6],"rotation":270,"texture":"#4"},"down":{"uv":[6,5,9,6],"rotation":90,"texture":"#4","cullface":"down"}}},{"from":[4,0.05,4],"to":[5,1,5],"faces":{"east":{"uv":[15,15,16,15.95],"texture":"#3"},"south":{"uv":[15,15,16,15.95],"texture":"#3"},"up":{"uv":[15,15,16,16],"texture":"#3"}}},{"from":[3,0,3],"to":[5.5,0.4,6],"faces":{"west":{"uv":[0,0,3,0.4],"texture":"#3"},"up":{"uv":[10,7,12.5,10],"texture":"#1"},"down":{"uv":[1,1,3.5,4],"texture":"#3","cullface":"down"}}},{"from":[3,0,2.55],"to":[5.5,0.75,3],"faces":{"north":{"uv":[0,0,2.5,0.75],"texture":"#3"},"east":{"uv":[0,0,0.45,0.75],"texture":"#3"},"south":{"uv":[0,0,2.5,0.75],"texture":"#3"},"west":{"uv":[0,0,0.45,0.75],"texture":"#3"},"up":{"uv":[0,0,2.5,0.45],"texture":"#3"},"down":{"uv":[0,0,2.5,0.45],"texture":"#3","cullface":"down"}}},{"from":[3,0,6],"to":[5.5,0.75,6.475],"faces":{"north":{"uv":[0,0,2.5,0.75],"texture":"#3"},"east":{"uv":[0,0,0.475,0.75],"texture":"#3"},"south":{"uv":[0,0,2.5,0.75],"texture":"#3"},"west":{"uv":[0,0,0.475,0.75],"texture":"#3"},"up":{"uv":[0,0,2.5,0.475],"texture":"#3"},"down":{"uv":[0,0,2.5,0.475],"texture":"#3","cullface":"down"}}},{"from":[5.5,0,3],"to":[6,0.75,6],"faces":{"north":{"uv":[0,0,0.5,0.75],"texture":"#3"},"east":{"uv":[0,0,3,0.75],"texture":"#3"},"south":{"uv":[0,0,0.5,0.75],"texture":"#3"},"west":{"uv":[0,0,3,0.75],"texture":"#3"},"up":{"uv":[0,0,0.5,3],"texture":"#3"},"down":{"uv":[0,0,0.5,3],"texture":"#3","cullface":"down"}}},{"from":[2.7875,0.2875,3],"to":[3.1875,2.7875,6],"rotation":{"angle":-22.5,"axis":"z","origin":[3,0.2875,4.5]},"faces":{"east":{"uv":[5,6,7.5,9],"rotation":270,"texture":"#1"},"west":{"uv":[3,7,5.5,10],"rotation":270,"texture":"#3"},"down":{"uv":[0,0,3,0.4],"rotation":270,"texture":"#3"}}},{"from":[2.7875,0.2875,2.5],"to":[3.5375,2.7875,3],"rotation":{"angle":-22.5,"axis":"z","origin":[3,0.2875,4.5]},"faces":{"north":{"uv":[0,0,2.5,0.75],"rotation":90,"texture":"#3"},"east":{"uv":[0,0,2.5,0.5],"rotation":270,"texture":"#3"},"south":{"uv":[0,0,2.5,0.75],"rotation":270,"texture":"#3"},"west":{"uv":[0,0,2.5,0.5],"rotation":270,"texture":"#3"},"up":{"uv":[0,0,0.5,0.75],"rotation":270,"texture":"#3"},"down":{"uv":[0,0,0.5,0.75],"rotation":270,"texture":"#3"}}},{"from":[2.7875,0.2875,6],"to":[3.5375,2.7875,6.5],"rotation":{"angle":-22.5,"axis":"z","origin":[3,0.2875,4.5]},"faces":{"north":{"uv":[0,0,2.5,0.75],"rotation":90,"texture":"#3"},"east":{"uv":[0,0,2.5,0.5],"rotation":270,"texture":"#3"},"south":{"uv":[0,0,2.5,0.75],"rotation":270,"texture":"#3"},"west":{"uv":[0,0,2.5,0.5],"rotation":270,"texture":"#3"},"up":{"uv":[0,0,0.5,0.75],"rotation":270,"texture":"#3"},"down":{"uv":[0,0,0.5,0.75],"rotation":270,"texture":"#3"}}},{"from":[2.5375,0.2875,3.25],"to":[2.7875,2.7875,3.75],"rotation":{"angle":-22.5,"axis":"z","origin":[3,0.2875,4.5]},"faces":{"north":{"uv":[0,0,2.5,0.25],"rotation":90,"texture":"#3"},"south":{"uv":[0,0,2.5,0.25],"rotation":270,"texture":"#3"},"west":{"uv":[0,0,2.5,0.5],"rotation":270,"texture":"#3"},"up":{"uv":[0,0,0.5,0.25],"rotation":270,"texture":"#3"},"down":{"uv":[0,0,0.5,0.25],"rotation":270,"texture":"#3"}}},{"from":[2.5375,0.2875,5.25],"to":[2.7875,2.7875,5.75],"rotation":{"angle":-22.5,"axis":"z","origin":[3,0.2875,4.5]},"faces":{"north":{"uv":[0,0,2.5,0.25],"rotation":90,"texture":"#3"},"south":{"uv":[0,0,2.5,0.25],"rotation":270,"texture":"#3"},"west":{"uv":[0,0,2.5,0.5],"rotation":270,"texture":"#3"},"up":{"uv":[0,0,0.5,0.25],"rotation":270,"texture":"#3"},"down":{"uv":[0,0,0.5,0.25],"rotation":270,"texture":"#3"}}},{"from":[2.5375,0.2875,4.25],"to":[2.7875,2.7875,4.75],"rotation":{"angle":-22.5,"axis":"z","origin":[3,0.2875,4.5]},"faces":{"north":{"uv":[0,0,2.5,0.25],"rotation":90,"texture":"#3"},"south":{"uv":[0,0,2.5,0.25],"rotation":270,"texture":"#3"},"west":{"uv":[0,0,2.5,0.5],"rotation":270,"texture":"#3"},"up":{"uv":[0,0,0.5,0.25],"rotation":270,"texture":"#3"},"down":{"uv":[0,0,0.5,0.25],"rotation":270,"texture":"#3"}}},{"from":[2.7875,2.7875,3],"to":[3.5375,3.2875,6],"rotation":{"angle":-22.5,"axis":"z","origin":[3,0.2875,4.5]},"faces":{"north":{"uv":[0,0,0.5,0.75],"rotation":90,"texture":"#3"},"east":{"uv":[0,0,0.5,3],"rotation":270,"texture":"#3"},"south":{"uv":[0,0,0.5,0.75],"rotation":270,"texture":"#3"},"west":{"uv":[0,0,0.5,3],"rotation":270,"texture":"#3"},"up":{"uv":[0,0,3,0.75],"rotation":270,"texture":"#3"},"down":{"uv":[0,0,3,0.75],"rotation":270,"texture":"#3"}}},{"from":[2.5,21,5.5],"to":[4.5,26,7.5],"faces":{"north":{"uv":[0,0.5,1,3],"texture":"#2"},"east":{"uv":[2,0.5,3,3],"texture":"#2"},"south":{"uv":[1,0.5,2,3],"texture":"#2"},"west":{"uv":[3,0.5,4,3],"texture":"#2"},"up":{"uv":[0,3,1,4],"texture":"#2"},"down":{"uv":[1,3,2,4],"texture":"#2"}}},{"from":[2.5,27,2.5],"to":[4.5,32,4.5],"faces":{"north":{"uv":[0,0.5,1,3],"texture":"#2"},"east":{"uv":[2,0.5,3,3],"texture":"#2"},"south":{"uv":[1,0.5,2,3],"texture":"#2"},"west":{"uv":[3,0.5,4,3],"texture":"#2"},"up":{"uv":[0,3,1,4],"texture":"#2"},"down":{"uv":[1,3,2,4],"texture":"#2"}}},{"from":[2.5,23,9.5],"to":[4.5,27,11.5],"faces":{"north":{"uv":[0,1,1,3],"texture":"#2"},"east":{"uv":[2,1,3,3],"texture":"#2"},"south":{"uv":[1,1,2,3],"texture":"#2"},"west":{"uv":[3,1,4,3],"texture":"#2"},"up":{"uv":[0,3,1,4],"texture":"#2"},"down":{"uv":[1,3,2,4],"texture":"#2"}}},{"from":[11.5,23,4.5],"to":[13.5,27,6.5],"faces":{"north":{"uv":[1,1,2,3],"texture":"#2"},"east":{"uv":[3,1,4,3],"texture":"#2"},"south":{"uv":[0,1,1,3],"texture":"#2"},"west":{"uv":[2,1,3,3],"texture":"#2"},"up":{"uv":[0,3,1,4],"rotation":180,"texture":"#2"},"down":{"uv":[1,3,2,4],"rotation":180,"texture":"#2"}}},{"from":[9.5,24,2.5],"to":[11.5,29,4.5],"faces":{"north":{"uv":[1,0.5,2,3],"texture":"#2"},"east":{"uv":[3,0.5,4,3],"texture":"#2"},"south":{"uv":[0,0.5,1,3],"texture":"#2"},"west":{"uv":[2,0.5,3,3],"texture":"#2"},"up":{"uv":[0,3,1,4],"rotation":180,"texture":"#2"},"down":{"uv":[1,3,2,4],"rotation":180,"texture":"#2"}}},{"from":[11.5,27,11.5],"to":[13.5,32,13.5],"faces":{"north":{"uv":[1,0.5,2,3],"texture":"#2"},"east":{"uv":[3,0.5,4,3],"texture":"#2"},"south":{"uv":[0,0.5,1,3],"texture":"#2"},"west":{"uv":[2,0.5,3,3],"texture":"#2"},"up":{"uv":[0,3,1,4],"rotation":180,"texture":"#2"},"down":{"uv":[1,3,2,4],"rotation":180,"texture":"#2"}}},{"from":[8.5,21,11.5],"to":[10.5,25,13.5],"faces":{"north":{"uv":[1,1,2,3],"texture":"#2"},"east":{"uv":[3,1,4,3],"texture":"#2"},"south":{"uv":[0,1,1,3],"texture":"#2"},"west":{"uv":[2,1,3,3],"texture":"#2"},"up":{"uv":[0,3,1,4],"rotation":180,"texture":"#2"},"down":{"uv":[1,3,2,4],"rotation":180,"texture":"#2"}}},{"from":[11.5,21,8.5],"to":[13.5,26,10.5],"faces":{"north":{"uv":[1,0.5,2,3],"texture":"#2"},"east":{"uv":[3,0.5,4,3],"texture":"#2"},"south":{"uv":[0,0.5,1,3],"texture":"#2"},"west":{"uv":[2,0.5,3,3],"texture":"#2"},"up":{"uv":[0,3,1,4],"rotation":180,"texture":"#2"},"down":{"uv":[1,3,2,4],"rotation":180,"texture":"#2"}}},{"from":[0,0,12],"to":[16,32,12],"shade":false,"faces":{"north":{"uv":[16,0,8,16],"texture":"#2"},"south":{"uv":[8,0,16,16],"texture":"#2"}}},{"from":[0,0,4],"to":[16,32,4],"shade":false,"faces":{"north":{"uv":[8,0,16,16],"texture":"#2"},"south":{"uv":[16,0,8,16],"texture":"#2"}}},{"from":[12,0,0],"to":[12,32,16],"shade":false,"faces":{"east":{"uv":[16,0,8,16],"texture":"#2"},"west":{"uv":[8,0,16,16],"texture":"#2"}}},{"from":[4,0,0],"to":[4,32,16],"shade":false,"faces":{"east":{"uv":[8,0,16,16],"texture":"#2"},"west":{"uv":[16,0,8,16],"texture":"#2"}}}]}