{"credit":"Made with Blockbench by Valdr687","texture_size":[32,32],"textures":{"1":"block/shell","2":"block/seagrass","3":"block/star_sea1","particle":"block/seagrass"},"elements":[{"from":[2.5,0,6.5],"to":[2.5,4,9.5],"rotation":{"angle":22.5,"axis":"z","origin":[2.5,2,8]},"faces":{"east":{"uv":[3,10.5,4.5,12.5],"texture":"#2"},"west":{"uv":[3,12.5,4.5,10.5],"rotation":180,"texture":"#2"}}},{"from":[13.5,0,5.5],"to":[13.5,7,10.5],"rotation":{"angle":-22.5,"axis":"z","origin":[13.5,0,7]},"faces":{"east":{"uv":[7,12.5,4.5,16],"texture":"#2"},"west":{"uv":[4.5,12.5,7,16],"texture":"#2"}}},{"from":[8,0,4],"to":[14,4,4],"rotation":{"angle":-45,"axis":"x","origin":[11,0,4]},"faces":{"north":{"uv":[2.5,14,5.5,16],"texture":"#2"},"south":{"uv":[2.5,14,5.5,16],"texture":"#2"}}},{"from":[7,0,12],"to":[14,6,12],"rotation":{"angle":22.5,"axis":"x","origin":[10.5,0,12]},"faces":{"north":{"uv":[2.5,13,6,16],"texture":"#2"},"south":{"uv":[6,13,2.5,16],"texture":"#2"}}},{"from":[1,0,3],"to":[4,6,3],"rotation":{"angle":45,"axis":"y","origin":[2.5,3,3]},"faces":{"north":{"uv":[3,13,4.5,16],"texture":"#2"},"south":{"uv":[3,13,4.5,16],"texture":"#2"}}},{"from":[0.7,0,13],"to":[5.7,6,13],"rotation":{"angle":22.5,"axis":"x","origin":[3.2,0,13]},"faces":{"north":{"uv":[0.75,10,3.25,13],"texture":"#2"},"south":{"uv":[0.75,10,3.25,13],"texture":"#2"}}},{"from":[4.25,0,7.25],"to":[10.25,0.55,11.25],"faces":{"south":{"uv":[5,5,11,5.55],"texture":"#1"},"up":{"uv":[6,11,12,15],"texture":"#3"},"down":{"uv":[5,5,11,9],"rotation":180,"texture":"#1","cullface":"down"}}},{"from":[4.25,0,6.25],"to":[10.25,1,7.25],"faces":{"north":{"uv":[0,0,6,1],"texture":"#1"},"east":{"uv":[0,0,1,1],"texture":"#1"},"south":{"uv":[0,0,6,1],"texture":"#1"},"west":{"uv":[0,0,1,1],"texture":"#1"},"up":{"uv":[0,0,6,1],"texture":"#1"},"down":{"uv":[0,0,6,1],"rotation":180,"texture":"#1","cullface":"down"}}},{"from":[3.25,0,7.25],"to":[4.25,1,11.25],"faces":{"north":{"uv":[0,0,1,1],"texture":"#1"},"east":{"uv":[0,0,4,1],"texture":"#1"},"south":{"uv":[0,0,1,1],"texture":"#1"},"west":{"uv":[0,0,4,1],"texture":"#1"},"up":{"uv":[0,0,4,1],"rotation":270,"texture":"#1"},"down":{"uv":[0,0,4,1],"rotation":90,"texture":"#1","cullface":"down"}}},{"from":[10.25,0,7.25],"to":[11.25,1,11.25],"faces":{"north":{"uv":[0,0,1,1],"texture":"#1"},"east":{"uv":[0,0,4,1],"texture":"#1"},"south":{"uv":[0,0,1,1],"texture":"#1"},"west":{"uv":[0,0,4,1],"texture":"#1"},"up":{"uv":[0,0,4,1],"rotation":270,"texture":"#1"},"down":{"uv":[0,0,4,1],"rotation":90,"texture":"#1","cullface":"down"}}},{"from":[4.25,-0.05,11.45],"to":[10.25,3.95,12],"rotation":{"angle":-22.5,"axis":"x","origin":[9.25,0.2,11]},"faces":{"north":{"uv":[10,8,16,12],"texture":"#3"},"south":{"uv":[0,0,6,4],"texture":"#1"},"down":{"uv":[0,0,6,0.55],"texture":"#1"}}},{"from":[4.25,3.95,11],"to":[10.25,4.95,12],"rotation":{"angle":-22.5,"axis":"x","origin":[9.25,0.2,11]},"faces":{"north":{"uv":[0,0,6,1],"texture":"#1"},"east":{"uv":[0,0,1,1],"rotation":270,"texture":"#1"},"south":{"uv":[0,0,6,1],"texture":"#1"},"west":{"uv":[0,0,1,1],"rotation":90,"texture":"#1"},"up":{"uv":[0,0,6,1],"rotation":180,"texture":"#1"},"down":{"uv":[0,0,6,1],"texture":"#1"}}},{"from":[3.3,-0.05,11],"to":[4.25,3.95,12],"rotation":{"angle":-22.5,"axis":"x","origin":[9.25,0.2,11]},"faces":{"north":{"uv":[0,0,4,0.95],"rotation":270,"texture":"#1"},"east":{"uv":[0,0,4,1],"rotation":270,"texture":"#1"},"south":{"uv":[0,0,4,0.95],"rotation":270,"texture":"#1"},"west":{"uv":[0,0,4,1],"rotation":90,"texture":"#1"},"up":{"uv":[0,0,0.95,1],"rotation":180,"texture":"#1"},"down":{"uv":[0,0,0.95,1],"texture":"#1"}}},{"from":[5.3,-0.05,12],"to":[6.25,3.95,12.5],"rotation":{"angle":-22.5,"axis":"x","origin":[11.25,0.2,11]},"faces":{"east":{"uv":[8,2,12,3],"rotation":270,"texture":"#1"},"south":{"uv":[8,2,12,2.95],"rotation":270,"texture":"#1"},"west":{"uv":[8,2,12,3],"rotation":90,"texture":"#1"},"up":{"uv":[8,2,8.95,3],"rotation":180,"texture":"#1"},"down":{"uv":[8,2,8.95,3],"texture":"#1"}}},{"from":[8.3,-0.05,12],"to":[9.25,3.95,12.5],"rotation":{"angle":-22.5,"axis":"x","origin":[11.25,0.2,11]},"faces":{"east":{"uv":[8,10,12,11],"rotation":270,"texture":"#1"},"south":{"uv":[8,10,12,10.95],"rotation":270,"texture":"#1"},"west":{"uv":[8,10,12,11],"rotation":90,"texture":"#1"},"up":{"uv":[8,10,8.95,11],"rotation":180,"texture":"#1"},"down":{"uv":[8,10,8.95,11],"texture":"#1"}}},{"from":[6.5,0.1,8.5],"to":[8,1.1,10],"faces":{"north":{"uv":[15,15,16,16],"texture":"#1"},"east":{"uv":[15,15,16,16],"texture":"#1"},"south":{"uv":[15,15,16,16],"texture":"#1"},"west":{"uv":[15,15,16,16],"texture":"#1"},"up":{"uv":[15,15,16,16],"texture":"#1"}}},{"from":[10.25,-0.05,11],"to":[11.25,3.95,12],"rotation":{"angle":-22.5,"axis":"x","origin":[9.25,0.2,11]},"faces":{"north":{"uv":[0,0,4,1],"rotation":270,"texture":"#1"},"east":{"uv":[0,0,4,1],"rotation":270,"texture":"#1"},"south":{"uv":[0,0,4,1],"rotation":270,"texture":"#1"},"west":{"uv":[0,0,4,1],"rotation":90,"texture":"#1"},"up":{"uv":[0,0,1,1],"rotation":180,"texture":"#1"},"down":{"uv":[0,0,1,1],"texture":"#1"}}},{"from":[2.5,21,5.5],"to":[4.5,26,7.5],"faces":{"north":{"uv":[0,0.5,1,3],"texture":"#2"},"east":{"uv":[2,0.5,3,3],"texture":"#2"},"south":{"uv":[1,0.5,2,3],"texture":"#2"},"west":{"uv":[3,0.5,4,3],"texture":"#2"},"up":{"uv":[0,3,1,4],"texture":"#2"},"down":{"uv":[1,3,2,4],"texture":"#2"}}},{"from":[2.5,27,2.5],"to":[4.5,32,4.5],"faces":{"north":{"uv":[0,0.5,1,3],"texture":"#2"},"east":{"uv":[2,0.5,3,3],"texture":"#2"},"south":{"uv":[1,0.5,2,3],"texture":"#2"},"west":{"uv":[3,0.5,4,3],"texture":"#2"},"up":{"uv":[0,3,1,4],"texture":"#2"},"down":{"uv":[1,3,2,4],"texture":"#2"}}},{"from":[2.5,23,9.5],"to":[4.5,27,11.5],"faces":{"north":{"uv":[0,1,1,3],"texture":"#2"},"east":{"uv":[2,1,3,3],"texture":"#2"},"south":{"uv":[1,1,2,3],"texture":"#2"},"west":{"uv":[3,1,4,3],"texture":"#2"},"up":{"uv":[0,3,1,4],"texture":"#2"},"down":{"uv":[1,3,2,4],"texture":"#2"}}},{"from":[11.5,23,4.5],"to":[13.5,27,6.5],"faces":{"north":{"uv":[1,1,2,3],"texture":"#2"},"east":{"uv":[3,1,4,3],"texture":"#2"},"south":{"uv":[0,1,1,3],"texture":"#2"},"west":{"uv":[2,1,3,3],"texture":"#2"},"up":{"uv":[0,3,1,4],"rotation":180,"texture":"#2"},"down":{"uv":[1,3,2,4],"rotation":180,"texture":"#2"}}},{"from":[9.5,24,2.5],"to":[11.5,29,4.5],"faces":{"north":{"uv":[1,0.5,2,3],"texture":"#2"},"east":{"uv":[3,0.5,4,3],"texture":"#2"},"south":{"uv":[0,0.5,1,3],"texture":"#2"},"west":{"uv":[2,0.5,3,3],"texture":"#2"},"up":{"uv":[0,3,1,4],"rotation":180,"texture":"#2"},"down":{"uv":[1,3,2,4],"rotation":180,"texture":"#2"}}},{"from":[11.5,27,11.5],"to":[13.5,32,13.5],"faces":{"north":{"uv":[1,0.5,2,3],"texture":"#2"},"east":{"uv":[3,0.5,4,3],"texture":"#2"},"south":{"uv":[0,0.5,1,3],"texture":"#2"},"west":{"uv":[2,0.5,3,3],"texture":"#2"},"up":{"uv":[0,3,1,4],"rotation":180,"texture":"#2"},"down":{"uv":[1,3,2,4],"rotation":180,"texture":"#2"}}},{"from":[8.5,21,11.5],"to":[10.5,25,13.5],"faces":{"north":{"uv":[1,1,2,3],"texture":"#2"},"east":{"uv":[3,1,4,3],"texture":"#2"},"south":{"uv":[0,1,1,3],"texture":"#2"},"west":{"uv":[2,1,3,3],"texture":"#2"},"up":{"uv":[0,3,1,4],"rotation":180,"texture":"#2"},"down":{"uv":[1,3,2,4],"rotation":180,"texture":"#2"}}},{"from":[11.5,21,8.5],"to":[13.5,26,10.5],"faces":{"north":{"uv":[1,0.5,2,3],"texture":"#2"},"east":{"uv":[3,0.5,4,3],"texture":"#2"},"south":{"uv":[0,0.5,1,3],"texture":"#2"},"west":{"uv":[2,0.5,3,3],"texture":"#2"},"up":{"uv":[0,3,1,4],"rotation":180,"texture":"#2"},"down":{"uv":[1,3,2,4],"rotation":180,"texture":"#2"}}},{"from":[0,0,12],"to":[16,32,12],"shade":false,"faces":{"north":{"uv":[16,0,8,16],"texture":"#2"},"south":{"uv":[8,0,16,16],"texture":"#2"}}},{"from":[0,0,4],"to":[16,32,4],"shade":false,"faces":{"north":{"uv":[8,0,16,16],"texture":"#2"},"south":{"uv":[16,0,8,16],"texture":"#2"}}},{"from":[12,0,0],"to":[12,32,16],"shade":false,"faces":{"east":{"uv":[16,0,8,16],"texture":"#2"},"west":{"uv":[8,0,16,16],"texture":"#2"}}},{"from":[4,0,0],"to":[4,32,16],"shade":false,"faces":{"east":{"uv":[8,0,16,16],"texture":"#2"},"west":{"uv":[16,0,8,16],"texture":"#2"}}}]}