{"credit":"Made with Blockbench by Valdr687","texture_size":[32,32],"textures":{"1":"block/anchor","particle":"block/seagrass"},"elements":[{"from":[2.5,0,6.5],"to":[2.5,4,9.5],"rotation":{"angle":22.5,"axis":"z","origin":[2.5,2,8]},"faces":{"east":{"uv":[3,10.5,4.5,12.5],"texture":"#particle"},"west":{"uv":[3,12.5,4.5,10.5],"rotation":180,"texture":"#particle"}}},{"from":[13.5,0,5.5],"to":[13.5,7,10.5],"rotation":{"angle":-22.5,"axis":"z","origin":[13.5,0,7]},"faces":{"east":{"uv":[5.5,12.5,3,16],"texture":"#particle"},"west":{"uv":[3,12.5,5.5,16],"texture":"#particle"}}},{"from":[8,0,4],"to":[14,4,4],"rotation":{"angle":-45,"axis":"x","origin":[11,0,4]},"faces":{"north":{"uv":[2,14,5,16],"texture":"#particle"},"south":{"uv":[2,14,5,16],"texture":"#particle"}}},{"from":[7,0,13],"to":[14,6,13],"rotation":{"angle":22.5,"axis":"y","origin":[10.5,3,12]},"faces":{"north":{"uv":[1,10,4.5,13],"texture":"#particle"},"south":{"uv":[4.5,10,1,13],"texture":"#particle"}}},{"from":[1,0,3],"to":[6,8,3],"rotation":{"angle":45,"axis":"y","origin":[2.5,3,3]},"faces":{"north":{"uv":[6,11.5,8.5,15.5],"texture":"#particle"},"south":{"uv":[6,11.5,8.5,15.5],"texture":"#particle"}}},{"from":[0.7,0,13],"to":[5.7,6,13],"rotation":{"angle":22.5,"axis":"x","origin":[3.2,0,13]},"faces":{"north":{"uv":[4.5,13,7,16],"texture":"#particle"},"south":{"uv":[4.5,13,7,16],"texture":"#particle"}}},{"from":[4.075,11,8],"to":[6.075,11.7,9],"rotation":{"angle":22.5,"axis":"z","origin":[5.35979,5.35,8.5]},"faces":{"north":{"uv":[15,2,15.5,2.35],"texture":"#1"},"south":{"uv":[15,2,15.5,2.35],"texture":"#1"},"down":{"uv":[15,3,17,4],"texture":"#1"}}},{"from":[4.275,11.7,8],"to":[5.9,11.95,9],"rotation":{"angle":22.5,"axis":"z","origin":[5.35979,5.35,8.5]},"faces":{"north":{"uv":[14.75,2.375,15.15625,2.25],"texture":"#1"},"east":{"uv":[15.75,2.5,16,2.625],"texture":"#1"},"south":{"uv":[14.75,2.375,15.15625,2.25],"texture":"#1"},"west":{"uv":[14.75,2.375,15,2.25],"texture":"#1"},"up":{"uv":[13.75,3.5,15.375,4.5],"texture":"#1"}}},{"from":[3.775,-1.325,8],"to":[6.3,-0.925,9],"rotation":{"angle":22.5,"axis":"z","origin":[5.35979,5.35,8.5]},"faces":{"north":{"uv":[12.75,6,13.38125,6.2],"texture":"#1"},"east":{"uv":[13.75,6,14,6.2],"texture":"#1"},"south":{"uv":[12.75,6,13.38125,6.2],"texture":"#1"},"west":{"uv":[12.75,6,13,6.2],"texture":"#1"},"down":{"uv":[12.75,7,15.275,8],"texture":"#1"}}},{"from":[3.775,8.675,8],"to":[6.3,9.15,9],"rotation":{"angle":22.5,"axis":"z","origin":[5.35979,5.35,8.5]},"faces":{"north":{"uv":[13.25,4.2125,13.88125,3.975],"texture":"#1"},"east":{"uv":[14.25,4,14.5,4.2375],"texture":"#1"},"south":{"uv":[13.25,4.2125,13.88125,3.975],"texture":"#1"},"west":{"uv":[13.25,4.2125,13.5,3.975],"texture":"#1"},"up":{"uv":[13.25,5,15.775,6],"texture":"#1"},"down":{"uv":[13.25,5,15.775,6],"texture":"#1"}}},{"from":[3.03564,-0.53387,8.025],"to":[6.03564,0.46613,8.975],"faces":{"north":{"uv":[15,6,15.75,6.5],"texture":"#1"},"south":{"uv":[15,6,15.75,6.5],"texture":"#1"},"west":{"uv":[14.6875,6,14.45,6.5],"texture":"#1"},"up":{"uv":[12,7,15,7.95],"texture":"#1"},"down":{"uv":[15,7,18,7.95],"texture":"#1"}}},{"from":[3.59563,-0.94809,8],"to":[5.59563,0.05191,9],"rotation":{"angle":-22.5,"axis":"z","origin":[5.35979,5.35,8.5]},"faces":{"north":{"uv":[13,6.5,13.5,7],"texture":"#1"},"east":{"uv":[14.25,4.5,14.5,5],"texture":"#1"},"south":{"uv":[13,6.5,13.5,7],"texture":"#1"},"west":{"uv":[13.5,6.5,13.75,7],"texture":"#1"},"up":{"uv":[13,7.5,15,8.5],"texture":"#1"},"down":{"uv":[13,7.5,15,8.5],"texture":"#1"}}},{"from":[7.45377,1.37159,8.1],"to":[9.45377,2.37159,8.925],"rotation":{"angle":22.5,"axis":"z","origin":[9.4853,2.12591,8.5]},"faces":{"north":{"uv":[13.5,5.5,14,6],"texture":"#1"},"east":{"uv":[13,4.5,13.20625,5],"texture":"#1"},"south":{"uv":[13.5,5.5,14,6],"texture":"#1"},"up":{"uv":[13.5,6.5,15.5,7.325],"texture":"#1"},"down":{"uv":[13.5,6.5,15.5,7.325],"texture":"#1"}}},{"from":[9.03564,1.46613,8.025],"to":[12.03564,2.46613,8.975],"rotation":{"angle":45,"axis":"z","origin":[9.4853,2.12591,8.5]},"faces":{"north":{"uv":[13.75,5,14.5,5.5],"texture":"#1"},"east":{"uv":[14.75,3.5,14.9875,4],"texture":"#1"},"south":{"uv":[13.75,4.5,14.5,5],"texture":"#1"},"west":{"uv":[13.75,5,13.9875,5.5],"texture":"#1"},"up":{"uv":[8.75,5,11.75,5.95],"texture":"#1"},"down":{"uv":[14.75,6,17.75,6.95],"texture":"#1"}}},{"from":[8.1384,2.43389,7.975],"to":[9.6384,3.43389,9.025],"rotation":{"angle":-22.5,"axis":"z","origin":[5.35979,5.35,8.5]},"faces":{"north":{"uv":[14.25,4,14.5,4.75],"rotation":90,"texture":"#1"},"east":{"uv":[14.25,4,14.5,4.525],"rotation":270,"texture":"#1"},"south":{"uv":[14.25,4,14.5,4.75],"rotation":270,"texture":"#1"},"west":{"uv":[14.25,4,14.5,4.525],"rotation":270,"texture":"#1"},"up":{"uv":[14.25,5,15.3,6.5],"rotation":270,"texture":"#1"},"down":{"uv":[14.25,5,15.3,6.5],"rotation":270,"texture":"#1"}}},{"from":[7.76922,-0.36835,7.975],"to":[8.76922,1.13165,9.025],"faces":{"north":{"uv":[15.25,5,15.5,5.75],"texture":"#1"},"east":{"uv":[15.25,5,15.5125,5.75],"texture":"#1"},"south":{"uv":[12.75,4,13,4.75],"texture":"#1"},"west":{"uv":[15.25,5,15.5125,5.75],"texture":"#1"},"up":{"uv":[15.25,6,16.25,7.05],"texture":"#1"},"down":{"uv":[15.25,6,16.25,7.05],"texture":"#1"}}},{"from":[6.87063,0.56257,7.975],"to":[7.87063,2.06257,9.025],"rotation":{"angle":-22.5,"axis":"z","origin":[5.35979,5.35,8.5]},"faces":{"north":{"uv":[14.75,1.5,15,2.25],"rotation":180,"texture":"#1"},"east":{"uv":[14.75,1.5,15.0125,2.25],"rotation":180,"texture":"#1"},"south":{"uv":[13.75,3,14,3.75],"rotation":180,"texture":"#1"},"west":{"uv":[14.25,3,14.5125,3.75],"rotation":180,"texture":"#1"},"up":{"uv":[14.75,2.5,15.75,3.55],"rotation":180,"texture":"#1"},"down":{"uv":[14.75,2.5,15.75,3.55],"rotation":180,"texture":"#1"}}},{"from":[1.32518,-0.18866,7.975],"to":[2.32518,1.31134,9.025],"rotation":{"angle":45,"axis":"z","origin":[5.35979,5.35,8.5]},"faces":{"north":{"uv":[15.5,3.5,15.75,4.25],"rotation":180,"texture":"#1"},"east":{"uv":[15.5,3.5,15.7625,4.25],"rotation":180,"texture":"#1"},"south":{"uv":[13,2,13.375,2.5],"rotation":270,"texture":"#1"},"west":{"uv":[15.5,3.5,15.7625,4.25],"rotation":180,"texture":"#1"},"up":{"uv":[15.5,4.5,16.5,5.55],"rotation":180,"texture":"#1"},"down":{"uv":[15.5,4.5,16.5,5.55],"rotation":180,"texture":"#1"}}},{"from":[1.03198,9.4446,7.975],"to":[2.53198,10.3946,9.025],"rotation":{"angle":-22.5,"axis":"z","origin":[5.35979,5.35,8.5]},"faces":{"north":{"uv":[12.75,3,12.9875,3.75],"rotation":90,"texture":"#1"},"east":{"uv":[12.75,3,12.9875,3.525],"rotation":270,"texture":"#1"},"south":{"uv":[12.75,3,12.9875,3.75],"rotation":270,"texture":"#1"},"west":{"uv":[12.75,3,12.9875,3.525],"rotation":270,"texture":"#1"},"up":{"uv":[12.75,4,13.8,5.5],"rotation":270,"texture":"#1"},"down":{"uv":[12.75,4,13.8,5.5],"rotation":270,"texture":"#1"}}},{"from":[5.15202,9.05014,7.975],"to":[6.15202,10.55014,9.025],"rotation":{"angle":45,"axis":"z","origin":[5.35979,5.35,8.5]},"faces":{"north":{"uv":[13.5,3,13.75,3.75],"rotation":180,"texture":"#1"},"east":{"uv":[13.5,3,13.7625,3.75],"rotation":180,"texture":"#1"},"south":{"uv":[13.5,3,13.875,3.5],"rotation":270,"texture":"#1"},"west":{"uv":[13.5,3,13.7625,3.75],"rotation":180,"texture":"#1"},"up":{"uv":[13.5,4,14.5,5.05],"rotation":180,"texture":"#1"},"down":{"uv":[13.5,4,14.5,5.05],"rotation":180,"texture":"#1"}}},{"from":[3.97534,8.80483,7.975],"to":[4.97534,10.30483,9.025],"faces":{"north":{"uv":[14.25,3,14.5,3.75],"rotation":180,"texture":"#1"},"east":{"uv":[14.25,3,14.5125,3.75],"rotation":180,"texture":"#1"},"south":{"uv":[14.25,3,14.625,3.5],"rotation":270,"texture":"#1"},"west":{"uv":[14.25,3,14.5125,3.75],"rotation":180,"texture":"#1"},"up":{"uv":[14.25,4,15.25,5.05],"rotation":180,"texture":"#1"},"down":{"uv":[14.25,4,15.25,5.05],"rotation":180,"texture":"#1"}}},{"from":[-0.09437,7.7397,7.975],"to":[0.90563,9.2397,9.025],"rotation":{"angle":-22.5,"axis":"z","origin":[5.35979,5.35,8.5]},"faces":{"north":{"uv":[14.75,2.5,15,3.25],"rotation":180,"texture":"#1"},"east":{"uv":[14.75,2.5,15.0125,3.25],"rotation":180,"texture":"#1"},"south":{"uv":[14.75,2.5,15,3.25],"rotation":180,"texture":"#1"},"west":{"uv":[14.75,2.5,15.0125,3.25],"rotation":180,"texture":"#1"},"up":{"uv":[14.75,3.5,15.75,4.55],"rotation":180,"texture":"#1"},"down":{"uv":[14.75,3.5,15.75,4.55],"rotation":180,"texture":"#1"}}},{"from":[2,6,8],"to":[4,7,9],"rotation":{"angle":22.5,"axis":"z","origin":[5.35979,5.35,8.5]},"faces":{"north":{"uv":[14.25,2.5,14.75,3],"texture":"#1"},"south":{"uv":[14.25,2.5,14.75,3],"texture":"#1"},"west":{"uv":[14.25,2.5,14.5,3],"texture":"#1"},"up":{"uv":[13.25,3.5,15.25,4.5],"texture":"#1"},"down":{"uv":[14.25,3.5,16.25,4.5],"texture":"#1"}}},{"from":[6,6,8],"to":[8,7,9],"rotation":{"angle":22.5,"axis":"z","origin":[5.35979,5.35,8.5]},"faces":{"north":{"uv":[14.25,4,14.75,4.5],"texture":"#1"},"east":{"uv":[15,4,14.75,4.5],"texture":"#1"},"south":{"uv":[14.25,4,14.75,4.5],"texture":"#1"},"up":{"uv":[13.25,5,15.25,6],"texture":"#1"},"down":{"uv":[14.25,5,16.25,6],"texture":"#1"}}},{"from":[4,-1,8],"to":[6,0,9],"rotation":{"angle":22.5,"axis":"z","origin":[5.35979,5.35,8.5]},"faces":{"north":{"uv":[15.25,3,15.75,3.5],"texture":"#1"},"south":{"uv":[12.75,6,13.25,6.5],"texture":"#1"}}},{"from":[3,0,8],"to":[7,1,9],"rotation":{"angle":22.5,"axis":"z","origin":[5.35979,5.35,8.5]},"faces":{"north":{"uv":[12.5,3.5,13.5,4],"texture":"#1"},"east":{"uv":[15.5,3.5,15.75,4],"texture":"#1"},"south":{"uv":[12.5,3.5,13.5,4],"texture":"#1"},"west":{"uv":[12.5,3.5,12.75,4],"texture":"#1"},"up":{"uv":[12.5,4.5,16.5,5.5],"texture":"#1"},"down":{"uv":[12.5,4.5,16.5,5.5],"texture":"#1"}}},{"from":[4,1,8],"to":[6,8.675,9],"rotation":{"angle":22.5,"axis":"z","origin":[5.35979,5.35,8.5]},"faces":{"north":{"uv":[7.5,2.5,9.5,10.175],"texture":"#1"},"east":{"uv":[7.5,2.5,8.5,10.175],"texture":"#1"},"south":{"uv":[7.5,2.5,9.5,10.175],"texture":"#1"},"west":{"uv":[7.5,2.5,8.5,10.175],"texture":"#1"}}},{"from":[3.2,10,8],"to":[4.2,10.9,9],"rotation":{"angle":22.5,"axis":"z","origin":[5.35979,5.35,8.5]},"faces":{"north":{"uv":[13.5,2,13.75,2.45],"texture":"#1"},"east":{"uv":[13.5,2,13.75,2.45],"texture":"#1"},"south":{"uv":[13.5,2,13.75,2.45],"texture":"#1"},"west":{"uv":[13.5,2,13.75,2.45],"texture":"#1"},"down":{"uv":[13.5,4,14.5,5],"texture":"#1"}}},{"from":[5.9,10.05,8],"to":[6.9,10.95,9],"rotation":{"angle":22.5,"axis":"z","origin":[5.35979,5.35,8.5]},"faces":{"north":{"uv":[13.5,2,13.75,2.45],"texture":"#1"},"east":{"uv":[13.5,2,13.75,2.45],"texture":"#1"},"south":{"uv":[13.5,2,13.75,2.45],"texture":"#1"},"west":{"uv":[13.5,2,13.75,2.45],"texture":"#1"},"up":{"uv":[13.5,3,14.5,4],"texture":"#1"},"down":{"uv":[13.5,4,14.5,5],"texture":"#1"}}},{"from":[2.5,21,5.5],"to":[4.5,26,7.5],"faces":{"north":{"uv":[0,0.5,1,3],"texture":"#particle"},"east":{"uv":[2,0.5,3,3],"texture":"#particle"},"south":{"uv":[1,0.5,2,3],"texture":"#particle"},"west":{"uv":[3,0.5,4,3],"texture":"#particle"},"up":{"uv":[0,3,1,4],"texture":"#particle"},"down":{"uv":[1,3,2,4],"texture":"#particle"}}},{"from":[2.5,27,2.5],"to":[4.5,32,4.5],"faces":{"north":{"uv":[0,0.5,1,3],"texture":"#particle"},"east":{"uv":[2,0.5,3,3],"texture":"#particle"},"south":{"uv":[1,0.5,2,3],"texture":"#particle"},"west":{"uv":[3,0.5,4,3],"texture":"#particle"},"up":{"uv":[0,3,1,4],"texture":"#particle"},"down":{"uv":[1,3,2,4],"texture":"#particle"}}},{"from":[2.5,23,9.5],"to":[4.5,27,11.5],"faces":{"north":{"uv":[0,1,1,3],"texture":"#particle"},"east":{"uv":[2,1,3,3],"texture":"#particle"},"south":{"uv":[1,1,2,3],"texture":"#particle"},"west":{"uv":[3,1,4,3],"texture":"#particle"},"up":{"uv":[0,3,1,4],"texture":"#particle"},"down":{"uv":[1,3,2,4],"texture":"#particle"}}},{"from":[11.5,23,4.5],"to":[13.5,27,6.5],"faces":{"north":{"uv":[1,1,2,3],"texture":"#particle"},"east":{"uv":[3,1,4,3],"texture":"#particle"},"south":{"uv":[0,1,1,3],"texture":"#particle"},"west":{"uv":[2,1,3,3],"texture":"#particle"},"up":{"uv":[0,3,1,4],"rotation":180,"texture":"#particle"},"down":{"uv":[1,3,2,4],"rotation":180,"texture":"#particle"}}},{"from":[9.5,24,2.5],"to":[11.5,29,4.5],"faces":{"north":{"uv":[1,0.5,2,3],"texture":"#particle"},"east":{"uv":[3,0.5,4,3],"texture":"#particle"},"south":{"uv":[0,0.5,1,3],"texture":"#particle"},"west":{"uv":[2,0.5,3,3],"texture":"#particle"},"up":{"uv":[0,3,1,4],"rotation":180,"texture":"#particle"},"down":{"uv":[1,3,2,4],"rotation":180,"texture":"#particle"}}},{"from":[11.5,27,11.5],"to":[13.5,32,13.5],"faces":{"north":{"uv":[1,0.5,2,3],"texture":"#particle"},"east":{"uv":[3,0.5,4,3],"texture":"#particle"},"south":{"uv":[0,0.5,1,3],"texture":"#particle"},"west":{"uv":[2,0.5,3,3],"texture":"#particle"},"up":{"uv":[0,3,1,4],"rotation":180,"texture":"#particle"},"down":{"uv":[1,3,2,4],"rotation":180,"texture":"#particle"}}},{"from":[8.5,21,11.5],"to":[10.5,25,13.5],"faces":{"north":{"uv":[1,1,2,3],"texture":"#particle"},"east":{"uv":[3,1,4,3],"texture":"#particle"},"south":{"uv":[0,1,1,3],"texture":"#particle"},"west":{"uv":[2,1,3,3],"texture":"#particle"},"up":{"uv":[0,3,1,4],"rotation":180,"texture":"#particle"},"down":{"uv":[1,3,2,4],"rotation":180,"texture":"#particle"}}},{"from":[11.5,21,8.5],"to":[13.5,26,10.5],"faces":{"north":{"uv":[1,0.5,2,3],"texture":"#particle"},"east":{"uv":[3,0.5,4,3],"texture":"#particle"},"south":{"uv":[0,0.5,1,3],"texture":"#particle"},"west":{"uv":[2,0.5,3,3],"texture":"#particle"},"up":{"uv":[0,3,1,4],"rotation":180,"texture":"#particle"},"down":{"uv":[1,3,2,4],"rotation":180,"texture":"#particle"}}},{"from":[0,0,12],"to":[16,32,12],"shade":false,"faces":{"north":{"uv":[16,0,8,16],"texture":"#particle"},"east":{"uv":[0,0,0,0],"texture":"#particle"},"south":{"uv":[8,0,16,16],"texture":"#particle"},"west":{"uv":[0,0,0,0],"texture":"#particle"},"up":{"uv":[0,0,0,0],"texture":"#particle"},"down":{"uv":[0,0,0,0],"texture":"#particle"}}},{"from":[0,0,4],"to":[16,32,4],"shade":false,"faces":{"north":{"uv":[8,0,16,16],"texture":"#particle"},"east":{"uv":[0,0,0,0],"texture":"#particle"},"south":{"uv":[16,0,8,16],"texture":"#particle"},"west":{"uv":[0,0,0,0],"texture":"#particle"},"up":{"uv":[0,0,0,0],"texture":"#particle"},"down":{"uv":[0,0,0,0],"texture":"#particle"}}},{"from":[12,0,0],"to":[12,32,16],"shade":false,"faces":{"north":{"uv":[0,0,0,0],"texture":"#particle"},"east":{"uv":[16,0,8,16],"texture":"#particle"},"south":{"uv":[0,0,0,0],"texture":"#particle"},"west":{"uv":[8,0,16,16],"texture":"#particle"},"up":{"uv":[0,0,0,0],"texture":"#particle"},"down":{"uv":[0,0,0,0],"texture":"#particle"}}},{"from":[4,0,0],"to":[4,32,16],"shade":false,"faces":{"north":{"uv":[0,0,0,0],"texture":"#particle"},"east":{"uv":[8,0,16,16],"texture":"#particle"},"south":{"uv":[0,0,0,0],"texture":"#particle"},"west":{"uv":[16,0,8,16],"texture":"#particle"},"up":{"uv":[0,0,0,0],"texture":"#particle"},"down":{"uv":[0,0,0,0],"texture":"#particle"}}}]}